Collected date [YYYY-MM-DD],Collection site,Iron [µg/L],Censored flag [true/false],Detection limit [µg/L],Results (raw)
2024-01-05,3005300102,129.0,false,3,129
2024-01-05,3005702502,250.0,false,3,250
2024-01-05,3005703002,360.0,false,3,360
2024-01-10,19006404502,196.0,false,6,196
2024-01-10,19006400102,105.0,false,3,105
2024-01-10,19006400402,411.0,false,3,411
2024-01-10,19006401420,91.2,false,3,91.2
2024-01-16,16018403502,83.8,false,3,83.8
2024-01-17,6007605102,59.7,false,3,59.7
2024-01-17,6007601802,104.0,false,3,104
2024-01-17,6007600502,174.0,false,3,174
2024-01-17,6007600802,167.0,false,3,167
2024-01-17,6007600302,295.0,false,15,295
2024-01-17,6007601002,297.0,false,3,297
2024-01-17,6007601602,213.0,false,3,213
2024-01-17,6007601502,43.8,false,3,43.8
2024-01-17,6006800102,30.0,true,60,<60
2024-01-17,6007602302,158.0,false,6,158
2024-01-17,6007601702,561.0,false,3,561
2024-01-17,6007600402,409.0,false,3,409
2024-01-17,6007600602,196.0,false,15,196
2024-01-17,6007605202,139.0,false,3,139
2024-01-17,6007602202,77.1,false,3,77.1
2024-01-22,6010400102,215.0,false,15,215
2024-01-23,6009701102,258.0,false,3,258
2024-01-24,6008000602,525.0,false,60,525
2024-01-24,6008200302,635.0,false,60,635
2024-01-24,8002202402,1630.0,false,3,1630
2024-01-25,6008301902,651.0,false,30,651
2024-01-25,6008501402,991.0,false,30,991
2024-01-26,8002202402,2010.0,false,3,2010
2024-02-04,3007701302,153.0,false,3,153
2024-02-04,3007600502,204.0,false,3,204
2024-02-04,3007000502,133.0,false,3,133
2024-02-04,3006600102,98.6,false,3,98.6
2024-02-04,3007000402,132.0,false,3,132
2024-02-04,17002103802,89.2,false,3,89.2
2024-02-04,17002105202,154.0,false,3,154
2024-02-04,3007300202,110.0,false,3,110
2024-02-04,17002100802,65.0,false,3,65
2024-02-04,3007500202,100.0,false,3,100
2024-02-04,3007600402,83.4,false,3,83.4
2024-02-04,3007600302,90.5,false,3,90.5
2024-02-04,3007600602,106.0,false,3,106
2024-02-04,3007300302,109.0,false,3,109
2024-02-04,17002114002,134.0,false,3,134
2024-02-04,17002107702,69.7,false,3,69.7
2024-02-04,3007000302,72.6,false,3,72.6
2024-02-05,3005703102,376.0,false,3,376
2024-02-05,3005702802,124.0,false,3,124
2024-02-05,3005700702,203.0,false,3,203
2024-02-07,3007701302,38.8,false,3,38.8
2024-02-07,3007300302,229.0,false,3,229
2024-02-07,3007600502,287.0,false,3,287
2024-02-07,16018401002,76.0,false,3,76
2024-02-07,16018409302,1020.0,false,3,1020
2024-02-07,16018402702,133.0,false,3,133
2024-02-07,3007000302,109.0,false,3,109
2024-02-07,3007000402,201.0,false,3,201
2024-02-07,3006600102,128.0,false,3,128
2024-02-07,3007600602,118.0,false,3,118
2024-02-07,3007600402,84.1,false,3,84.1
2024-02-07,3007000502,159.0,false,3,159
2024-02-07,3007300202,235.0,false,3,235
2024-02-07,3007500202,105.0,false,3,105
2024-02-07,3007600302,114.0,false,3,114
2024-02-07,8012303002,185.0,false,3,185
2024-02-07,8010300102,267.0,false,3,267
2024-02-10,19004400102,296.0,false,3,296
2024-02-10,19004300402,72.7,false,3,72.7
2024-02-13,17002600902,473.0,false,3,473
2024-02-13,14002802802,748.0,false,3,748
2024-02-21,6007601002,87.8,false,3,87.8
2024-02-21,6007600602,273.0,false,15,273
2024-02-21,6007600402,178.0,false,6,178
2024-02-21,6007600502,220.0,false,3,220
2024-02-21,6006800102,30.0,true,60,<60
2024-02-21,6007605002,122.0,false,6,122
2024-02-21,6007602302,246.0,false,9,246
2024-02-21,6007602202,404.0,false,3,404
2024-02-21,6007600802,165.0,false,3,165
2024-02-21,6007600302,108.0,false,3,108
2024-02-21,6007605202,142.0,false,3,142
2024-02-21,6007601702,131.0,false,3,131
2024-02-21,6007601802,81.2,false,3,81.2
2024-02-21,6007605102,39.9,false,3,39.9
2024-02-21,6007601602,169.0,false,15,169
2024-02-21,6007601502,43.3,false,3,43.3
2024-02-26,6010400102,260.0,false,3,260
2024-02-27,16018403502,123.0,false,3,123
2024-02-27,6009701102,142.0,false,9,142
2024-02-27,9000800702,95.3,false,3,95.3
2024-02-27,9000800602,149.0,false,3,149
2024-02-27,9000800502,77.1,false,3,77.1
2024-02-28,6008000602,1960.0,false,3,1960
2024-02-28,6008200302,3530.0,false,9,3530
2024-02-28,6005000202,818.0,false,3,818
2024-02-28,9000100402,1070.0,false,3,1070
2024-02-28,9000100502,884.0,false,3,884
2024-02-29,6008301902,2510.0,false,3,2510
2024-02-29,6008501402,497.0,false,15,497
2024-03-04,18607008002,147.0,false,3,147
2024-03-04,18607002002,187.0,false,3,187
2024-03-04,6005900102,287.0,false,9,287
2024-03-04,9000902402,215.0,false,3,215
2024-03-04,6006301102,697.0,false,3,697
2024-03-04,6006000702,134.0,false,3,134
2024-03-04,6006300102,181.0,false,3,181
2024-03-04,18607006002,290.0,false,3,290
2024-03-04,6006301202,436.0,false,3,436
2024-03-04,6006100302,355.0,false,6,355
2024-03-04,6006000802,276.0,false,3,276
2024-03-04,18000036002,258.0,false,3,258
2024-03-06,3013301502,471.0,false,3,471
2024-03-06,3013301902,574.0,false,3,574
2024-03-06,3013301302,604.0,false,3,604
2024-03-06,3013303002,608.0,false,3,608
2024-03-06,3013304002,376.0,false,3,376
2024-03-07,3013301902,1530.0,false,3,1530
2024-03-07,3013301502,1630.0,false,3,1630
2024-03-07,3013304002,613.0,false,3,613
2024-03-07,3013301302,1050.0,false,3,1050
2024-03-07,3013303002,553.0,false,3,553
2024-03-07,8012305102,213.0,false,3,213
2024-03-09,3007600502,212.0,false,3,212
2024-03-09,16018409302,825.0,false,3,825
2024-03-09,8010300102,259.0,false,3,259
2024-03-09,8012303002,204.0,false,3,204
2024-03-09,3007600402,104.0,false,3,104
2024-03-09,3007600302,102.0,false,3,102
2024-03-09,6006301102,183.0,false,3,183
2024-03-09,6006000702,112.0,false,3,112
2024-03-09,16018401002,63.8,false,3,63.8
2024-03-09,3007600602,106.0,false,3,106
2024-03-09,6006100302,100.0,false,3,100
2024-03-09,3007300202,221.0,false,3,221
2024-03-09,6006301202,40.2,false,3,40.2
2024-03-09,3006600102,126.0,false,3,126
2024-03-09,3007000502,161.0,false,3,161
2024-03-09,3007300302,188.0,false,3,188
2024-03-09,3007000302,165.0,false,3,165
2024-03-09,3007500202,88.1,false,3,88.1
2024-03-09,3007701302,16.1,false,3,16.1
2024-03-09,3007000402,261.0,false,3,261
2024-03-09,6006300102,52.4,false,3,52.4
2024-03-09,9000902402,52.5,false,3,52.5
2024-03-09,6005900102,53.1,false,3,53.1
2024-03-09,16018402702,110.0,false,3,110
2024-03-09,6006000802,134.0,false,3,134
2024-03-10,19004300502,199.0,false,3,199
2024-03-18,3003601002,81.3,false,3,81.3
2024-03-18,3001700202,53.5,false,3,53.5
2024-03-18,3001600302,62.8,false,3,62.8
2024-03-18,4001304402,97.1,false,3,97.1
2024-03-18,4001304102,67.5,false,3,67.5
2024-03-18,3003000202,80.2,false,3,80.2
2024-03-18,4001306402,42.5,false,3,42.5
2024-03-18,4001301702,131.0,false,3,131
2024-03-18,8013500502,204.0,false,3,204
2024-03-18,8013500602,34.4,false,3,34.4
2024-03-18,3003600902,28.7,false,3,28.7
2024-03-18,4001302502,359.0,false,3,359
2024-03-18,3003600502,56.4,false,3,56.4
2024-03-18,3001500202,129.0,false,3,129
2024-03-18,8013500302,156.0,false,3,156
2024-03-18,4001301602,516.0,false,3,516
2024-03-18,6010400102,254.0,false,3,254
2024-03-18,11000100702,948.0,false,3,948
2024-03-18,11000100502,337.0,false,3,337
2024-03-18,11000101302,739.0,false,3,739
2024-03-18,16018403502,477.0,false,3,477
2024-03-18,11000101202,786.0,false,3,786
2024-03-19,6002400102,334.0,false,3,334
2024-03-19,8002202402,180.0,false,3,180
2024-03-19,4001306302,504.0,false,3,504
2024-03-19,8002100202,385.0,false,3,385
2024-03-19,6009701102,167.0,false,3,167
2024-03-19,6002400902,218.0,false,3,218
2024-03-19,6003800102,327.0,false,3,327
2024-03-19,8002201902,162.0,false,3,162
2024-03-19,4001304702,293.0,false,3,293
2024-03-19,8002201602,90.2,false,3,90.2
2024-03-19,4001302902,371.0,false,3,371
2024-03-19,8002201202,378.0,false,3,378
2024-03-19,8004000802,70.6,false,3,70.6
2024-03-20,6007601702,115.0,false,3,115
2024-03-20,6007605202,115.0,false,3,115
2024-03-20,6007600302,106.0,false,3,106
2024-03-20,6007601602,182.0,false,9,182
2024-03-20,6007605002,109.0,false,3,109
2024-03-20,6008200302,133.0,false,30,133
2024-03-20,6008000602,164.0,false,15,164
2024-03-20,6007600802,103.0,false,3,103
2024-03-20,6007600502,118.0,false,3,118
2024-03-20,6007600602,170.0,false,9,170
2024-03-20,6007602202,68.1,false,3,68.1
2024-03-20,6007601802,61.0,false,3,61
2024-03-20,6007602302,120.0,false,9,120
2024-03-20,6007601002,128.0,false,3,128
2024-03-20,6007601502,58.0,false,3,58
2024-03-20,6007600402,62.7,false,3,62.7
2024-03-20,6006800102,76.9,false,30,76.9
2024-03-20,6007605102,41.2,false,3,41.2
2024-03-21,6008501402,248.0,false,15,248
2024-03-21,6008301902,330.0,false,3,330
2024-03-25,6018300202,44.0,false,3,44
2024-03-25,6018000302,22.0,false,3,22
2024-03-25,6018000202,13.2,false,3,13.2
2024-03-25,6001701002,58.3,false,3,58.3
2024-03-25,12000200402,221.0,false,3,221
2024-03-25,6001700102,102.0,false,3,102
2024-03-25,6000300102,228.0,false,3,228
2024-03-25,6001700702,136.0,false,3,136
2024-03-25,12000201002,138.0,false,3,138
2024-03-25,17003700302,102.0,false,3,102
2024-03-25,6001701102,116.0,false,3,116
2024-03-25,18207015002,191.0,false,3,191
2024-03-26,12002700102,195.0,false,3,195
2024-03-26,12003400102,151.0,false,3,151
2024-03-26,12000400202,66.0,false,3,66
2024-03-26,12003100102,117.0,false,3,117
2024-03-26,12001700102,44.3,false,3,44.3
2024-03-26,5000600202,837.0,false,3,837
2024-03-27,18207006002,44.8,false,3,44.8
2024-03-27,17002600902,210.0,false,3,210
2024-03-27,18207002002,539.0,false,3,539
2024-03-27,18207000702,161.0,false,3,161
2024-03-27,18207010002,287.0,false,3,287
2024-03-27,18207014502,138.0,false,3,138
2024-03-27,18207000802,1990.0,false,3,1990
2024-04-04,3013301302,406.0,false,3,406
2024-04-04,3013301902,627.0,false,3,627
2024-04-04,16018403402,99.2,false,3,99.2
2024-04-04,3013301502,553.0,false,3,553
2024-04-04,3013303002,431.0,false,3,431
2024-04-04,3013304002,300.0,false,3,300
2024-04-04,16018403602,130.0,false,3,130
2024-04-06,3007600602,137.0,false,3,137
2024-04-06,19004000102,326.0,false,3,326
2024-04-06,3007000502,179.0,false,3,179
2024-04-06,3007000402,147.0,false,3,147
2024-04-06,3007000302,151.0,false,3,151
2024-04-06,8012305102,146.0,false,3,146
2024-04-06,3007300302,215.0,false,3,215
2024-04-06,3007300202,176.0,false,3,176
2024-04-06,3006600102,72.2,false,3,72.2
2024-04-06,19004300102,247.0,false,3,247
2024-04-06,3007701302,33.4,false,3,33.4
2024-04-06,3007600402,93.0,false,3,93
2024-04-06,3007600302,99.7,false,3,99.7
2024-04-06,3007600502,267.0,false,3,267
2024-04-06,3007500202,78.4,false,3,78.4
2024-04-07,18000036002,255.0,false,3,255
2024-04-07,8012305302,19.9,false,3,19.9
2024-04-07,18607006002,285.0,false,3,285
2024-04-07,18607002002,192.0,false,3,192
2024-04-07,18607008002,169.0,false,3,169
2024-04-09,17000800202,199.0,false,3,199
2024-04-09,8012305102,171.0,false,3,171
2024-04-10,19004300102,273.0,false,3,273
2024-04-10,19000103602,405.0,false,3,405
2024-04-10,19004000102,248.0,false,3,248
2024-04-15,4001306402,50.6,false,3,50.6
2024-04-15,6010400802,154.0,false,3,154
2024-04-15,17003700302,166.0,false,3,166
2024-04-15,6010400102,432.0,false,3,432
2024-04-15,6018000202,18.2,false,3,18.2
2024-04-15,6018000302,56.8,false,3,56.8
2024-04-15,6018300202,82.4,false,3,82.4
2024-04-15,6009701802,272.0,false,3,272
2024-04-15,3001600302,249.0,false,3,249
2024-04-15,17000800202,274.0,false,3,274
2024-04-15,3003600502,120.0,false,3,120
2024-04-15,3001700202,123.0,false,3,123
2024-04-15,12000200402,334.0,false,3,334
2024-04-15,16018401602,114.0,false,3,114
2024-04-15,4001302502,329.0,false,3,329
2024-04-15,8013500302,401.0,false,3,401
2024-04-15,8013500602,62.6,false,3,62.6
2024-04-15,4001301702,243.0,false,3,243
2024-04-15,4001304102,70.5,false,3,70.5
2024-04-15,3003600902,72.5,false,3,72.5
2024-04-15,16018411702,143.0,false,3,143
2024-04-15,3003000202,197.0,false,3,197
2024-04-15,3003601002,241.0,false,3,241
2024-04-15,12000201002,49.8,false,3,49.8
2024-04-15,4001304402,136.0,false,3,136
2024-04-15,8013500502,413.0,false,3,413
2024-04-15,16018401202,233.0,false,3,233
2024-04-15,16018401502,172.0,false,3,172
2024-04-15,4001301602,228.0,false,3,228
2024-04-15,3001500202,341.0,false,3,341
2024-04-16,6008000702,475.0,false,3,475
2024-04-16,4001302902,410.0,false,3,410
2024-04-16,6011700302,115.0,false,3,115
2024-04-16,6013300402,158.0,false,3,158
2024-04-16,6011700202,60.6,false,3,60.6
2024-04-16,6013000102,122.0,false,3,122
2024-04-16,11000101202,674.0,false,3,674
2024-04-16,11000100702,1340.0,false,3,1340
2024-04-16,11000100502,966.0,false,3,966
2024-04-16,6013300502,145.0,false,3,145
2024-04-16,6009701102,361.0,false,3,361
2024-04-16,8002201202,401.0,false,3,401
2024-04-16,16003200202,411.0,false,3,411
2024-04-16,8002201902,160.0,false,3,160
2024-04-16,1010700402,1090.0,false,3,1090
2024-04-16,4001306302,475.0,false,3,475
2024-04-16,16002700102,454.0,false,3,454
2024-04-16,8002201602,119.0,false,3,119
2024-04-16,1010600202,727.0,false,3,727
2024-04-16,1010500102,476.0,false,3,476
2024-04-16,1010400202,364.0,false,3,364
2024-04-16,1010700202,747.0,false,3,747
2024-04-16,1010800102,818.0,false,3,818
2024-04-16,8002202402,226.0,false,3,226
2024-04-16,10000100302,432.0,false,6,432
2024-04-16,10000200202,873.0,false,3,873
2024-04-16,11000101302,1420.0,false,3,1420
2024-04-16,1010800602,878.0,false,3,878
2024-04-16,18003303602,88.9,false,3,88.9
2024-04-16,8002100202,437.0,false,3,437
2024-04-16,4001304702,273.0,false,3,273
2024-04-16,12002700102,268.0,false,3,268
2024-04-16,12003400102,98.3,false,3,98.3
2024-04-16,16001800302,467.0,false,3,467
2024-04-16,12003100102,134.0,false,3,134
2024-04-16,16003200102,693.0,false,3,693
2024-04-16,12000400202,53.2,false,3,53.2
2024-04-16,12001700102,130.0,false,3,130
2024-04-16,16003000302,511.0,false,3,511
2024-04-16,8004000802,78.6,false,3,78.6
2024-04-17,6007601802,116.0,false,3,116
2024-04-17,6007605202,142.0,false,3,142
2024-04-17,4001000302,394.0,false,3,394
2024-04-17,6007601702,165.0,false,3,165
2024-04-17,6007602302,149.0,false,3,149
2024-04-17,6007601602,227.0,false,3,227
2024-04-17,6007602202,106.0,false,3,106
2024-04-17,6007600502,139.0,false,3,139
2024-04-17,6007605002,329.0,false,3,329
2024-04-17,6007600802,171.0,false,3,171
2024-04-17,6002400902,497.0,false,3,497
2024-04-17,17002600202,197.0,false,3,197
2024-04-17,6007601502,44.0,false,3,44
2024-04-17,6007605102,93.5,false,3,93.5
2024-04-17,17002600302,156.0,false,3,156
2024-04-17,17002600702,124.0,false,3,124
2024-04-17,17002600402,155.0,false,3,155
2024-04-17,17003500402,120.0,false,3,120
2024-04-17,6006800102,121.0,false,9,121
2024-04-17,6002400102,711.0,false,3,711
2024-04-17,17002602302,36.8,false,3,36.8
2024-04-17,6003800102,622.0,false,3,622
2024-04-17,6007600302,178.0,false,3,178
2024-04-17,17002601902,123.0,false,3,123
2024-04-17,6007600402,118.0,false,3,118
2024-04-17,6008000602,423.0,false,3,423
2024-04-17,6007600602,189.0,false,15,189
2024-04-17,17002601302,135.0,false,3,135
2024-04-17,17002602502,238.0,false,3,238
2024-04-17,6008200302,363.0,false,9,363
2024-04-17,17002600102,213.0,false,3,213
2024-04-17,17002600902,208.0,false,3,208
2024-04-17,17002601101,81.2,false,3,81.2
2024-04-17,17002601202,66.8,false,3,66.8
2024-04-17,6007601002,179.0,false,3,179
2024-04-17,17003100102,120.0,false,3,120
2024-04-17,17003500202,138.0,false,3,138
2024-04-17,17002600602,156.0,false,3,156
2024-04-18,6008301902,822.0,false,3,822
2024-04-18,6008310402,287.0,false,3,287
2024-04-18,6008310302,566.0,false,3,566
2024-04-18,6008301802,399.0,false,3,399
2024-04-18,6008300902,590.0,false,3,590
2024-04-18,6008501402,935.0,false,3,935
2024-04-22,6000300102,464.0,false,3,464
2024-04-22,18349002002,79.3,false,3,79.3
2024-04-22,6001700702,219.0,false,3,219
2024-04-22,6001701102,106.0,false,3,106
2024-04-22,12007300802,188.0,false,3,188
2024-04-22,18369001002,196.0,false,3,196
2024-04-22,6001700102,122.0,false,3,122
2024-04-22,3007702102,172.0,false,3,172
2024-04-22,3007702802,130.0,false,3,130
2024-04-22,3007700702,150.0,false,3,150
2024-04-22,3007703602,46.7,false,3,46.7
2024-04-22,18207010002,294.0,false,3,294
2024-04-22,18207015002,185.0,false,3,185
2024-04-22,3007702902,175.0,false,3,175
2024-04-22,3007703502,166.0,false,3,166
2024-04-22,18343003002,63.2,false,3,63.2
2024-04-22,18337012102,158.0,false,3,158
2024-04-22,18207014502,161.0,false,3,161
2024-04-22,18207016002,157.0,false,3,157
2024-04-22,16018403502,354.0,false,3,354
2024-04-22,3007700202,163.0,false,3,163
2024-04-22,18000017002,211.0,false,3,211
2024-04-22,3007704102,68.3,false,3,68.3
2024-04-22,3007704002,114.0,false,3,114
2024-04-22,18343000202,75.8,false,3,75.8
2024-04-22,3007703902,255.0,false,3,255
2024-04-22,3007703802,187.0,false,3,187
2024-04-22,3007703402,146.0,false,3,146
2024-04-22,16008700502,196.0,false,3,196
2024-04-22,16008701502,220.0,false,3,220
2024-04-22,16008700602,419.0,false,3,419
2024-04-22,6001701002,105.0,false,3,105
2024-04-22,16008701002,318.0,false,3,318
2024-04-22,12008600402,29.0,false,3,29
2024-04-22,17002109502,57.3,false,3,57.3
2024-04-22,17002108602,117.0,false,3,117
2024-04-22,17002109202,146.0,false,3,146
2024-04-22,17002114502,94.5,false,3,94.5
2024-04-22,12008000302,374.0,false,3,374
2024-04-22,4001308302,287.0,false,3,287
2024-04-22,12007301502,128.0,false,3,128
2024-04-22,12008601102,43.6,false,3,43.6
2024-04-22,12008600202,119.0,false,3,119
2024-04-22,12008600102,142.0,false,3,142
2024-04-22,12007301102,148.0,false,3,148
2024-04-22,16007200102,351.0,false,3,351
2024-04-22,4002700902,647.0,false,3,647
2024-04-22,4002701702,370.0,false,3,370
2024-04-22,4002700802,501.0,false,3,501
2024-04-22,12007300302,194.0,false,3,194
2024-04-22,17002100302,59.5,false,3,59.5
2024-04-23,9000800702,159.0,false,3,159
2024-04-23,6005000202,420.0,false,3,420
2024-04-23,9000100502,60.9,false,6,60.9
2024-04-23,9000100402,79.4,false,6,79.4
2024-04-23,4001303302,261.0,false,3,261
2024-04-23,4001308202,358.0,false,3,358
2024-04-23,18343000102,64.3,false,3,64.3
2024-04-23,9000800502,143.0,false,3,143
2024-04-23,18343023002,41.5,false,3,41.5
2024-04-23,9000800602,143.0,false,3,143
2024-04-23,18343061002,20.3,false,3,20.3
2024-04-23,18343052002,45.9,false,3,45.9
2024-04-23,18207006002,145.0,false,3,145
2024-04-23,18207002002,546.0,false,3,546
2024-04-23,18207000802,1520.0,false,3,1520
2024-04-23,18207000702,396.0,false,3,396
2024-04-23,5000600202,826.0,false,3,826
2024-05-06,6006100302,75.4,false,3,75.4
2024-05-06,18000036002,228.0,false,3,228
2024-05-06,18607008002,119.0,false,3,119
2024-05-06,6006301202,70.8,false,3,70.8
2024-05-06,6006000802,101.0,false,3,101
2024-05-06,6006300102,80.0,false,3,80
2024-05-06,18607006002,205.0,false,3,205
2024-05-06,9000902402,273.0,false,3,273
2024-05-06,6005900102,96.0,false,3,96
2024-05-06,6006000702,111.0,false,3,111
2024-05-06,6006301102,160.0,false,3,160
2024-05-06,8012305302,19.1,false,3,19.1
2024-05-06,18607002002,122.0,false,3,122
2024-05-06,19004400102,244.0,false,3,244
2024-05-11,19006400402,770.0,false,30,770
2024-05-11,19006400102,239.0,false,30,239
2024-05-11,19006404502,388.0,false,30,388
2024-05-11,19006401420,162.0,false,30,162
2024-05-13,4001301602,117.0,false,3,117
2024-05-13,16003000302,597.0,false,3,597
2024-05-13,4001302502,147.0,false,3,147
2024-05-13,4001304402,37.3,false,3,37.3
2024-05-13,4001306402,64.0,false,3,64
2024-05-13,16003200102,460.0,false,3,460
2024-05-13,16003200202,563.0,false,3,563
2024-05-13,3007000402,201.0,false,3,201
2024-05-13,16018401202,48.6,false,3,48.6
2024-05-13,3007600502,263.0,false,3,263
2024-05-13,3007600602,105.0,false,3,105
2024-05-13,4001304102,50.0,false,3,50
2024-05-13,3007000502,191.0,false,3,191
2024-05-13,3007600402,84.7,false,3,84.7
2024-05-13,16002700102,461.0,false,3,461
2024-05-13,16001800302,780.0,false,3,780
2024-05-13,3007000302,124.0,false,3,124
2024-05-13,6010800102,130.0,false,3,130
2024-05-13,3007300302,125.0,false,3,125
2024-05-13,4001301702,307.0,false,3,307
2024-05-13,3007300202,129.0,false,3,129
2024-05-13,17002114002,95.2,false,3,95.2
2024-05-13,17002103802,221.0,false,3,221
2024-05-13,10000100302,445.0,false,3,445
2024-05-13,3006600102,108.0,false,3,108
2024-05-13,3007600302,118.0,false,3,118
2024-05-13,17002100802,47.5,false,3,47.5
2024-05-13,3007701302,73.0,false,3,73
2024-05-13,16018401502,57.7,false,3,57.7
2024-05-13,3007500202,91.0,false,3,91
2024-05-13,16018411702,149.0,false,6,149
2024-05-13,16018401602,121.0,false,3,121
2024-05-13,17002107702,65.4,false,3,65.4
2024-05-14,8005600902,101.0,false,3,101
2024-05-14,17002105202,83.7,false,3,83.7
2024-05-14,8005600202,274.0,false,3,274
2024-05-14,17002106702,22.2,false,3,22.2
2024-05-14,17002106502,42.2,false,3,42.2
2024-05-14,16018401002,50.4,false,3,50.4
2024-05-14,17002100702,105.0,false,3,105
2024-05-14,8005600102,28.3,false,3,28.3
2024-05-14,8005600302,74.9,false,3,74.9
2024-05-14,4001000302,749.0,false,3,749
2024-05-14,8005603902,42.1,false,3,42.1
2024-05-14,4001304702,87.0,false,3,87
2024-05-14,6011200302,167.0,false,3,167
2024-05-14,16018402702,66.1,false,3,66.1
2024-05-14,16018409302,600.0,false,3,600
2024-05-14,6011100802,98.2,false,3,98.2
2024-05-14,6011600102,59.5,false,3,59.5
2024-05-14,4001302902,417.0,false,3,417
2024-05-14,17002114102,62.6,false,3,62.6
2024-05-14,4001306302,406.0,false,3,406
2024-05-15,12007301102,191.0,false,3,191
2024-05-15,17002113702,84.5,false,3,84.5
2024-05-15,17002111902,102.0,false,3,102
2024-05-15,17002107502,255.0,false,3,255
2024-05-15,12008000302,328.0,false,3,328
2024-05-15,12008600102,271.0,false,3,271
2024-05-15,12007300302,181.0,false,3,181
2024-05-15,12007300802,256.0,false,3,256
2024-05-15,17002104102,81.5,false,3,81.5
2024-05-15,17002113602,221.0,false,3,221
2024-05-15,17002113002,39.1,false,3,39.1
2024-05-15,12007301502,169.0,false,3,169
2024-05-15,12008601102,75.9,false,3,75.9
2024-05-15,17002102102,22.7,false,3,22.7
2024-05-15,17002107402,33.0,false,3,33
2024-05-15,17002105402,32.7,false,3,32.7
2024-05-15,17002102302,69.2,false,3,69.2
2024-05-15,12008600202,218.0,false,3,218
2024-05-15,17002102502,47.6,false,3,47.6
2024-05-15,12008600402,55.5,false,3,55.5
2024-05-16,13001100102,339.0,false,3,339
2024-05-16,13001100202,206.0,false,3,206
2024-05-16,13001101002,85.5,false,3,85.5
2024-05-16,13000300102,613.0,false,3,613
2024-05-16,13000800102,268.0,false,3,268
2024-05-21,16007200102,509.0,false,3,509
2024-05-21,16016400102,363.0,false,3,363
2024-05-21,16015900302,337.0,false,3,337
2024-05-21,6012900102,86.3,false,3,86.3
2024-05-21,6011700302,57.3,false,3,57.3
2024-05-21,6013000102,116.0,false,3,116
2024-05-21,6011700202,37.3,false,3,37.3
2024-05-21,6013300402,89.8,false,3,89.8
2024-05-21,16010900802,262.0,false,3,262
2024-05-21,16012401102,295.0,false,3,295
2024-05-21,4001308302,646.0,false,3,646
2024-05-21,11000101302,1960.0,false,3,1960
2024-05-21,11000100702,1330.0,false,3,1330
2024-05-21,12002700102,311.0,false,3,311
2024-05-21,12000400202,18.6,false,3,18.6
2024-05-21,12003100102,288.0,false,3,288
2024-05-21,1010700402,711.0,false,3,711
2024-05-21,1010600202,533.0,false,3,533
2024-05-21,12001700102,77.0,false,3,77
2024-05-21,1010500102,255.0,false,3,255
2024-05-21,12003400102,752.0,false,3,752
2024-05-21,18003303402,134.0,false,3,134
2024-05-21,8002202402,287.0,false,3,287
2024-05-21,8002201902,234.0,false,3,234
2024-05-21,8002100202,208.0,false,3,208
2024-05-21,8004000802,32.9,false,3,32.9
2024-05-21,8002201202,329.0,false,3,329
2024-05-21,1010400202,252.0,false,3,252
2024-05-21,1010700202,297.0,false,3,297
2024-05-21,1010800602,779.0,false,3,779
2024-05-21,3005300102,107.0,false,3,107
2024-05-21,3005703002,479.0,false,3,479
2024-05-21,3005702502,475.0,false,3,475
2024-05-21,11000100502,76.0,false,3,76
2024-05-21,18003303602,206.0,false,3,206
2024-05-21,8002201602,76.2,false,3,76.2
2024-05-21,18003303502,105.0,false,3,105
2024-05-21,18003300302,194.0,false,3,194
2024-05-21,18003300802,157.0,false,3,157
2024-05-21,11000101202,345.0,false,3,345
2024-05-21,1010800102,470.0,false,3,470
2024-05-22,6007601002,118.0,false,3,118
2024-05-22,4001308202,263.0,false,3,263
2024-05-22,6002400102,248.0,false,3,248
2024-05-22,6002400902,152.0,false,3,152
2024-05-22,4001303302,377.0,false,3,377
2024-05-22,6007601502,86.3,false,3,86.3
2024-05-22,6007600402,153.0,false,3,153
2024-05-22,6007601702,124.0,false,3,124
2024-05-22,6007605002,160.0,false,3,160
2024-05-22,16018403502,358.0,false,3,358
2024-05-22,6007602302,238.0,false,3,238
2024-05-22,6007602202,172.0,false,3,172
2024-05-22,6006800102,41.4,false,15,41.4
2024-05-22,6007600802,290.0,false,3,290
2024-05-22,6007600602,247.0,false,6,247
2024-05-22,6007600502,325.0,false,3,325
2024-05-22,6007605102,119.0,false,3,119
2024-05-22,6018300202,612.0,false,3,612
2024-05-22,17003700302,300.0,false,3,300
2024-05-22,6007601802,168.0,false,3,168
2024-05-22,6007600302,111.0,false,3,111
2024-05-22,6007601602,195.0,false,3,195
2024-05-22,17002113902,40.8,false,3,40.8
2024-05-22,17002113802,887.0,false,3,887
2024-05-22,6007605202,283.0,false,3,283
2024-05-22,6003800102,87.5,false,6,87.5
2024-05-22,12000201002,84.0,false,3,84
2024-05-22,6018000302,83.0,false,3,83
2024-05-22,6018000202,29.2,false,3,29.2
2024-05-22,12000200402,277.0,false,3,277
2024-05-23,3005703102,1550.0,false,3,1550
2024-05-23,3005702802,300.0,false,3,300
2024-05-23,3005700702,400.0,false,3,400
2024-05-27,6001700102,145.0,false,3,145
2024-05-27,8013500602,31.6,false,3,31.6
2024-05-27,18343000202,126.0,false,3,126
2024-05-27,18000017002,173.0,false,3,173
2024-05-27,4002700802,657.0,false,3,657
2024-05-27,3001700202,174.0,false,3,174
2024-05-27,3001500202,303.0,false,3,303
2024-05-27,3003000202,99.9,false,3,99.9
2024-05-27,3003600502,119.0,false,3,119
2024-05-27,18369001002,159.0,false,3,159
2024-05-27,6000300102,322.0,false,3,322
2024-05-27,6001701002,523.0,false,3,523
2024-05-27,3003601002,54.5,false,3,54.5
2024-05-27,3001600302,143.0,false,3,143
2024-05-27,6001701102,741.0,false,3,741
2024-05-27,8013500302,129.0,false,3,129
2024-05-27,3007703402,752.0,false,3,752
2024-05-27,16008700502,1250.0,false,3,1250
2024-05-27,3003600902,37.3,false,3,37.3
2024-05-27,3007703902,922.0,false,3,922
2024-05-27,6001700702,427.0,false,3,427
2024-05-27,3007702102,973.0,false,3,973
2024-05-27,6010400102,885.0,false,3,885
2024-05-27,3007702902,1010.0,false,3,1010
2024-05-27,6010400802,2080.0,false,3,2080
2024-05-27,18337012102,166.0,false,3,166
2024-05-27,4002700902,1050.0,false,3,1050
2024-05-27,18343003002,92.7,false,3,92.7
2024-05-27,16008700602,776.0,false,3,776
2024-05-27,3007700202,182.0,false,3,182
2024-05-27,16008701002,2180.0,false,3,2180
2024-05-27,4002701702,609.0,false,3,609
2024-05-27,8013500502,203.0,false,3,203
2024-05-27,3007703802,127.0,false,3,127
2024-05-27,3007702802,677.0,false,3,677
2024-05-27,3007703602,120.0,false,3,120
2024-05-27,3007704102,268.0,false,3,268
2024-05-27,18349002002,55.7,false,3,55.7
2024-05-27,3007704002,234.0,false,3,234
2024-05-27,3007703502,1790.0,false,3,1790
2024-05-27,3007700702,740.0,false,3,740
2024-05-27,16008701502,844.0,false,3,844
2024-05-27,6009701802,300.0,false,3,300
2024-05-28,18343023002,33.2,false,3,33.2
2024-05-28,17002104602,209.0,false,3,209
2024-05-28,17002115702,136.0,false,3,136
2024-05-28,18343061002,29.5,false,3,29.5
2024-05-28,18343052002,99.6,false,3,99.6
2024-05-28,18343000102,240.0,false,3,240
2024-05-28,17002112802,297.0,false,3,297
2024-05-28,17002107102,245.0,false,3,245
2024-05-28,9000800502,360.0,false,3,360
2024-05-28,17002105702,34.4,false,3,34.4
2024-05-28,17002115602,172.0,false,3,172
2024-05-28,5000600202,465.0,false,3,465
2024-05-28,19006400402,417.0,false,3,417
2024-05-28,19006404502,125.0,false,3,125
2024-05-28,19006401420,137.0,false,3,137
2024-05-28,19006400102,149.0,false,3,149
2024-05-28,6005000202,135.0,false,3,135
2024-05-28,17002109502,124.0,false,3,124
2024-05-28,17002109202,214.0,false,3,214
2024-05-28,17002111802,43.2,false,3,43.2
2024-05-28,17002100302,55.4,false,3,55.4
2024-05-28,17002108602,500.0,false,3,500
2024-05-28,18207010002,207.0,false,3,207
2024-05-28,18207015002,693.0,false,3,693
2024-05-28,9000800602,487.0,false,3,487
2024-05-28,9000800702,443.0,false,3,443
2024-05-28,17002153802,41.5,false,3,41.5
2024-05-28,9000100402,258.0,false,6,258
2024-05-28,17002113302,153.0,false,3,153
2024-05-28,6009701102,821.0,false,3,821
2024-05-28,6008000702,981.0,false,3,981
2024-05-28,17002114502,386.0,false,3,386
2024-05-28,9000100502,251.0,false,3,251
2024-05-29,6008200302,406.0,false,3,406
2024-05-29,6008000602,383.0,false,3,383
2024-05-29,18207000802,1570.0,false,3,1570
2024-05-29,18207002002,601.0,false,3,601
2024-05-29,17003500402,108.0,false,3,108
2024-05-29,17003500202,114.0,false,3,114
2024-05-29,17003100102,147.0,false,3,147
2024-05-30,6008310402,294.0,false,3,294
2024-05-30,6008501402,424.0,false,3,424
2024-05-30,6008301902,733.0,false,3,733
2024-05-30,6008301802,1050.0,false,3,1050
2024-05-30,6008300902,485.0,false,3,485
2024-05-30,6008310302,531.0,false,3,531
2024-06-03,6006000802,261.0,false,3,261
2024-06-03,6006100302,62.6,false,6,62.6
2024-06-03,6006301202,67.3,false,3,67.3
2024-06-03,6006301102,250.0,false,3,250
2024-06-03,6006300102,140.0,false,3,140
2024-06-03,6005900102,54.9,false,15,54.9
2024-06-03,9000902402,82.8,false,3,82.8
2024-06-03,6006000702,97.4,false,3,97.4
2024-06-05,16018403402,59.7,false,3,59.7
2024-06-05,8010300102,158.0,false,3,158
2024-06-05,8012303002,144.0,false,3,144
2024-06-05,16018403602,66.0,false,3,66
2024-06-05,17000800202,515.0,false,3,515
2024-06-08,3007300302,270.0,false,3,270
2024-06-08,3006600102,134.0,false,3,134
2024-06-08,3007000302,817.0,false,3,817
2024-06-08,3007600502,179.0,false,3,179
2024-06-08,3007701302,30.6,false,3,30.6
2024-06-08,3007300202,210.0,false,3,210
2024-06-08,3007000402,207.0,false,3,207
2024-06-08,3007600302,99.9,false,3,99.9
2024-06-08,3007600402,85.9,false,3,85.9
2024-06-08,8012303002,1.5,true,3,<3
2024-06-08,8010300102,19.5,false,3,19.5
2024-06-08,3007500202,93.1,false,3,93.1
2024-06-08,3007000502,175.0,false,3,175
2024-06-08,3007600602,96.6,false,3,96.6
2024-06-13,16018401202,37.2,false,3,37.2
2024-06-13,16018401602,144.0,false,3,144
2024-06-13,17002103802,107.0,false,3,107
2024-06-13,17002106702,30.8,false,3,30.8
2024-06-13,17002114102,69.5,false,3,69.5
2024-06-13,17002106502,30.1,false,3,30.1
2024-06-13,17002100702,99.8,false,3,99.8
2024-06-13,16018401502,38.8,false,3,38.8
2024-06-13,16018411702,110.0,false,15,110
2024-06-17,4001304102,55.4,false,3,55.4
2024-06-17,4001301702,843.0,false,3,843
2024-06-17,16008701502,302.0,false,3,302
2024-06-17,4001304402,30.4,false,3,30.4
2024-06-17,3001500202,230.0,false,3,230
2024-06-17,8013500502,146.0,false,3,146
2024-06-17,17002113902,983.0,false,3,983
2024-06-17,17002113802,42.7,false,3,42.7
2024-06-17,3003600902,33.7,false,3,33.7
2024-06-17,3003000202,96.5,false,3,96.5
2024-06-17,3001600302,107.0,false,3,107
2024-06-17,6018000302,70.5,false,3,70.5
2024-06-17,6018300202,377.0,false,3,377
2024-06-17,17003700302,204.0,false,3,204
2024-06-17,12000200402,127.0,false,3,127
2024-06-17,12000201002,125.0,false,3,125
2024-06-17,6018000202,79.3,false,3,79.3
2024-06-17,16008700502,372.0,false,3,372
2024-06-17,6009701802,225.0,false,3,225
2024-06-17,6010400802,214.0,false,3,214
2024-06-17,6010400102,146.0,false,3,146
2024-06-17,18003303602,258.0,false,3,258
2024-06-17,18003300802,124.0,false,3,124
2024-06-17,18003303402,107.0,false,3,107
2024-06-17,18003303502,41.9,false,3,41.9
2024-06-17,18003300302,124.0,false,3,124
2024-06-17,8013500302,137.0,false,3,137
2024-06-17,3001700202,77.4,false,3,77.4
2024-06-17,3003601002,169.0,false,3,169
2024-06-17,8013500602,39.5,false,3,39.5
2024-06-17,3003600502,127.0,false,3,127
2024-06-17,16008701002,457.0,false,3,457
2024-06-17,16008700602,368.0,false,3,368
2024-06-17,17002109502,76.6,false,3,76.6
2024-06-17,17002109202,303.0,false,3,303
2024-06-17,4001302502,68.9,false,3,68.9
2024-06-17,4001306402,158.0,false,3,158
2024-06-17,17002100302,43.2,false,3,43.2
2024-06-17,17002114502,335.0,false,3,335
2024-06-17,4001301602,149.0,false,3,149
2024-06-17,17002108602,478.0,false,3,478
2024-06-18,6012900102,82.7,false,3,82.7
2024-06-18,12000400202,32.3,false,3,32.3
2024-06-18,12003100102,930.0,false,3,930
2024-06-18,4001306302,325.0,false,3,325
2024-06-18,4001302902,344.0,false,3,344
2024-06-18,12001700102,42.8,false,3,42.8
2024-06-18,12002700102,337.0,false,3,337
2024-06-18,6010800102,189.0,false,3,189
2024-06-18,12003400102,275.0,false,3,275
2024-06-18,6008000702,97.5,false,6,97.5
2024-06-18,1010700402,844.0,false,3,844
2024-06-18,6011700302,102.0,false,3,102
2024-06-18,8002201602,21.6,false,3,21.6
2024-06-18,1010500102,242.0,false,3,242
2024-06-18,8002202402,208.0,false,3,208
2024-06-18,8004000802,37.0,false,3,37
2024-06-18,8002201902,427.0,false,3,427
2024-06-18,8002100202,158.0,false,3,158
2024-06-18,8005600902,84.6,false,3,84.6
2024-06-18,8002201202,331.0,false,3,331
2024-06-18,6011100802,97.3,false,3,97.3
2024-06-18,6011600102,225.0,false,3,225
2024-06-18,6009701102,89.3,false,3,89.3
2024-06-18,1010800102,414.0,false,3,414
2024-06-18,6011200302,228.0,false,3,228
2024-06-18,8007600102,115.0,false,3,115
2024-06-18,8005600102,18.3,false,3,18.3
2024-06-18,6013300402,69.4,false,3,69.4
2024-06-18,4001308302,262.0,false,3,262
2024-06-18,6011700202,2010.0,false,3,2010
2024-06-18,6013000102,67.5,false,3,67.5
2024-06-18,1010600202,620.0,false,3,620
2024-06-18,4001304702,41.3,false,3,41.3
2024-06-18,1010800602,659.0,false,3,659
2024-06-18,1010400202,271.0,false,3,271
2024-06-18,8005600202,40.7,false,3,40.7
2024-06-18,8005600302,69.5,false,3,69.5
2024-06-18,8005603902,232.0,false,3,232
2024-06-18,16007200102,431.0,false,3,431
2024-06-18,1010700202,380.0,false,3,380
2024-06-19,6007601802,150.0,false,3,150
2024-06-19,6007600602,178.0,false,3,178
2024-06-19,6007601702,67.0,false,3,67
2024-06-19,6007602202,68.4,false,3,68.4
2024-06-19,6007600802,291.0,false,3,291
2024-06-19,6007605102,79.1,false,3,79.1
2024-06-19,6007602302,205.0,false,3,205
2024-06-19,6007601502,39.7,false,3,39.7
2024-06-19,6007601602,171.0,false,6,171
2024-06-19,6008200302,108.0,false,9,108
2024-06-19,6007600302,65.1,false,3,65.1
2024-06-19,6007600502,405.0,false,3,405
2024-06-19,6008000602,132.0,false,9,132
2024-06-19,6007605202,231.0,false,3,231
2024-06-19,6007600402,61.3,false,3,61.3
2024-06-19,4001308202,64.8,false,3,64.8
2024-06-19,6007605002,66.8,false,3,66.8
2024-06-19,4001303302,265.0,false,3,265
2024-06-19,6006800102,67.6,false,15,67.6
2024-06-19,6007601002,79.3,false,3,79.3
2024-06-20,6008310302,655.0,false,3,655
2024-06-20,6008310402,210.0,false,3,210
2024-06-20,6008301902,160.0,false,3,160
2024-06-20,6008300902,325.0,false,3,325
2024-06-20,6008301802,137.0,false,3,137
2024-06-24,6001701002,342.0,false,3,342
2024-06-24,3007700702,291.0,false,3,291
2024-06-24,3007703902,508.0,false,3,508
2024-06-24,3007703602,206.0,false,3,206
2024-06-24,17002107102,271.0,false,3,271
2024-06-24,18000017002,202.0,false,3,202
2024-06-24,3007702802,255.0,false,3,255
2024-06-24,6001700102,168.0,false,3,168
2024-06-24,3005702502,454.0,false,3,454
2024-06-24,3007702902,508.0,false,3,508
2024-06-24,6001701102,74.3,false,6,74.3
2024-06-24,18343000202,222.0,false,3,222
2024-06-24,17002602302,36.8,false,3,36.8
2024-06-24,17002600602,279.0,false,3,279
2024-06-24,17002600202,96.0,false,3,96
2024-06-24,3007702102,327.0,false,3,327
2024-06-24,18369001002,565.0,false,3,565
2024-06-24,18343003002,131.0,false,3,131
2024-06-24,17002600902,498.0,false,3,498
2024-06-24,3007704002,249.0,false,3,249
2024-06-24,3007703802,380.0,false,3,380
2024-06-24,16018403502,509.0,false,3,509
2024-06-24,3007703402,2450.0,false,3,2450
2024-06-24,3007704102,210.0,false,3,210
2024-06-24,6000300102,431.0,false,3,431
2024-06-24,17002600702,183.0,false,3,183
2024-06-24,17002601202,364.0,false,3,364
2024-06-24,17002601902,386.0,false,3,386
2024-06-24,17002115602,249.0,false,3,249
2024-06-24,18337012102,439.0,false,3,439
2024-06-24,18349002002,48.0,false,3,48
2024-06-24,3007700202,327.0,false,3,327
2024-06-24,3005703002,443.0,false,3,443
2024-06-24,3005300102,146.0,false,3,146
2024-06-24,17002104602,383.0,false,3,383
2024-06-24,17002600402,75.0,false,3,75
2024-06-24,17002112802,215.0,false,3,215
2024-06-24,17002111802,70.5,false,3,70.5
2024-06-24,17002601302,383.0,false,3,383
2024-06-24,17002105702,37.4,false,3,37.4
2024-06-24,17002602502,470.0,false,3,470
2024-06-24,4002700802,579.0,false,3,579
2024-06-24,4002701702,268.0,false,3,268
2024-06-24,17002153802,83.1,false,3,83.1
2024-06-24,4002700902,372.0,false,3,372
2024-06-24,17002115702,239.0,false,3,239
2024-06-24,17002113302,249.0,false,3,249
2024-06-24,6001700702,305.0,false,3,305
2024-06-24,17002601101,39.7,false,3,39.7
2024-06-24,17002600102,90.7,false,3,90.7
2024-06-24,17002600302,102.0,false,3,102
2024-06-24,3007703502,264.0,false,3,264
2024-06-25,3005702802,96.0,false,3,96
2024-06-25,19006404502,214.0,false,3,214
2024-06-25,9000800502,257.0,false,3,257
2024-06-25,6005000202,43.2,false,3,43.2
2024-06-25,9000100402,93.2,false,6,93.2
2024-06-25,18207015002,290.0,false,3,290
2024-06-25,18207010002,304.0,false,3,304
2024-06-25,18343052002,138.0,false,3,138
2024-06-25,18343000102,331.0,false,3,331
2024-06-25,18343061002,23.8,false,3,23.8
2024-06-25,9000800602,384.0,false,3,384
2024-06-25,9000800702,198.0,false,3,198
2024-06-25,18343023002,28.6,false,3,28.6
2024-06-25,3005703102,577.0,false,3,577
2024-06-25,19006400402,480.0,false,3,480
2024-06-25,9000100502,85.7,false,6,85.7
2024-06-25,5000600202,146.0,false,3,146
2024-06-25,19006400102,309.0,false,3,309
2024-06-25,19006401420,125.0,false,3,125
2024-06-25,3005700702,264.0,false,3,264
2024-06-26,17003500202,129.0,false,3,129
2024-06-26,11000101202,529.0,false,3,529
2024-06-26,17003100102,145.0,false,3,145
2024-06-26,17003500402,96.0,false,3,96
2024-06-26,18207002002,784.0,false,3,784
2024-06-26,6003800102,141.0,false,6,141
2024-06-26,6002400102,527.0,false,3,527
2024-06-26,11000100502,225.0,false,3,225
2024-06-26,6002400902,422.0,false,6,422
2024-06-26,11000101302,967.0,false,3,967
2024-06-26,11000100702,638.0,false,3,638
2024-06-27,16018403602,117.0,false,3,117
2024-06-27,16018403402,113.0,false,3,113
2024-07-05,17002600902,322.0,false,3,322
2024-07-05,17002601902,176.0,false,3,176
2024-07-05,3013304002,293.0,false,3,293
2024-07-05,3013301502,675.0,false,3,675
2024-07-05,3013301302,492.0,false,3,492
2024-07-05,14002808902,13.4,false,3,13.4
2024-07-05,3013400102,130.0,false,3,130
2024-07-05,3013400302,546.0,false,3,546
2024-07-05,17002602302,33.7,false,3,33.7
2024-07-05,17002600602,217.0,false,3,217
2024-07-05,17002600702,189.0,false,3,189
2024-07-05,17002600102,135.0,false,3,135
2024-07-05,3013303002,430.0,false,3,430
2024-07-05,17002601302,188.0,false,3,188
2024-07-05,17002600202,135.0,false,3,135
2024-07-05,3013301902,585.0,false,3,585
2024-07-05,17002600302,147.0,false,3,147
2024-07-05,14002809002,217.0,false,3,217
2024-07-05,17002602502,347.0,false,3,347
2024-07-05,17002600402,143.0,false,3,143
2024-07-05,17002601202,190.0,false,3,190
2024-07-05,17002601101,71.0,false,3,71
2024-07-06,19004300502,212.0,false,3,212
2024-07-08,18607008002,163.0,false,3,163
2024-07-08,16018402702,130.0,false,3,130
2024-07-08,16018410602,96.3,false,3,96.3
2024-07-08,6011700202,35.1,false,3,35.1
2024-07-08,16018409302,811.0,false,3,811
2024-07-08,6013000102,88.9,false,3,88.9
2024-07-08,6011700302,80.3,false,3,80.3
2024-07-08,18607006002,196.0,false,3,196
2024-07-08,18000036002,233.0,false,3,233
2024-07-08,6013300402,57.7,false,3,57.7
2024-07-08,6012900102,88.4,false,3,88.4
2024-07-08,6006301102,152.0,false,3,152
2024-07-08,6006300102,68.6,false,3,68.6
2024-07-08,18607002002,196.0,false,3,196
2024-07-08,6006301202,32.1,false,3,32.1
2024-07-08,8012305102,208.0,false,3,208
2024-07-08,6006000802,206.0,false,3,206
2024-07-08,6006100302,83.7,false,3,83.7
2024-07-10,3007600602,78.2,false,3,78.2
2024-07-10,16018403602,90.1,false,3,90.1
2024-07-10,3007701302,52.9,false,3,52.9
2024-07-10,3007300302,168.0,false,3,168
2024-07-10,3007000402,342.0,false,3,342
2024-07-10,3007300202,175.0,false,3,175
2024-07-10,6018000202,11.6,false,3,11.6
2024-07-10,17003700302,222.0,false,3,222
2024-07-10,6018300202,498.0,false,3,498
2024-07-10,3007600502,206.0,false,3,206
2024-07-10,3007600302,62.8,false,3,62.8
2024-07-10,3007600402,58.8,false,3,58.8
2024-07-10,3007500202,207.0,false,3,207
2024-07-10,3007000502,136.0,false,3,136
2024-07-10,3007000302,125.0,false,3,125
2024-07-10,16018403402,86.8,false,3,86.8
2024-07-10,6018000302,44.1,false,3,44.1
2024-07-10,12000201002,199.0,false,3,199
2024-07-10,12000200402,378.0,false,3,378
2024-07-10,3006600102,86.4,false,3,86.4
2024-07-11,14002802802,614.0,false,30,614
2024-07-15,16018401202,309.0,false,3,309
2024-07-15,16018401502,553.0,false,3,553
2024-07-15,16018411702,1430.0,false,3,1430
2024-07-15,16018401602,435.0,false,3,435
2024-07-15,4001304102,1310.0,false,3,1310
2024-07-15,18003303602,174.0,false,3,174
2024-07-15,17002114102,65.2,false,3,65.2
2024-07-15,18003300802,252.0,false,3,252
2024-07-15,18003303502,37.1,false,3,37.1
2024-07-15,18003300302,128.0,false,3,128
2024-07-15,18003303402,124.0,false,3,124
2024-07-15,17002100702,109.0,false,3,109
2024-07-15,17002106502,22.3,false,3,22.3
2024-07-15,4001304402,322.0,false,3,322
2024-07-15,4001306402,220.0,false,3,220
2024-07-15,4001301702,1040.0,false,3,1040
2024-07-15,3003600502,113.0,false,3,113
2024-07-15,17002106702,38.5,false,3,38.5
2024-07-15,3001600302,127.0,false,3,127
2024-07-15,3001700202,64.2,false,3,64.2
2024-07-15,8013500502,76.2,false,3,76.2
2024-07-15,3003000202,159.0,false,3,159
2024-07-15,3003601002,232.0,false,3,232
2024-07-15,3003600902,49.4,false,3,49.4
2024-07-15,8013500302,145.0,false,3,145
2024-07-15,4001301602,297.0,false,3,297
2024-07-15,8013500602,30.5,false,3,30.5
2024-07-15,4001302502,597.0,false,3,597
2024-07-15,3001500202,301.0,false,3,301
2024-07-16,1010600202,808.0,false,3,808
2024-07-16,1010700202,817.0,false,3,817
2024-07-16,1010800102,330.0,false,3,330
2024-07-16,8002201202,959.0,false,3,959
2024-07-16,8004000802,77.2,false,3,77.2
2024-07-16,4001306302,726.0,false,3,726
2024-07-16,1010700402,1550.0,false,3,1550
2024-07-16,8002201602,296.0,false,3,296
2024-07-16,4001304702,845.0,false,3,845
2024-07-16,1010800602,1270.0,false,3,1270
2024-07-16,1010500102,409.0,false,3,409
2024-07-16,16007200102,765.0,false,3,765
2024-07-16,8002202402,242.0,false,3,242
2024-07-16,1010400202,492.0,false,3,492
2024-07-16,8002201902,3270.0,false,3,3270
2024-07-16,4001302902,900.0,false,3,900
2024-07-16,4001308302,2680.0,false,3,2680
2024-07-16,14002809002,168.0,false,3,168
2024-07-16,8002100202,7390.0,false,6,7390
2024-07-17,6007600802,541.0,false,3,541
2024-07-17,6007601802,432.0,false,3,432
2024-07-17,17002113702,452.0,false,3,452
2024-07-17,17002107502,554.0,false,3,554
2024-07-17,17002102502,67.8,false,3,67.8
2024-07-17,17002113602,771.0,false,3,771
2024-07-17,6011200302,424.0,false,3,424
2024-07-17,6011100802,573.0,false,3,573
2024-07-17,6011600102,482.0,false,3,482
2024-07-17,6006800102,136.0,false,9,136
2024-07-17,4001303302,3190.0,false,3,3190
2024-07-17,4001308202,2850.0,false,6,2850
2024-07-17,17002102302,144.0,false,3,144
2024-07-17,17002104102,13.9,false,3,13.9
2024-07-17,17002113002,30.4,false,3,30.4
2024-07-17,17002111902,96.7,false,3,96.7
2024-07-17,17002105402,20.7,false,3,20.7
2024-07-17,17002102102,28.2,false,3,28.2
2024-07-17,6010800102,739.0,false,3,739
2024-07-17,6007602302,358.0,false,3,358
2024-07-17,6007600402,543.0,false,3,543
2024-07-17,17002107402,33.0,false,3,33
2024-07-17,6013000102,565.0,false,3,565
2024-07-17,6007600502,376.0,false,3,376
2024-07-17,6007600602,178.0,false,3,178
2024-07-17,6007601502,122.0,false,3,122
2024-07-17,6011700302,422.0,false,3,422
2024-07-17,6013300402,514.0,false,3,514
2024-07-17,6007602202,348.0,false,3,348
2024-07-17,16018403502,1230.0,false,3,1230
2024-07-17,6007600302,575.0,false,3,575
2024-07-17,6011700202,159.0,false,3,159
2024-07-17,6007601602,1170.0,false,3,1170
2024-07-17,6007605202,313.0,false,3,313
2024-07-17,6012900102,757.0,false,3,757
2024-07-17,6007601702,682.0,false,3,682
2024-07-17,6007605102,185.0,false,3,185
2024-07-17,6007601002,366.0,false,3,366
2024-07-18,13001100102,815.0,false,3,815
2024-07-18,13001100202,434.0,false,3,434
2024-07-18,13000800102,465.0,false,3,465
2024-07-18,13000300102,2450.0,false,3,2450
2024-07-18,13001101002,118.0,false,3,118
2024-07-22,17003500402,59.5,false,3,59.5
2024-07-22,4002700902,1090.0,false,3,1090
2024-07-22,4002701702,959.0,false,3,959
2024-07-22,17003100102,133.0,false,3,133
2024-07-22,16008701502,544.0,false,3,544
2024-07-22,17003500202,99.1,false,3,99.1
2024-07-22,4002700802,784.0,false,3,784
2024-07-22,16008700602,502.0,false,3,502
2024-07-22,18207015002,451.0,false,3,451
2024-07-22,18207010002,172.0,false,3,172
2024-07-22,16008701002,973.0,false,3,973
2024-07-22,17002108602,457.0,false,3,457
2024-07-22,17002100302,42.3,false,3,42.3
2024-07-22,17002109502,135.0,false,3,135
2024-07-22,17002114502,368.0,false,3,368
2024-07-22,17002109202,342.0,false,3,342
2024-07-22,6010400102,217.0,false,3,217
2024-07-22,16008700502,603.0,false,3,603
2024-07-22,6010400802,249.0,false,3,249
2024-07-22,6009701802,256.0,false,3,256
2024-07-23,17002115702,252.0,false,3,252
2024-07-23,17002111802,96.0,false,3,96
2024-07-23,9000100502,92.9,false,6,92.9
2024-07-23,16018403402,86.8,false,3,86.8
2024-07-23,17002105702,42.5,false,3,42.5
2024-07-23,9000800502,258.0,false,3,258
2024-07-23,9000100402,179.0,false,3,179
2024-07-23,6005000202,344.0,false,3,344
2024-07-23,17002113302,101.0,false,3,101
2024-07-23,6008000702,106.0,false,3,106
2024-07-23,9000800602,342.0,false,3,342
2024-07-23,6009701102,151.0,false,3,151
2024-07-23,17002112802,144.0,false,3,144
2024-07-23,3005703002,199.0,false,3,199
2024-07-23,17002104602,207.0,false,3,207
2024-07-23,17002107102,109.0,false,3,109
2024-07-23,17002115602,309.0,false,3,309
2024-07-23,17002153802,80.3,false,3,80.3
2024-07-23,9000800702,431.0,false,3,431
2024-07-23,16018403602,113.0,false,3,113
2024-07-23,3005702502,486.0,false,3,486
2024-07-23,3005300102,53.4,false,3,53.4
2024-07-23,18207000802,1030.0,false,3,1030
2024-07-23,18207002002,503.0,false,3,503
2024-07-24,3005702802,97.7,false,3,97.7
2024-07-24,17002601101,42.7,false,3,42.7
2024-07-24,17002600202,79.2,false,3,79.2
2024-07-24,17002601302,477.0,false,3,477
2024-07-24,3005700702,139.0,false,3,139
2024-07-24,17002600602,288.0,false,3,288
2024-07-24,17002600302,125.0,false,3,125
2024-07-24,3007700202,97.1,false,3,97.1
2024-07-24,3007700702,154.0,false,3,154
2024-07-24,17002601202,259.0,false,3,259
2024-07-24,6008200302,166.0,false,9,166
2024-07-24,3007703902,284.0,false,3,284
2024-07-24,3007702802,111.0,false,3,111
2024-07-24,3005703102,2670.0,false,3,2670
2024-07-24,17002600702,98.8,false,3,98.8
2024-07-24,17002600402,136.0,false,3,136
2024-07-24,17002602302,20.2,false,3,20.2
2024-07-24,17002600102,79.5,false,3,79.5
2024-07-24,17002600902,460.0,false,3,460
2024-07-24,6008000602,180.0,false,9,180
2024-07-24,17002602502,528.0,false,3,528
2024-07-24,3007702902,355.0,false,3,355
2024-07-24,17002601902,314.0,false,3,314
2024-07-25,6008501402,587.0,false,3,587
2024-07-25,3007703802,253.0,false,3,253
2024-07-25,6008300902,430.0,false,3,430
2024-07-25,3007702102,137.0,false,3,137
2024-07-25,6008301902,150.0,false,3,150
2024-07-25,6008301802,151.0,false,3,151
2024-07-25,3007703602,38.8,false,3,38.8
2024-07-25,3007704002,199.0,false,3,199
2024-07-25,3007704102,88.3,false,3,88.3
2024-07-25,6008310302,338.0,false,3,338
2024-07-25,6008310402,128.0,false,3,128
2024-07-25,3007703402,1330.0,false,3,1330
2024-07-25,3007703502,325.0,false,3,325
2024-07-29,18343000202,118.0,false,3,118
2024-07-29,18369001002,111.0,false,3,111
2024-07-29,18000017002,177.0,false,3,177
2024-07-29,18337012102,181.0,false,3,181
2024-07-29,18349002002,29.6,false,3,29.6
2024-07-29,18343003002,136.0,false,3,136
2024-07-30,18343023002,31.3,false,3,31.3
2024-07-30,19006400102,125.0,false,3,125
2024-07-30,18343061002,20.1,false,3,20.1
2024-07-30,19006401420,111.0,false,3,111
2024-07-30,19006404502,194.0,false,6,194
2024-07-30,19006400402,156.0,false,6,156
2024-07-30,18343000102,251.0,false,3,251
2024-07-30,18343052002,95.6,false,3,95.6
2024-08-04,8005600202,68.3,false,3,68.3
2024-08-04,8005600102,32.7,false,3,32.7
2024-08-04,8005600302,60.4,false,3,60.4
2024-08-04,8005600902,50.2,false,3,50.2
2024-08-04,8005603902,60.5,false,3,60.5
2024-08-04,8007600102,95.3,false,3,95.3
2024-08-05,6006301102,405.0,false,3,405
2024-08-05,8012305102,119.0,false,3,119
2024-08-05,14002803002,470.0,false,3,470
2024-08-05,6006000802,183.0,false,3,183
2024-08-05,18607008002,120.0,false,3,120
2024-08-05,18607006002,165.0,false,3,165
2024-08-05,18000036002,315.0,false,3,315
2024-08-05,3013401802,164.0,false,3,164
2024-08-05,6006300102,128.0,false,3,128
2024-08-05,6006000702,93.1,false,3,93.1
2024-08-05,6005900102,85.6,false,3,85.6
2024-08-05,6006301202,188.0,false,3,188
2024-08-05,18607002002,145.0,false,3,145
2024-08-05,14002809102,74.5,false,3,74.5
2024-08-05,9000902402,107.0,false,3,107
2024-08-05,14002800302,153.0,false,6,153
2024-08-05,6006100302,171.0,false,3,171
2024-08-05,14002801202,186.0,false,3,186
2024-08-05,14002802802,450.0,false,3,450
2024-08-07,16003200202,386.0,false,3,386
2024-08-07,17000800202,498.0,false,3,498
2024-08-07,16015900302,178.0,false,3,178
2024-08-07,16016400102,345.0,false,3,345
2024-08-07,16001800302,774.0,false,3,774
2024-08-07,16012401102,274.0,false,3,274
2024-08-07,10000200202,398.0,false,6,398
2024-08-07,16003000302,601.0,false,3,601
2024-08-07,16010900802,479.0,false,3,479
2024-08-07,10000100302,158.0,false,3,158
2024-08-07,12000201002,76.4,false,3,76.4
2024-08-07,16002700102,110.0,false,3,110
2024-08-07,16003200102,462.0,false,3,462
2024-08-07,6018000202,51.2,false,3,51.2
2024-08-07,6018300202,510.0,false,3,510
2024-08-07,12000200402,95.6,false,3,95.6
2024-08-07,6018000302,59.4,false,3,59.4
2024-08-07,17003700302,354.0,false,3,354
2024-08-08,3013301502,1260.0,false,3,1260
2024-08-08,3013301302,1080.0,false,3,1080
2024-08-08,3013301902,591.0,false,3,591
2024-08-08,8012305302,24.2,false,3,24.2
2024-08-08,3013304002,863.0,false,3,863
2024-08-08,3013303002,608.0,false,3,608
2024-08-10,17002107702,66.0,false,3,66
2024-08-10,8005600902,133.0,false,15,133
2024-08-10,8005600302,91.4,false,3,91.4
2024-08-10,8005603902,82.5,false,3,82.5
2024-08-10,17002100802,35.1,false,3,35.1
2024-08-10,12002700102,436.0,false,3,436
2024-08-10,17002102302,44.0,false,3,44
2024-08-10,12000400202,30.7,false,3,30.7
2024-08-10,17002105202,56.8,false,3,56.8
2024-08-10,8005600202,83.1,false,3,83.1
2024-08-10,8007600102,82.7,false,3,82.7
2024-08-10,3013400302,1230.0,false,3,1230
2024-08-10,14002809002,79.5,false,3,79.5
2024-08-10,17002102502,42.1,false,3,42.1
2024-08-10,17002113702,46.9,false,3,46.9
2024-08-10,17002104102,19.8,false,3,19.8
2024-08-10,12003400102,93.5,false,3,93.5
2024-08-10,17002105402,19.9,false,3,19.9
2024-08-10,17002114002,90.1,false,3,90.1
2024-08-10,17002102102,37.9,false,3,37.9
2024-08-10,12001700102,36.1,false,3,36.1
2024-08-10,12003100102,192.0,false,3,192
2024-08-10,18000036002,171.0,false,3,171
2024-08-10,18607002002,224.0,false,3,224
2024-08-10,17002103802,138.0,false,3,138
2024-08-10,18607008002,156.0,false,3,156
2024-08-10,17002113602,461.0,false,3,461
2024-08-10,17002113002,28.4,false,3,28.4
2024-08-10,17002111902,95.3,false,3,95.3
2024-08-10,18607006002,135.0,false,3,135
2024-08-10,17002107402,12.9,false,3,12.9
2024-08-10,17002107502,257.0,false,3,257
2024-08-13,17002100702,127.0,false,3,127
2024-08-13,8007600102,119.0,false,3,119
2024-08-13,8005603902,52.6,false,3,52.6
2024-08-13,17002105202,92.0,false,3,92
2024-08-13,14002809002,105.0,false,3,105
2024-08-13,8005600202,96.8,false,3,96.8
2024-08-13,3013400102,342.0,false,3,342
2024-08-13,8005600102,30.1,false,3,30.1
2024-08-13,16016400102,373.0,false,3,373
2024-08-13,14002808902,18.4,false,3,18.4
2024-08-13,8005600902,51.2,false,6,51.2
2024-08-13,8005600302,94.0,false,3,94
2024-08-13,16012401102,273.0,false,3,273
2024-08-13,17002106502,11.0,false,3,11
2024-08-13,17002114102,51.7,false,3,51.7
2024-08-13,16010900802,458.0,false,3,458
2024-08-13,6011600102,86.9,false,3,86.9
2024-08-13,17002106702,63.9,false,3,63.9
2024-08-13,6010800102,179.0,false,3,179
2024-08-13,6011200302,152.0,false,3,152
2024-08-13,6011100802,126.0,false,3,126
2024-08-13,3013400302,2350.0,false,3,2350
2024-08-13,16015900302,208.0,false,3,208
2024-08-14,13001100202,86.2,false,3,86.2
2024-08-14,17002113602,675.0,false,3,675
2024-08-14,13000300102,1180.0,false,3,1180
2024-08-14,17002102502,57.2,false,3,57.2
2024-08-14,17002105402,11.8,false,3,11.8
2024-08-14,17002107502,363.0,false,3,363
2024-08-14,17002113002,38.1,false,3,38.1
2024-08-14,13001101002,297.0,false,3,297
2024-08-14,14002809102,418.0,false,3,418
2024-08-14,14002802802,646.0,false,3,646
2024-08-14,14002803002,605.0,false,3,605
2024-08-14,3013401802,211.0,false,3,211
2024-08-14,14002800302,84.4,false,6,84.4
2024-08-14,17002104102,23.8,false,3,23.8
2024-08-14,13000800102,348.0,false,3,348
2024-08-14,17002107402,209.0,false,3,209
2024-08-14,17002111902,117.0,false,3,117
2024-08-14,17002113702,283.0,false,3,283
2024-08-14,17002102102,15.0,false,3,15
2024-08-14,17002102302,24.8,false,3,24.8
2024-08-14,14002801202,329.0,false,3,329
2024-08-15,16018401602,293.0,false,3,293
2024-08-15,16018411702,82.6,false,6,82.6
2024-08-15,16018401502,63.7,false,3,63.7
2024-08-15,9000902402,80.2,false,3,80.2
2024-08-15,16018401002,73.0,false,3,73
2024-08-15,6006000702,50.7,false,3,50.7
2024-08-15,16018401202,93.7,false,3,93.7
2024-08-15,6005900102,208.0,false,3,208
2024-08-19,4001306402,194.0,false,3,194
2024-08-19,8013500302,140.0,false,3,140
2024-08-19,17002600102,61.6,false,3,61.6
2024-08-19,6010400102,1480.0,false,3,1480
2024-08-19,11000100702,1540.0,false,3,1540
2024-08-19,11000101202,203.0,false,3,203
2024-08-19,17002601101,42.6,false,3,42.6
2024-08-19,3001600302,168.0,false,3,168
2024-08-19,8013500502,197.0,false,3,197
2024-08-19,3003600902,76.8,false,3,76.8
2024-08-19,3001700202,205.0,false,3,205
2024-08-19,3001500202,526.0,false,3,526
2024-08-19,4001301702,492.0,false,3,492
2024-08-19,11000100502,588.0,false,3,588
2024-08-19,8013500602,39.5,false,3,39.5
2024-08-19,17002602502,325.0,false,3,325
2024-08-19,17002601902,104.0,false,3,104
2024-08-19,4001301602,257.0,false,3,257
2024-08-19,17002601202,336.0,false,3,336
2024-08-19,17002600602,365.0,false,3,365
2024-08-19,3003600502,88.3,false,3,88.3
2024-08-19,17002600702,86.9,false,3,86.9
2024-08-19,17002600402,113.0,false,3,113
2024-08-19,17002602302,25.1,false,3,25.1
2024-08-19,4001304402,160.0,false,3,160
2024-08-19,3003000202,210.0,false,3,210
2024-08-19,6010400802,450.0,false,3,450
2024-08-19,17002600202,57.0,false,3,57
2024-08-19,3003601002,160.0,false,3,160
2024-08-19,17002601302,125.0,false,3,125
2024-08-19,18003303502,57.2,false,3,57.2
2024-08-19,6009701802,1680.0,false,3,1680
2024-08-19,18003300802,136.0,false,3,136
2024-08-19,18003303402,93.3,false,3,93.3
2024-08-19,18003303602,260.0,false,3,260
2024-08-19,17002600902,618.0,false,3,618
2024-08-19,4001304102,177.0,false,3,177
2024-08-19,11000101302,1590.0,false,3,1590
2024-08-19,4001302502,228.0,false,3,228
2024-08-19,17002600302,144.0,false,3,144
2024-08-20,1010700402,1040.0,false,3,1040
2024-08-20,4001306302,397.0,false,3,397
2024-08-20,1010800102,321.0,false,3,321
2024-08-20,4001302902,905.0,false,3,905
2024-08-20,4001308302,687.0,false,3,687
2024-08-20,17002109502,106.0,false,3,106
2024-08-20,8002201202,670.0,false,3,670
2024-08-20,8002201602,68.7,false,3,68.7
2024-08-20,16007200102,546.0,false,3,546
2024-08-20,6002400902,648.0,false,3,648
2024-08-20,6002400102,863.0,false,3,863
2024-08-20,8004000802,77.9,false,3,77.9
2024-08-20,8002100202,434.0,false,3,434
2024-08-20,17002114502,345.0,false,3,345
2024-08-20,4001304702,193.0,false,3,193
2024-08-20,6008000702,350.0,false,3,350
2024-08-20,1010700202,758.0,false,3,758
2024-08-20,1010500102,540.0,false,3,540
2024-08-20,8002201902,487.0,false,3,487
2024-08-20,1010400202,198.0,false,3,198
2024-08-20,1010600202,426.0,false,3,426
2024-08-20,8002202402,599.0,false,3,599
2024-08-20,1010800602,461.0,false,3,461
2024-08-20,6003800102,112.0,false,9,112
2024-08-20,17002109202,208.0,false,3,208
2024-08-20,17002100302,273.0,false,3,273
2024-08-20,17002108602,517.0,false,3,517
2024-08-20,6009701102,908.0,false,3,908
2024-08-21,16018403602,98.2,false,3,98.2
2024-08-21,6007600502,515.0,false,3,515
2024-08-21,6007602202,87.8,false,3,87.8
2024-08-21,6007605002,228.0,false,3,228
2024-08-21,6007601802,133.0,false,3,133
2024-08-21,6007605202,242.0,false,3,242
2024-08-21,6007601502,45.6,false,3,45.6
2024-08-21,6007600302,142.0,false,3,142
2024-08-21,17003500202,83.5,false,3,83.5
2024-08-21,17003500402,50.3,false,3,50.3
2024-08-21,6007601602,214.0,false,3,214
2024-08-21,4001308202,439.0,false,3,439
2024-08-21,6007600602,151.0,false,3,151
2024-08-21,6008200302,123.0,false,6,123
2024-08-21,6007602302,310.0,false,3,310
2024-08-21,4001303302,290.0,false,3,290
2024-08-21,6007601702,179.0,false,3,179
2024-08-21,6007600802,377.0,false,3,377
2024-08-21,17003100102,97.1,false,3,97.1
2024-08-21,6007605102,103.0,false,3,103
2024-08-21,6006800102,30.4,false,9,30.4
2024-08-21,6007600402,107.0,false,6,107
2024-08-21,6008000602,256.0,false,3,256
2024-08-21,16018403402,85.5,false,3,85.5
2024-08-21,6007601002,151.0,false,3,151
2024-08-22,6008310402,262.0,false,3,262
2024-08-22,6008300902,585.0,false,3,585
2024-08-22,6008501402,401.0,false,3,401
2024-08-22,6008301902,450.0,false,3,450
2024-08-22,6008301802,328.0,false,3,328
2024-08-22,6008310302,438.0,false,3,438
2024-08-26,6001701102,143.0,false,3,143
2024-08-26,17002111802,46.0,false,3,46
2024-08-26,17002113802,1190.0,false,3,1190
2024-08-26,6001700702,184.0,false,3,184
2024-08-26,17002113902,36.5,false,3,36.5
2024-08-26,6001700102,49.0,false,3,49
2024-08-26,6000300102,219.0,false,3,219
2024-08-26,17002115602,138.0,false,3,138
2024-08-26,6001701002,146.0,false,3,146
2024-08-26,17002105702,35.0,false,3,35
2024-08-26,3007703402,1730.0,false,3,1730
2024-08-26,18337012102,195.0,false,3,195
2024-08-26,18349002002,49.7,false,3,49.7
2024-08-26,18343003002,150.0,false,3,150
2024-08-26,4002700902,966.0,false,3,966
2024-08-26,4002701702,215.0,false,3,215
2024-08-26,18343000202,89.8,false,3,89.8
2024-08-26,18369001002,156.0,false,3,156
2024-08-26,18207010002,42.2,false,3,42.2
2024-08-26,16008700602,250.0,false,3,250
2024-08-26,17002112802,112.0,false,3,112
2024-08-26,3007700702,187.0,false,3,187
2024-08-26,16008701502,137.0,false,3,137
2024-08-26,19006401420,97.8,false,3,97.8
2024-08-26,19006404502,220.0,false,6,220
2024-08-26,17002115702,87.2,false,3,87.2
2024-08-26,3007704002,164.0,false,3,164
2024-08-26,17002107102,92.8,false,3,92.8
2024-08-26,17002113302,77.8,false,3,77.8
2024-08-26,16008701002,1010.0,false,3,1010
2024-08-26,16008700502,620.0,false,3,620
2024-08-26,19006400102,114.0,false,3,114
2024-08-26,19006400402,189.0,false,6,189
2024-08-26,18207015002,374.0,false,3,374
2024-08-26,17002153802,52.7,false,3,52.7
2024-08-26,4002700802,653.0,false,3,653
2024-08-26,18000017002,145.0,false,3,145
2024-08-26,17002104602,114.0,false,3,114
2024-08-26,3007703902,283.0,false,3,283
2024-08-26,3007703602,28.2,false,3,28.2
2024-08-26,3007703502,149.0,false,3,149
2024-08-26,3007704102,94.6,false,3,94.6
2024-08-26,3007700202,75.7,false,3,75.7
2024-08-26,3007703802,124.0,false,3,124
2024-08-26,3007702802,63.9,false,3,63.9
2024-08-26,3007702102,154.0,false,3,154
2024-08-26,3007702902,305.0,false,3,305
2024-08-27,3005300102,62.3,false,3,62.3
2024-08-27,9000800702,444.0,false,3,444
2024-08-27,5000600202,285.0,false,3,285
2024-08-27,9000100402,70.5,false,3,70.5
2024-08-27,18343061002,36.4,false,3,36.4
2024-08-27,6005000202,57.6,false,3,57.6
2024-08-27,18343000102,248.0,false,3,248
2024-08-27,18343052002,62.6,false,3,62.6
2024-08-27,18343023002,30.7,false,3,30.7
2024-08-27,18207002002,705.0,false,3,705
2024-08-27,9000100502,59.5,false,3,59.5
2024-08-27,9000800602,170.0,false,3,170
2024-08-27,18207000802,2660.0,false,3,2660
2024-08-27,9000800502,115.0,false,3,115
2024-08-27,3005702502,310.0,false,3,310
2024-08-27,3005703002,109.0,false,3,109
2024-08-28,3005700702,87.1,false,3,87.1
2024-08-28,3005703102,311.0,false,3,311
2024-08-28,3005702802,45.3,false,3,45.3
2024-09-01,8002202402,4010.0,false,3,4010
2024-09-01,14002802802,667.0,false,3,667
2024-09-03,8002202402,1020.0,false,3,1020
2024-09-04,17002113002,27.4,false,3,27.4
2024-09-04,17002115602,53.5,false,3,53.5
2024-09-04,17002107402,30.9,false,3,30.9
2024-09-04,17002102102,43.5,false,3,43.5
2024-09-04,17002111802,55.5,false,3,55.5
2024-09-04,17002105402,18.5,false,3,18.5
2024-09-04,17002107502,144.0,false,3,144
2024-09-04,17002102302,93.1,false,3,93.1
2024-09-04,17002104602,146.0,false,3,146
2024-09-04,17002106502,30.1,false,3,30.1
2024-09-04,17002100702,56.1,false,3,56.1
2024-09-04,17002102502,45.0,false,3,45
2024-09-04,17002106702,27.3,false,3,27.3
2024-09-04,14002809002,276.0,false,3,276
2024-09-04,17002113602,81.7,false,3,81.7
2024-09-04,17002107102,136.0,false,3,136
2024-09-04,17002153802,79.8,false,3,79.8
2024-09-04,17002115702,119.0,false,3,119
2024-09-04,17002113302,147.0,false,3,147
2024-09-04,17002105702,22.3,false,3,22.3
2024-09-04,17002112802,84.4,false,3,84.4
2024-09-04,16012401102,199.0,false,3,199
2024-09-04,16015900302,231.0,false,3,231
2024-09-04,16016400102,271.0,false,3,271
2024-09-04,16010900802,196.0,false,3,196
2024-09-04,17002114102,27.5,false,3,27.5
2024-09-04,17002111902,80.1,false,3,80.1
2024-09-04,3013400302,565.0,false,3,565
2024-09-04,8010300102,214.0,false,3,214
2024-09-04,8012303002,112.0,false,3,112
2024-09-04,17002113702,83.9,false,3,83.9
2024-09-04,17002104102,49.8,false,3,49.8
2024-09-05,8012305302,22.9,false,3,22.9
2024-09-07,12008600102,156.0,false,3,156
2024-09-07,8005603902,99.2,false,3,99.2
2024-09-07,12007300802,254.0,false,3,254
2024-09-07,12007300302,140.0,false,3,140
2024-09-07,8005600202,44.1,false,3,44.1
2024-09-07,12000400202,25.4,false,3,25.4
2024-09-07,12002700102,230.0,false,3,230
2024-09-07,12001700102,50.2,false,3,50.2
2024-09-07,17002107702,58.4,false,3,58.4
2024-09-07,12003400102,178.0,false,3,178
2024-09-07,8007600102,296.0,false,3,296
2024-09-07,8005600102,34.0,false,3,34
2024-09-07,12007301502,132.0,false,3,132
2024-09-07,8005600302,104.0,false,3,104
2024-09-07,17002105202,126.0,false,3,126
2024-09-07,17002100802,35.9,false,3,35.9
2024-09-07,17002103802,195.0,false,3,195
2024-09-07,17002114002,126.0,false,3,126
2024-09-07,12003100102,286.0,false,3,286
2024-09-07,8005600902,54.5,false,9,54.5
2024-09-07,4001000302,476.0,false,3,476
2024-09-07,12008600402,85.6,false,3,85.6
2024-09-07,14002808902,66.7,false,3,66.7
2024-09-07,12007301102,217.0,false,3,217
2024-09-07,12008601102,99.3,false,3,99.3
2024-09-07,12008000302,312.0,false,3,312
2024-09-07,3013400102,247.0,false,3,247
2024-09-07,12008600202,175.0,false,3,175
2024-09-07,3013400302,2400.0,false,3,2400
2024-09-09,8005600902,80.1,false,15,80.1
2024-09-09,17003700302,248.0,false,3,248
2024-09-09,16002700102,84.2,false,3,84.2
2024-09-09,16015900302,166.0,false,3,166
2024-09-09,16016400102,272.0,false,3,272
2024-09-09,12000201002,98.7,false,3,98.7
2024-09-09,12000200402,91.8,false,3,91.8
2024-09-09,16001800302,612.0,false,3,612
2024-09-09,8005600102,24.4,false,3,24.4
2024-09-09,18000036002,217.0,false,3,217
2024-09-09,8005600202,137.0,false,3,137
2024-09-09,18607008002,190.0,false,3,190
2024-09-09,18607002002,382.0,false,3,382
2024-09-09,6018000202,20.7,false,3,20.7
2024-09-09,18607006002,198.0,false,3,198
2024-09-09,8005603902,105.0,false,3,105
2024-09-09,16010900802,274.0,false,3,274
2024-09-09,16012401102,178.0,false,3,178
2024-09-09,6018000302,40.6,false,3,40.6
2024-09-09,16003200202,247.0,false,3,247
2024-09-09,10000100302,819.0,false,3,819
2024-09-09,6018300202,322.0,false,3,322
2024-09-09,16003000302,293.0,false,3,293
2024-09-09,16003200102,302.0,false,3,302
2024-09-09,8007600102,101.0,false,3,101
2024-09-09,8005600302,124.0,false,3,124
2024-09-09,10000200202,673.0,false,6,673
2024-09-10,17002114102,38.4,false,3,38.4
2024-09-10,17002106502,12.0,false,3,12
2024-09-10,17002106702,37.3,false,3,37.3
2024-09-10,17002100702,105.0,false,3,105
2024-09-12,8002202402,4110.0,false,30,4110
2024-09-12,17002600902,336.0,false,30,336
2024-09-12,6010400102,1090.0,false,30,1090
2024-09-16,4001301702,238.0,false,3,238
2024-09-16,13001100202,94.1,false,3,94.1
2024-09-16,4001304102,44.9,false,3,44.9
2024-09-16,4001302502,102.0,false,3,102
2024-09-16,6011700302,76.1,false,3,76.1
2024-09-16,8012305302,21.8,false,3,21.8
2024-09-16,4001304402,55.7,false,6,55.7
2024-09-16,16018403402,97.5,false,3,97.5
2024-09-16,13000300102,1150.0,false,3,1150
2024-09-16,16018403602,103.0,false,3,103
2024-09-16,17003100102,81.4,false,3,81.4
2024-09-16,13000800102,282.0,false,3,282
2024-09-16,6013300402,58.6,false,3,58.6
2024-09-16,6013000102,86.5,false,3,86.5
2024-09-16,4001306402,146.0,false,3,146
2024-09-16,4001301602,142.0,false,3,142
2024-09-16,17003500202,95.6,false,3,95.6
2024-09-16,13001101002,92.4,false,3,92.4
2024-09-16,6011700202,64.5,false,3,64.5
2024-09-16,17003500402,39.8,false,3,39.8
2024-09-16,11000100502,133.0,false,3,133
2024-09-16,11000101302,923.0,false,3,923
2024-09-16,6012900102,79.6,false,3,79.6
2024-09-16,11000100702,718.0,false,3,718
2024-09-16,11000101202,549.0,false,3,549
2024-09-17,8002100202,225.0,false,3,225
2024-09-17,3001500202,90.0,false,3,90
2024-09-17,8002201902,235.0,false,3,235
2024-09-17,8013500502,115.0,false,3,115
2024-09-17,8004000802,68.1,false,3,68.1
2024-09-17,8013500302,119.0,false,3,119
2024-09-17,4001304702,56.9,false,3,56.9
2024-09-17,6003800102,52.2,false,9,52.2
2024-09-17,1010800102,260.0,false,3,260
2024-09-17,1010700402,1080.0,false,3,1080
2024-09-17,8002201202,442.0,false,3,442
2024-09-17,8002202402,182.0,false,3,182
2024-09-17,6002400902,116.0,false,3,116
2024-09-17,6002400102,147.0,false,6,147
2024-09-17,3003600502,46.2,false,3,46.2
2024-09-17,8002201602,37.9,false,3,37.9
2024-09-17,3003000202,141.0,false,3,141
2024-09-17,1010400202,90.5,false,3,90.5
2024-09-17,1010700202,584.0,false,3,584
2024-09-17,4001306302,289.0,false,3,289
2024-09-17,1010500102,329.0,false,3,329
2024-09-17,4001302902,362.0,false,3,362
2024-09-17,8013500602,28.5,false,3,28.5
2024-09-17,3001700202,32.1,false,3,32.1
2024-09-17,1010600202,565.0,false,3,565
2024-09-17,3003601002,133.0,false,3,133
2024-09-17,3003600902,25.8,false,3,25.8
2024-09-17,1010800602,296.0,false,3,296
2024-09-17,16007200102,686.0,false,3,686
2024-09-17,3001600302,96.9,false,3,96.9
2024-09-17,4001308302,541.0,false,3,541
2024-09-18,6007605002,42.5,false,3,42.5
2024-09-18,12008601102,62.2,false,3,62.2
2024-09-18,12007301502,232.0,false,3,232
2024-09-18,12007300802,343.0,false,3,343
2024-09-18,6011100802,106.0,false,3,106
2024-09-18,6007600502,698.0,false,3,698
2024-09-18,6011600102,91.8,false,3,91.8
2024-09-18,6010800102,210.0,false,3,210
2024-09-18,6011200302,271.0,false,3,271
2024-09-18,6006800102,30.9,false,15,30.9
2024-09-18,6007600302,65.0,false,3,65
2024-09-18,6007601702,73.8,false,3,73.8
2024-09-18,6007605202,173.0,false,3,173
2024-09-18,6007602202,49.1,false,3,49.1
2024-09-18,6007602302,212.0,false,3,212
2024-09-18,6007600402,39.5,false,6,39.5
2024-09-18,6007601502,28.1,false,3,28.1
2024-09-18,12007301102,349.0,false,3,349
2024-09-18,12008600202,141.0,false,3,141
2024-09-18,12008000302,244.0,false,3,244
2024-09-18,12008600102,178.0,false,3,178
2024-09-18,12008600402,64.2,false,3,64.2
2024-09-18,6007600602,200.0,false,6,200
2024-09-18,6007601002,56.5,false,3,56.5
2024-09-18,12007300302,146.0,false,3,146
2024-09-18,6007605102,75.4,false,3,75.4
2024-09-18,4001308202,253.0,false,3,253
2024-09-18,6007601802,81.8,false,3,81.8
2024-09-18,6007600802,308.0,false,3,308
2024-09-18,4001303302,630.0,false,6,630
2024-09-18,6007601602,101.0,false,3,101
2024-09-23,18343003002,140.0,false,3,140
2024-09-23,18000017002,188.0,false,3,188
2024-09-23,17002602502,214.0,false,3,214
2024-09-23,18337012102,83.6,false,3,83.6
2024-09-23,18369001002,121.0,false,3,121
2024-09-23,4002701702,235.0,false,3,235
2024-09-23,17002600202,79.9,false,3,79.9
2024-09-23,17002601202,264.0,false,3,264
2024-09-23,4002700902,347.0,false,3,347
2024-09-23,16018403502,199.0,false,3,199
2024-09-23,18207014502,46.6,false,3,46.6
2024-09-23,6001700102,128.0,false,3,128
2024-09-23,18349002002,37.3,false,3,37.3
2024-09-23,17002600902,405.0,false,3,405
2024-09-23,17002600702,125.0,false,3,125
2024-09-23,17002600402,93.4,false,3,93.4
2024-09-23,3005703102,337.0,false,3,337
2024-09-23,3005700702,94.0,false,3,94
2024-09-23,3005702802,136.0,false,3,136
2024-09-23,17002601902,107.0,false,3,107
2024-09-23,17002601302,91.5,false,3,91.5
2024-09-23,6001700702,201.0,false,3,201
2024-09-23,6000300102,173.0,false,3,173
2024-09-23,6001701002,117.0,false,3,117
2024-09-23,17002600302,73.1,false,3,73.1
2024-09-23,13001100102,658.0,false,3,658
2024-09-23,17002600102,105.0,false,3,105
2024-09-23,4002700802,388.0,false,3,388
2024-09-23,17002601101,20.1,false,3,20.1
2024-09-23,18003303502,22.3,false,3,22.3
2024-09-23,6001701102,139.0,false,3,139
2024-09-23,6010400102,175.0,false,3,175
2024-09-23,17002602302,22.6,false,3,22.6
2024-09-23,18003303402,53.1,false,3,53.1
2024-09-23,18003303602,96.0,false,3,96
2024-09-23,17002600602,206.0,false,3,206
2024-09-23,6009701802,309.0,false,3,309
2024-09-23,18343000202,162.0,false,3,162
2024-09-23,18003300802,92.1,false,3,92.1
2024-09-23,6010400802,501.0,false,3,501
2024-09-24,3007703502,184.0,false,3,184
2024-09-24,17002114502,268.0,false,3,268
2024-09-24,3007704002,259.0,false,3,259
2024-09-24,17002108602,456.0,false,3,456
2024-09-24,18343000102,290.0,false,3,290
2024-09-24,18343061002,69.8,false,3,69.8
2024-09-24,17002105702,41.8,false,3,41.8
2024-09-24,6008000702,194.0,false,3,194
2024-09-24,18343023002,22.9,false,3,22.9
2024-09-24,18343052002,76.5,false,3,76.5
2024-09-24,3007704102,101.0,false,3,101
2024-09-24,17002100302,65.6,false,3,65.6
2024-09-24,17002109502,74.1,false,3,74.1
2024-09-24,17002112802,263.0,false,3,263
2024-09-24,17002109202,91.6,false,3,91.6
2024-09-24,6009701102,445.0,false,3,445
2024-09-24,3007702802,92.3,false,3,92.3
2024-09-24,3007703602,39.1,false,3,39.1
2024-09-24,3005702502,314.0,false,3,314
2024-09-24,17002153802,44.8,false,3,44.8
2024-09-24,3007702902,251.0,false,3,251
2024-09-24,3007700702,156.0,false,3,156
2024-09-24,3007703402,901.0,false,3,901
2024-09-24,5000600202,145.0,false,3,145
2024-09-24,3007702102,158.0,false,3,158
2024-09-24,3005300102,73.6,false,3,73.6
2024-09-24,17002107102,105.0,false,3,105
2024-09-24,3005703002,180.0,false,3,180
2024-09-24,17002113302,120.0,false,3,120
2024-09-24,17002104602,171.0,false,3,171
2024-09-24,17002115702,90.3,false,3,90.3
2024-09-24,3007703802,188.0,false,3,188
2024-09-24,3007703902,391.0,false,3,391
2024-09-24,3007700202,88.0,false,3,88
2024-09-24,17002115602,142.0,false,3,142
2024-09-24,17002111802,48.5,false,3,48.5
2024-09-25,6008000602,763.0,false,3,763
2024-09-25,16008701002,806.0,false,3,806
2024-09-25,9000800602,271.0,false,3,271
2024-09-25,6008200302,875.0,false,3,875
2024-09-25,9000800502,92.1,false,3,92.1
2024-09-25,9000100402,546.0,false,3,546
2024-09-25,9000800702,487.0,false,3,487
2024-09-25,16008700502,928.0,false,3,928
2024-09-25,16008700602,440.0,false,3,440
2024-09-25,6005000202,64.9,false,3,64.9
2024-09-25,16008701502,443.0,false,3,443
2024-09-25,9000100502,475.0,false,3,475
2024-09-26,6008501402,308.0,false,3,308
2024-09-26,6008301802,446.0,false,3,446
2024-09-26,6008300902,529.0,false,3,529
2024-09-26,6008310302,394.0,false,3,394
2024-09-26,6008310402,204.0,false,3,204
2024-09-26,6008301902,250.0,false,3,250
2024-10-01,17002600902,326.0,false,3,326
2024-10-04,3013400102,123.0,false,3,123
2024-10-04,16018412802,287.0,false,3,287
2024-10-04,3013401802,236.0,false,3,236
2024-10-04,16018401002,56.5,false,3,56.5
2024-10-04,8012305102,96.8,false,3,96.8
2024-10-04,14002802802,359.0,false,3,359
2024-10-04,14002800302,160.0,false,9,160
2024-10-04,16018402702,77.3,false,3,77.3
2024-10-04,14002801202,209.0,false,3,209
2024-10-04,14002808902,23.9,false,3,23.9
2024-10-04,14002809102,106.0,false,3,106
2024-10-04,14002803002,396.0,false,3,396
2024-10-06,17002102502,67.6,false,3,67.6
2024-10-06,16018409302,702.0,false,3,702
2024-10-06,17002107502,376.0,false,3,376
2024-10-06,17002102102,31.2,false,3,31.2
2024-10-06,17002113002,25.2,false,3,25.2
2024-10-06,17002104102,31.4,false,3,31.4
2024-10-06,16002700102,385.0,false,3,385
2024-10-06,10000200202,643.0,false,6,643
2024-10-06,17002111902,77.9,false,3,77.9
2024-10-06,16003000302,396.0,false,3,396
2024-10-06,17002113702,91.8,false,3,91.8
2024-10-06,10000100302,326.0,false,3,326
2024-10-06,16001800302,537.0,false,3,537
2024-10-06,16003200102,345.0,false,3,345
2024-10-06,17002105402,39.5,false,3,39.5
2024-10-06,17002113602,198.0,false,3,198
2024-10-06,17002107402,20.9,false,3,20.9
2024-10-06,16003200202,213.0,false,3,213
2024-10-06,17002102302,35.2,false,3,35.2
2024-10-06,16018402702,90.5,false,3,90.5
2024-10-06,16018401002,67.5,false,3,67.5
2024-10-07,8002202402,2050.0,false,3,2050
2024-10-07,14002800302,190.0,false,6,190
2024-10-07,14002809102,894.0,false,3,894
2024-10-07,14002803002,571.0,false,3,571
2024-10-07,6006000702,369.0,false,3,369
2024-10-07,6006000802,4200.0,false,3,4200
2024-10-07,3013401802,341.0,false,3,341
2024-10-07,6006301102,2700.0,false,3,2700
2024-10-07,6006300102,960.0,false,3,960
2024-10-07,14002802802,1280.0,false,3,1280
2024-10-07,6005900102,1790.0,false,3,1790
2024-10-07,6006100302,1350.0,false,3,1350
2024-10-07,14002801202,397.0,false,3,397
2024-10-07,6006301202,4610.0,false,3,4610
2024-10-07,9000902402,1790.0,false,3,1790
2024-10-09,17002100802,23.2,false,3,23.2
2024-10-09,17002105202,72.3,false,3,72.3
2024-10-09,17002114002,80.0,false,3,80
2024-10-09,17002107702,68.9,false,3,68.9
2024-10-09,17002103802,181.0,false,3,181
2024-10-09,3013400302,1320.0,false,3,1320
2024-10-09,12000400202,43.8,false,3,43.8
2024-10-09,4001000302,358.0,false,3,358
2024-10-09,12003100102,218.0,false,3,218
2024-10-09,12003400102,126.0,false,3,126
2024-10-09,12002700102,352.0,false,3,352
2024-10-09,14002809002,66.8,false,3,66.8
2024-10-09,12001700102,46.8,false,3,46.8
2024-10-12,16018403502,135.0,false,30,135
2024-10-12,6008000602,302.0,false,30,302
2024-10-12,6009701102,269.0,false,30,269
2024-10-12,6008200302,301.0,false,30,301
2024-10-12,8002202402,1510.0,false,30,1510
2024-10-12,1010500102,476.0,false,30,476
2024-10-12,1010400202,328.0,false,30,328
2024-10-12,1010800102,217.0,false,30,217
2024-10-12,1010800602,1150.0,false,30,1150
2024-10-15,16003200102,254.0,false,3,254
2024-10-15,6011100802,67.2,false,3,67.2
2024-10-15,16010900802,270.0,false,3,270
2024-10-15,10000200202,536.0,false,3,536
2024-10-15,16003000302,464.0,false,3,464
2024-10-15,17000800202,253.0,false,3,253
2024-10-15,6011600102,57.7,false,3,57.7
2024-10-15,6010800102,320.0,false,3,320
2024-10-15,16001800302,678.0,false,3,678
2024-10-15,16003200202,437.0,false,3,437
2024-10-15,16002700102,160.0,false,3,160
2024-10-15,8012303002,79.4,false,3,79.4
2024-10-15,10000100302,290.0,false,3,290
2024-10-15,6011200302,189.0,false,3,189
2024-10-15,16016400102,393.0,false,3,393
2024-10-15,16012401102,149.0,false,3,149
2024-10-15,16015900302,137.0,false,3,137
2024-10-15,8010300102,181.0,false,3,181
2024-10-16,12007301502,251.0,false,3,251
2024-10-16,12007300302,152.0,false,3,152
2024-10-16,8012305102,105.0,false,3,105
2024-10-16,12007300802,179.0,false,3,179
2024-10-16,12008600402,57.8,false,3,57.8
2024-10-16,12008600102,142.0,false,3,142
2024-10-16,12008600202,237.0,false,3,237
2024-10-16,12008601102,78.2,false,3,78.2
2024-10-16,12007301102,236.0,false,3,236
2024-10-16,12008000302,244.0,false,3,244
2024-10-16,4001000302,302.0,false,3,302
2024-10-17,3013304002,448.0,false,3,448
2024-10-17,3013301302,803.0,false,3,803
2024-10-17,3013301502,976.0,false,3,976
2024-10-17,3013303002,577.0,false,3,577
2024-10-17,3013301902,559.0,false,3,559
2024-10-17,3013400102,123.0,false,3,123
2024-10-17,13000800102,288.0,false,3,288
2024-10-17,16018402702,51.2,false,3,51.2
2024-10-17,14002800302,185.0,false,6,185
2024-10-17,3013401802,291.0,false,3,291
2024-10-17,16018401002,35.5,false,3,35.5
2024-10-17,14002803002,223.0,false,3,223
2024-10-17,16018409302,384.0,false,3,384
2024-10-17,14002802802,670.0,false,3,670
2024-10-17,14002808902,43.5,false,3,43.5
2024-10-17,13000300102,940.0,false,3,940
2024-10-17,13001100102,465.0,false,3,465
2024-10-17,13001100202,114.0,false,3,114
2024-10-17,13001101002,61.2,false,3,61.2
2024-10-17,8012305302,17.0,false,3,17
2024-10-17,14002809102,43.4,false,3,43.4
2024-10-17,14002801202,237.0,false,3,237
2024-10-21,3005702502,242.0,false,3,242
2024-10-21,6010400802,225.0,false,3,225
2024-10-21,16008700502,464.0,false,3,464
2024-10-21,6011700202,26.7,false,3,26.7
2024-10-21,6013000102,69.7,false,3,69.7
2024-10-21,16008701002,266.0,false,3,266
2024-10-21,11000101302,648.0,false,3,648
2024-10-21,16008701502,290.0,false,3,290
2024-10-21,3005703002,79.2,false,3,79.2
2024-10-21,6012900102,56.0,false,3,56
2024-10-21,11000100502,68.3,false,3,68.3
2024-10-21,6010400102,78.2,false,3,78.2
2024-10-21,6009701802,130.0,false,3,130
2024-10-21,11000101202,288.0,false,3,288
2024-10-21,3005300102,42.1,false,3,42.1
2024-10-21,6011700302,25.6,false,3,25.6
2024-10-21,16008700602,236.0,false,3,236
2024-10-21,11000100702,561.0,false,3,561
2024-10-21,6013300402,61.7,false,3,61.7
2024-10-22,1010700402,1910.0,false,3,1910
2024-10-22,16018411702,49.8,false,6,49.8
2024-10-22,6009701102,54.1,false,3,54.1
2024-10-22,16018401502,38.6,false,3,38.6
2024-10-22,8002202402,203.0,false,3,203
2024-10-22,17002113802,549.0,false,3,549
2024-10-22,6002400902,405.0,false,3,405
2024-10-22,1010400202,144.0,false,3,144
2024-10-22,1010500102,392.0,false,3,392
2024-10-22,8002201602,73.4,false,3,73.4
2024-10-22,1010800602,279.0,false,3,279
2024-10-22,17002113902,24.7,false,3,24.7
2024-10-22,16018401202,41.1,false,3,41.1
2024-10-22,1010800102,314.0,false,3,314
2024-10-22,1010600202,1100.0,false,3,1100
2024-10-22,1010700202,882.0,false,3,882
2024-10-22,16018401602,212.0,false,3,212
2024-10-22,3005703102,217.0,false,3,217
2024-10-22,6003800102,49.6,false,9,49.6
2024-10-22,6008000702,70.8,false,3,70.8
2024-10-22,3005702802,59.2,false,3,59.2
2024-10-22,8002100202,355.0,false,3,355
2024-10-22,8002201902,188.0,false,3,188
2024-10-22,8004000802,37.6,false,3,37.6
2024-10-22,8002201202,520.0,false,3,520
2024-10-22,4001308302,355.0,false,3,355
2024-10-22,16007200102,36.9,false,3,36.9
2024-10-22,3005700702,121.0,false,3,121
2024-10-22,6002400102,90.2,false,6,90.2
2024-10-23,6007602302,153.0,false,3,153
2024-10-23,6008200302,33.8,false,9,33.8
2024-10-23,6008000602,112.0,false,6,112
2024-10-23,6007601002,50.0,false,3,50
2024-10-23,6007605002,24.8,false,3,24.8
2024-10-23,6007600602,135.0,false,6,135
2024-10-23,6007605102,81.2,false,3,81.2
2024-10-23,6007601602,73.3,false,3,73.3
2024-10-23,6007601802,87.1,false,3,87.1
2024-10-23,6007600302,60.6,false,3,60.6
2024-10-23,6007601502,20.5,false,3,20.5
2024-10-23,6007602202,43.7,false,3,43.7
2024-10-23,6007601702,44.1,false,3,44.1
2024-10-23,6007600502,718.0,false,6,718
2024-10-23,4001308202,335.0,false,3,335
2024-10-23,4001303302,264.0,false,3,264
2024-10-23,6007605202,158.0,false,3,158
2024-10-23,6007600402,33.7,false,6,33.7
2024-10-23,6007600802,353.0,false,6,353
2024-10-23,6006800102,16.3,false,6,16.3
2024-10-24,6008310302,179.0,false,3,179
2024-10-24,6008310402,189.0,false,3,189
2024-10-24,6008301802,455.0,false,3,455
2024-10-24,6008501402,86.1,false,3,86.1
2024-10-24,6008301902,36.8,false,3,36.8
2024-10-24,6008300902,378.0,false,3,378
2024-10-28,6001700702,243.0,false,3,243
2024-10-28,17003500202,113.0,false,3,113
2024-10-28,6001701102,52.7,false,3,52.7
2024-10-28,6000300102,88.0,false,3,88
2024-10-28,17003100102,82.3,false,3,82.3
2024-10-28,17003500402,42.0,false,3,42
2024-10-28,6001701002,35.6,false,3,35.6
2024-10-28,18003303602,103.0,false,3,103
2024-10-28,18003303502,24.4,false,3,24.4
2024-10-28,18003303402,61.6,false,3,61.6
2024-10-28,18349002002,49.0,false,30,49
2024-10-28,18003300802,105.0,false,3,105
2024-10-28,18337012102,189.0,false,30,189
2024-10-28,18369001002,149.0,false,30,149
2024-10-28,18343003002,86.0,false,30,86
2024-10-28,18343000202,232.0,false,30,232
2024-10-28,4002700902,398.0,false,3,398
2024-10-28,4002700802,280.0,false,3,280
2024-10-28,4002701702,288.0,false,3,288
2024-10-28,6001700102,58.9,false,3,58.9
2024-10-28,18000017002,216.0,false,30,216
2024-10-29,3007704002,148.0,false,30,148
2024-10-29,17002104602,137.0,false,30,137
2024-10-29,17002112802,120.0,false,30,120
2024-10-29,17002111802,33.0,false,30,33
2024-10-29,3007703802,328.0,false,30,328
2024-10-29,18343023002,15.0,true,30,<30
2024-10-29,17002107102,93.0,false,30,93
2024-10-29,17002105702,32.0,false,30,32
2024-10-29,3007703402,1830.0,false,30,1830
2024-10-29,17002115702,96.0,false,30,96
2024-10-29,3007702902,242.0,false,30,242
2024-10-29,3007703902,331.0,false,30,331
2024-10-29,3007704102,68.0,false,30,68
2024-10-29,3007703602,15.0,true,30,<30
2024-10-29,3007700202,74.0,false,30,74
2024-10-29,18343061002,15.0,true,30,<30
2024-10-29,17002113302,141.0,false,30,141
2024-10-29,18343000102,102.0,false,30,102
2024-10-29,18343052002,85.0,false,30,85
2024-10-29,17002115602,61.0,false,30,61
2024-10-29,3007703502,686.0,false,30,686
2024-10-29,3007700702,208.0,false,30,208
2024-10-29,3007702802,539.0,false,30,539
2024-10-29,5000600202,105.0,false,3,105
2024-10-29,17002153802,36.0,false,30,36
2024-10-30,17002600202,93.0,false,30,93
2024-10-30,17002600702,164.0,false,30,164
2024-10-30,17002600602,187.0,false,30,187
2024-10-30,17002601101,103.0,false,30,103
2024-10-30,17002600102,122.0,false,30,122
2024-10-30,17002600902,205.0,false,30,205
2024-10-30,17002602502,296.0,false,30,296
2024-10-30,17002601302,223.0,false,30,223
2024-10-30,17002601902,176.0,false,30,176
2024-10-30,17002602302,15.0,true,30,<30
2024-10-30,17002600302,59.0,false,30,59
2024-10-30,17002601202,169.0,false,30,169
2024-10-30,17002600402,120.0,false,30,120
2024-10-31,16018403502,728.0,false,30,728
2024-10-31,9000800502,88.0,false,30,88
2024-10-31,9000800602,579.0,false,30,579
2024-10-31,9000800702,372.0,false,30,372
2024-10-31,6005000202,85.0,false,30,85
2024-10-31,9000100402,251.0,false,30,251
2024-10-31,9000100502,109.0,false,30,109
2024-11-04,8002202402,990.0,false,3,990
2024-11-04,8012305302,31.0,false,3,31
2024-11-06,12007300802,224.0,false,3,224
2024-11-06,12008600102,145.0,false,3,145
2024-11-06,12007301502,139.0,false,3,139
2024-11-06,12007300302,169.0,false,3,169
2024-11-06,8010300102,106.0,false,3,106
2024-11-06,16016400102,710.0,false,3,710
2024-11-06,16015900302,188.0,false,3,188
2024-11-06,12008600202,311.0,false,3,311
2024-11-06,16012401102,373.0,false,3,373
2024-11-06,3013400102,162.0,false,3,162
2024-11-06,8012303002,112.0,false,3,112
2024-11-06,14002809002,257.0,false,3,257
2024-11-06,14002808902,24.1,false,3,24.1
2024-11-06,3013400302,1730.0,false,3,1730
2024-11-06,12008600402,70.6,false,3,70.6
2024-11-06,12007301102,186.0,false,3,186
2024-11-06,12008601102,104.0,false,3,104
2024-11-06,12008000302,247.0,false,3,247
2024-11-06,4001000302,241.0,false,3,241
2024-11-06,16010900802,624.0,false,3,624
2024-11-09,17002113702,70.6,false,3,70.6
2024-11-09,16018401202,58.5,false,3,58.5
2024-11-09,17002106502,18.2,false,3,18.2
2024-11-09,16018411702,67.2,false,6,67.2
2024-11-09,16018401502,57.6,false,3,57.6
2024-11-09,17002107502,259.0,false,3,259
2024-11-09,17002111902,84.7,false,3,84.7
2024-11-09,17002114102,34.8,false,3,34.8
2024-11-09,17002106702,36.9,false,3,36.9
2024-11-09,17002102102,15.7,false,3,15.7
2024-11-09,17002113802,1060.0,false,3,1060
2024-11-09,17002105402,20.2,false,3,20.2
2024-11-09,16018401602,228.0,false,3,228
2024-11-09,14002808902,30.8,false,3,30.8
2024-11-09,3013301502,1210.0,false,3,1210
2024-11-09,17002113902,32.8,false,3,32.8
2024-11-09,17002102302,53.7,false,3,53.7
2024-11-09,14002802802,669.0,false,3,669
2024-11-09,17002107402,21.6,false,3,21.6
2024-11-09,17002113002,24.2,false,3,24.2
2024-11-09,3013304002,651.0,false,3,651
2024-11-09,17002100702,77.0,false,3,77
2024-11-09,3013401802,242.0,false,3,242
2024-11-09,3013301302,918.0,false,3,918
2024-11-09,17002113602,371.0,false,3,371
2024-11-09,3013303002,463.0,false,3,463
2024-11-09,17002104102,24.6,false,3,24.6
2024-11-09,14002803002,99.1,false,3,99.1
2024-11-09,14002800302,70.1,false,6,70.1
2024-11-09,14002809102,446.0,false,3,446
2024-11-09,14002801202,231.0,false,3,231
2024-11-09,17002102502,38.8,false,3,38.8
2024-11-09,3013301902,598.0,false,3,598
2024-11-09,3013400102,102.0,false,3,102
2024-11-18,1010700402,1880.0,false,30,1880
2024-11-18,17003500402,119.0,false,30,119
2024-11-18,17003100102,118.0,false,30,118
2024-11-18,17003500202,139.0,false,30,139
2024-11-20,16018403502,322.0,false,30,322
2024-11-21,6008501402,1470.0,false,30,1470
2024-11-21,6008301902,860.0,false,30,860
2024-11-25,18349002002,76.0,false,30,76
2024-11-25,18369001002,250.0,false,30,250
2024-11-25,18000017002,259.0,false,30,259
2024-11-25,18343003002,129.0,false,30,129
2024-11-25,18337012102,321.0,false,30,321
2024-11-25,18343000202,137.0,false,30,137
2024-11-26,18343052002,79.0,false,30,79
2024-11-26,18343023002,15.0,true,30,<30
2024-11-26,19006404502,208.0,false,30,208
2024-11-26,17002100302,99.0,false,30,99
2024-11-26,17002108602,681.0,false,30,681
2024-11-26,19006400102,155.0,false,30,155
2024-11-26,19006401420,340.0,false,30,340
2024-11-26,17002114502,402.0,false,30,402
2024-11-26,17002109502,161.0,false,30,161
2024-11-26,18343000102,101.0,false,30,101
2024-11-26,18343061002,43.0,false,30,43
2024-11-26,17002109202,171.0,false,30,171
2024-12-03,14002802802,396.0,false,3,396
2024-12-04,8002202402,751.0,false,3,751
2024-12-06,13001101002,387.0,false,3,387
2024-12-06,14002809102,303.0,false,3,303
2024-12-06,14002802802,956.0,false,3,956
2024-12-06,14002800302,143.0,false,6,143
2024-12-06,17002107702,75.1,false,3,75.1
2024-12-06,17002114002,103.0,false,3,103
2024-12-06,14002803002,673.0,false,3,673
2024-12-06,14002801202,342.0,false,3,342
2024-12-06,17000800202,476.0,false,3,476
2024-12-06,17002105202,151.0,false,3,151
2024-12-06,13001100202,799.0,false,3,799
2024-12-06,13000300102,772.0,false,3,772
2024-12-06,13001100102,476.0,false,3,476
2024-12-06,13000800102,2070.0,false,3,2070
2024-12-06,3013401802,287.0,false,3,287
2024-12-06,17002100802,44.6,false,3,44.6
2024-12-08,12007300302,375.0,false,3,375
2024-12-08,12007301102,203.0,false,3,203
2024-12-08,12007300802,289.0,false,3,289
2024-12-08,17002103802,167.0,false,3,167
2024-12-08,12008600102,262.0,false,3,262
2024-12-08,12008600202,204.0,false,3,204
2024-12-08,12007301502,146.0,false,3,146
2024-12-08,12008601102,135.0,false,3,135
2024-12-08,17002107702,90.8,false,3,90.8
2024-12-08,17002100802,30.4,false,3,30.4
2024-12-08,17002114002,115.0,false,3,115
2024-12-08,16018403502,390.0,false,3,390
2024-12-08,12008000302,520.0,false,3,520
2024-12-08,12008600402,79.3,false,3,79.3
2024-12-12,6008501402,367.0,false,30,367
2024-12-12,6008301902,190.0,false,30,190
