Collected date [YYYY-MM-DD],Month,Iron [ug/L],Collection site
2024-05-28,May,297.0,17002112802
2024-05-22,May,283.0,6007605202
2024-09-24,Sep,73.6,3005300102
2024-07-18,Jul,465.0,13000800102
2024-09-16,Sep,282.0,13000800102
2024-07-23,Jul,80.3,17002153802
2024-08-05,Aug,183.0,6006000802
2024-06-19,Jun,65.1,6007600302
2024-07-17,Jul,575.0,6007600302
2024-07-17,Jul,1170.0,6007601602
2024-07-17,Jul,682.0,6007601702
2024-08-21,Aug,142.0,6007600302
2024-12-06,Dec,75.1,17002107702
2024-12-06,Dec,103.0,17002114002
2024-08-21,Aug,45.6,6007601502
2024-07-08,Jul,206.0,6006000802
2024-07-08,Jul,68.6,6006300102
2024-08-21,Aug,133.0,6007601802
2024-05-22,May,238.0,6007602302
2024-06-19,Jun,61.3,6007600402
2024-09-16,Sep,92.4,13001101002
2024-08-15,Aug,208.0,6005900102
2024-08-21,Aug,151.0,6007600602
2024-09-18,Sep,75.4,6007605102
2024-03-04,Mar,436.0,6006301202
2024-07-15,Jul,65.2,17002114102
2024-04-23,Apr,79.4,9000100402
2024-04-23,Apr,60.9,9000100502
2024-04-23,Apr,420.0,6005000202
2024-05-14,May,74.9,8005600302
2024-02-04,Feb,69.7,17002107702
2024-06-19,Jun,66.8,6007605002
2024-06-03,Jun,250.0,6006301102
2024-05-22,May,86.3,6007601502
2024-05-16,May,85.5,13001101002
2024-08-13,Aug,11.0,17002106502
2024-08-13,Aug,51.7,17002114102
2024-05-28,May,258.0,9000100402
2024-10-09,Oct,68.9,17002107702
2024-04-23,Apr,143.0,9000800502
2024-05-16,May,613.0,13000300102
2024-02-04,Feb,204.0,3007600502
2024-02-04,Feb,153.0,3007701302
2024-08-13,Aug,63.9,17002106702
2024-09-18,Sep,49.1,6007602202
2024-09-18,Sep,39.5,6007600402
2024-10-23,Oct,33.7,6007600402
2024-05-14,May,28.3,8005600102
2024-04-23,Apr,159.0,9000800702
2024-04-23,Apr,143.0,9000800602
2024-05-14,May,101.0,8005600902
2024-05-14,May,274.0,8005600202
2024-05-14,May,42.1,8005603902
2024-07-23,Jul,144.0,17002112802
2024-07-23,Jul,207.0,17002104602
2024-08-13,Aug,127.0,17002100702
2024-08-13,Aug,92.0,17002105202
2024-02-28,Feb,884.0,9000100502
2024-02-28,Feb,1070.0,9000100402
2024-02-27,Feb,149.0,9000800602
2024-09-18,Sep,698.0,6007600502
2024-03-09,Mar,221.0,3007300202
2024-07-10,Jul,52.9,3007701302
2024-09-18,Sep,308.0,6007600802
2024-07-17,Jul,358.0,6007602302
2024-12-08,Dec,167.0,17002103802
2024-05-06,May,75.4,6006100302
2024-05-13,May,221.0,17002103802
2024-07-17,Jul,136.0,6006800102
2024-09-18,Sep,28.1,6007601502
2024-09-18,Sep,56.5,6007601002
2024-07-17,Jul,543.0,6007600402
2024-08-05,Aug,107.0,9000902402
2024-08-20,Aug,397.0,4001306302
2024-09-04,Sep,30.1,17002106502
2024-06-24,Jun,271.0,17002107102
2024-08-05,Aug,128.0,6006300102
2024-07-15,Jul,322.0,4001304402
2024-07-15,Jul,597.0,4001302502
2024-08-05,Aug,93.1,6006000702
2024-08-26,Aug,87.2,17002115702
2024-10-22,Oct,121.0,3005700702
2024-07-18,Jul,118.0,13001101002
2024-03-04,Mar,276.0,6006000802
2024-06-19,Jun,231.0,6007605202
2024-07-23,Jul,309.0,17002115602
2024-07-23,Jul,252.0,17002115702
2024-07-15,Jul,297.0,4001301602
2024-07-23,Jul,109.0,17002107102
2024-08-26,Aug,77.8,17002113302
2024-05-06,May,96.0,6005900102
2024-08-19,Aug,228.0,4001302502
2024-08-26,Aug,92.8,17002107102
2024-05-06,May,101.0,6006000802
2024-10-07,Oct,2700.0,6006301102
2024-06-13,Jun,30.1,17002106502
2024-10-29,Oct,96.0,17002115702
2024-08-15,Aug,50.7,6006000702
2024-06-13,Jun,30.8,17002106702
2024-09-18,Sep,101.0,6007601602
2024-09-18,Sep,73.8,6007601702
2024-09-18,Sep,65.0,6007600302
2024-09-18,Sep,30.9,6006800102
2024-03-09,Mar,88.1,3007500202
2024-06-08,Jun,207.0,3007000402
2024-06-08,Jun,817.0,3007000302
2024-06-08,Jun,270.0,3007300302
2024-04-06,Apr,147.0,3007000402
2024-04-06,Apr,151.0,3007000302
2024-08-04,Aug,50.2,8005600902
2024-08-04,Aug,60.5,8005603902
2024-08-04,Aug,95.3,8007600102
2024-08-04,Aug,32.7,8005600102
2024-09-18,Sep,212.0,6007602302
2024-12-08,Dec,115.0,17002114002
2024-12-08,Dec,30.4,17002100802
2024-12-08,Dec,90.8,17002107702
2024-07-15,Jul,22.3,17002106502
2024-02-27,Feb,77.1,9000800502
2024-02-28,Feb,818.0,6005000202
2024-02-27,Feb,95.3,9000800702
2024-07-15,Jul,38.5,17002106702
2024-08-04,Aug,68.3,8005600202
2024-09-18,Sep,81.8,6007601802
2024-09-18,Sep,42.5,6007605002
2024-02-04,Feb,133.0,3007000502
2024-07-15,Jul,109.0,17002100702
2024-03-09,Mar,52.5,9000902402
2024-03-09,Mar,53.1,6005900102
2024-08-04,Aug,60.4,8005600302
2024-03-09,Mar,134.0,6006000802
2024-02-07,Feb,159.0,3007000502
2024-09-07,Sep,58.4,17002107702
2024-09-07,Sep,126.0,17002114002
2024-03-09,Mar,40.2,6006301202
2024-03-09,Mar,52.4,6006300102
2024-03-09,Mar,100.0,6006100302
2024-09-18,Sep,173.0,6007605202
2024-09-18,Sep,200.0,6007600602
2024-03-09,Mar,112.0,6006000702
2024-03-09,Mar,183.0,6006301102
2024-08-21,Aug,242.0,6007605202
2024-08-21,Aug,151.0,6007601002
2024-10-29,Oct,36.0,17002153802
2024-09-07,Sep,195.0,17002103802
2024-10-29,Oct,61.0,17002115602
2024-06-13,Jun,107.0,17002103802
2024-09-07,Sep,35.9,17002100802
2024-09-07,Sep,126.0,17002105202
2024-08-21,Aug,30.4,6006800102
2024-08-15,Aug,80.2,9000902402
2024-09-16,Sep,146.0,4001306402
2024-06-18,Jun,84.6,8005600902
2024-09-17,Sep,289.0,4001306302
2024-09-17,Sep,56.9,4001304702
2024-12-06,Dec,44.6,17002100802
2024-09-24,Sep,41.8,17002105702
2024-08-19,Aug,177.0,4001304102
2024-08-26,Aug,112.0,17002112802
2024-09-17,Sep,362.0,4001302902
2024-08-21,Aug,310.0,6007602302
2024-08-21,Aug,228.0,6007605002
2024-09-24,Sep,263.0,17002112802
2024-09-04,Sep,27.5,17002114102
2024-07-17,Jul,432.0,6007601802
2024-02-04,Feb,65.0,17002100802
2024-02-04,Feb,154.0,17002105202
2024-09-16,Sep,44.9,4001304102
2024-03-04,Mar,355.0,6006100302
2024-05-16,May,339.0,13001100102
2024-08-14,Aug,297.0,13001101002
2024-07-16,Jul,845.0,4001304702
2024-07-23,Jul,199.0,3005703002
2024-06-17,Jun,68.9,4001302502
2024-12-06,Dec,387.0,13001101002
2024-05-28,May,43.2,17002111802
2024-06-03,Jun,140.0,6006300102
2024-03-04,Mar,134.0,6006000702
2024-06-19,Jun,171.0,6007601602
2024-07-16,Jul,726.0,4001306302
2024-08-05,Aug,85.6,6005900102
2024-08-20,Aug,193.0,4001304702
2024-08-20,Aug,905.0,4001302902
2024-08-26,Aug,52.7,17002153802
2024-08-26,Aug,114.0,17002104602
2024-10-23,Oct,353.0,6007600802
2024-10-23,Oct,43.7,6007602202
2024-10-23,Oct,153.0,6007602302
2024-07-17,Jul,366.0,6007601002
2024-10-07,Oct,1790.0,9000902402
2024-08-21,Aug,103.0,6007605102
2024-08-21,Aug,107.0,6007600402
2024-03-09,Mar,102.0,3007600302
2024-10-23,Oct,158.0,6007605202
2024-10-29,Oct,32.0,17002105702
2024-10-29,Oct,137.0,17002104602
2024-06-13,Jun,99.8,17002100702
2024-08-21,Aug,515.0,6007600502
2024-06-13,Jun,69.5,17002114102
2024-10-23,Oct,20.5,6007601502
2024-10-07,Oct,1350.0,6006100302
2024-10-29,Oct,120.0,17002112802
2024-10-29,Oct,33.0,17002111802
2024-10-29,Oct,93.0,17002107102
2024-10-29,Oct,141.0,17002113302
2024-10-23,Oct,60.6,6007600302
2024-02-07,Feb,105.0,3007500202
2024-07-08,Jul,32.1,6006301202
2024-08-21,Aug,179.0,6007601702
2024-08-21,Aug,377.0,6007600802
2024-09-16,Sep,238.0,4001301702
2024-07-08,Jul,83.7,6006100302
2024-07-08,Jul,152.0,6006301102
2024-04-06,Apr,215.0,3007300302
2024-04-06,Apr,176.0,3007300202
2024-05-28,May,251.0,9000100502
2024-12-06,Dec,151.0,17002105202
2024-09-16,Sep,142.0,4001301602
2024-09-24,Sep,90.3,17002115702
2024-09-24,Sep,120.0,17002113302
2024-05-28,May,360.0,9000800502
2024-05-28,May,135.0,6005000202
2024-09-16,Sep,55.7,4001304402
2024-10-07,Oct,960.0,6006300102
2024-05-14,May,83.7,17002105202
2024-05-28,May,487.0,9000800602
2024-05-28,May,443.0,9000800702
2024-05-14,May,22.2,17002106702
2024-09-24,Sep,142.0,17002115602
2024-07-17,Jul,376.0,6007600502
2024-10-07,Oct,369.0,6006000702
2024-10-07,Oct,1790.0,6005900102
2024-09-24,Sep,105.0,17002107102
2024-08-21,Aug,87.8,6007602202
2024-07-17,Jul,541.0,6007600802
2024-08-21,Aug,214.0,6007601602
2024-09-16,Sep,102.0,4001302502
2024-09-24,Sep,171.0,17002104602
2024-09-24,Sep,48.5,17002111802
2024-10-09,Oct,80.0,17002114002
2024-10-09,Oct,181.0,17002103802
2024-10-09,Oct,23.2,17002100802
2024-10-09,Oct,72.3,17002105202
2024-05-14,May,42.2,17002106502
2024-11-09,Nov,77.0,17002100702
2024-05-14,May,62.6,17002114102
2024-06-18,Jun,115.0,8007600102
2024-06-18,Jun,232.0,8005603902
2024-05-14,May,105.0,17002100702
2024-06-18,Jun,69.5,8005600302
2024-06-18,Jun,40.7,8005600202
2024-05-06,May,70.8,6006301202
2024-09-24,Sep,44.8,17002153802
2024-08-26,Aug,35.0,17002105702
2024-08-26,Aug,138.0,17002115602
2024-06-18,Jun,18.3,8005600102
2024-09-07,Sep,296.0,8007600102
2024-10-23,Oct,81.2,6007605102
2024-09-07,Sep,104.0,8005600302
2024-10-23,Oct,24.8,6007605002
2024-10-23,Oct,135.0,6007600602
2024-10-23,Oct,87.1,6007601802
2024-10-23,Oct,50.0,6007601002
2024-05-06,May,111.0,6006000702
2024-08-19,Aug,160.0,4001304402
2024-08-19,Aug,492.0,4001301702
2024-05-13,May,95.2,17002114002
2024-08-26,Aug,46.0,17002111802
2024-06-25,Jun,93.2,9000100402
2024-06-25,Jun,43.2,6005000202
2024-06-25,Jun,257.0,9000800502
2024-06-25,Jun,384.0,9000800602
2024-06-25,Jun,198.0,9000800702
2024-06-25,Jun,85.7,9000100502
2024-05-13,May,47.5,17002100802
2024-07-17,Jul,178.0,6007600602
2024-07-17,Jul,122.0,6007601502
2024-07-17,Jul,348.0,6007602202
2024-05-13,May,65.4,17002107702
2024-07-23,Jul,342.0,9000800602
2024-07-17,Jul,313.0,6007605202
2024-05-06,May,273.0,9000902402
2024-11-09,Nov,18.2,17002106502
2024-11-09,Nov,34.8,17002114102
2024-05-06,May,80.0,6006300102
2024-05-06,May,160.0,6006301102
2024-07-17,Jul,185.0,6007605102
2024-11-09,Nov,36.9,17002106702
2024-09-04,Sep,56.1,17002100702
2024-09-04,Sep,27.3,17002106702
2024-08-05,Aug,171.0,6006100302
2024-08-19,Aug,194.0,4001306402
2024-08-10,Aug,138.0,17002103802
2024-08-19,Aug,257.0,4001301602
2024-09-07,Sep,44.1,8005600202
2024-06-19,Jun,150.0,6007601802
2024-08-05,Aug,405.0,6006301102
2024-07-23,Jul,101.0,17002113302
2024-07-23,Jul,42.5,17002105702
2024-07-16,Jul,900.0,4001302902
2024-07-23,Jul,96.0,17002111802
2024-06-19,Jun,291.0,6007600802
2024-06-19,Jun,68.4,6007602202
2024-03-04,Mar,215.0,9000902402
2024-09-07,Sep,99.2,8005603902
2024-09-07,Sep,34.0,8005600102
2024-09-07,Sep,54.5,8005600902
2024-06-19,Jun,67.0,6007601702
2024-09-23,Sep,658.0,13001100102
2024-05-28,May,153.0,17002113302
2024-02-04,Feb,134.0,17002114002
2024-06-03,Jun,97.4,6006000702
2024-05-16,May,268.0,13000800102
2024-05-16,May,206.0,13001100202
2024-06-17,Jun,158.0,4001306402
2024-08-14,Aug,348.0,13000800102
2024-06-19,Jun,178.0,6007600602
2024-10-22,Oct,217.0,3005703102
2024-08-05,Aug,188.0,6006301202
2024-07-15,Jul,220.0,4001306402
2024-07-15,Jul,1040.0,4001301702
2024-10-23,Oct,73.3,6007601602
2024-10-23,Oct,44.1,6007601702
2024-10-23,Oct,16.3,6006800102
2024-10-23,Oct,718.0,6007600502
2024-06-24,Jun,249.0,17002113302
2024-06-24,Jun,239.0,17002115702
2024-08-14,Aug,1180.0,13000300102
2024-09-16,Sep,1150.0,13000300102
2024-09-16,Sep,94.1,13001100202
2024-08-14,Aug,86.2,13001100202
2024-02-04,Feb,89.2,17002103802
2024-06-19,Jun,79.1,6007605102
2024-07-23,Jul,344.0,6005000202
2024-06-19,Jun,205.0,6007602302
2024-06-19,Jun,39.7,6007601502
2024-03-04,Mar,287.0,6005900102
2024-10-22,Oct,59.2,3005702802
2024-10-21,Oct,79.2,3005703002
2024-10-21,Oct,242.0,3005702502
2024-10-21,Oct,42.1,3005300102
2024-07-23,Jul,92.9,9000100502
2024-07-23,Jul,258.0,9000800502
2024-06-24,Jun,215.0,17002112802
2024-07-23,Jul,179.0,9000100402
2024-07-23,Jul,431.0,9000800702
2024-04-22,Apr,94.5,17002114502
2024-04-22,Apr,57.3,17002109502
2024-08-10,Aug,35.1,17002100802
2024-08-10,Aug,90.1,17002114002
2024-08-10,Aug,66.0,17002107702
2024-08-13,Aug,52.6,8005603902
2024-07-18,Jul,815.0,13001100102
2024-08-10,Aug,56.8,17002105202
2024-03-09,Mar,16.1,3007701302
2024-04-06,Apr,33.4,3007701302
2024-07-10,Jul,342.0,3007000402
2024-07-10,Jul,175.0,3007300202
2024-06-24,Jun,70.5,17002111802
2024-06-24,Jun,37.4,17002105702
2024-06-03,Jun,82.8,9000902402
2024-05-22,May,119.0,6007605102
2024-02-07,Feb,201.0,3007000402
2024-02-07,Feb,109.0,3007000302
2024-03-09,Mar,126.0,3006600102
2024-03-09,Mar,161.0,3007000502
2024-03-09,Mar,188.0,3007300302
2024-04-06,Apr,78.4,3007500202
2024-06-08,Jun,175.0,3007000502
2024-06-08,Jun,93.1,3007500202
2024-06-08,Jun,85.9,3007600402
2024-06-08,Jun,99.9,3007600302
2024-06-08,Jun,96.6,3007600602
2024-06-08,Jun,30.6,3007701302
2024-07-10,Jul,62.8,3007600302
2024-08-27,Aug,170.0,9000800602
2024-08-27,Aug,444.0,9000800702
2024-08-27,Aug,70.5,9000100402
2024-08-27,Aug,57.6,6005000202
2024-08-27,Aug,59.5,9000100502
2024-08-20,Aug,106.0,17002109502
2024-04-22,Apr,59.5,17002100302
2024-04-22,Apr,117.0,17002108602
2024-04-22,Apr,146.0,17002109202
2024-08-13,Aug,94.0,8005600302
2024-08-13,Aug,30.1,8005600102
2024-08-13,Aug,51.2,8005600902
2024-08-13,Aug,119.0,8007600102
2024-08-13,Aug,96.8,8005600202
2024-09-09,Sep,105.0,8005603902
2024-09-10,Sep,105.0,17002100702
2024-09-10,Sep,37.3,17002106702
2024-09-10,Sep,12.0,17002106502
2024-09-10,Sep,38.4,17002114102
2024-09-25,Sep,487.0,9000800702
2024-09-25,Sep,546.0,9000100402
2024-02-04,Feb,72.6,3007000302
2024-02-04,Feb,109.0,3007300302
2024-02-04,Feb,110.0,3007300202
2024-02-04,Feb,100.0,3007500202
2024-02-04,Feb,83.4,3007600402
2024-02-04,Feb,90.5,3007600302
2024-05-13,May,201.0,3007000402
2024-08-27,Aug,115.0,9000800502
2024-09-25,Sep,92.1,9000800502
2024-09-25,Sep,271.0,9000800602
2024-08-20,Aug,208.0,17002109202
2024-08-20,Aug,273.0,17002100302
2024-08-20,Aug,517.0,17002108602
2024-08-20,Aug,345.0,17002114502
2024-09-24,Sep,65.6,17002100302
2024-09-24,Sep,74.1,17002109502
2024-09-09,Sep,80.1,8005600902
2024-09-09,Sep,137.0,8005600202
2024-09-09,Sep,24.4,8005600102
2024-09-09,Sep,124.0,8005600302
2024-05-13,May,105.0,3007600602
2024-05-13,May,263.0,3007600502
2024-02-07,Feb,229.0,3007300302
2024-02-07,Feb,38.8,3007701302
2024-03-09,Mar,261.0,3007000402
2024-03-09,Mar,165.0,3007000302
2024-06-08,Jun,134.0,3006600102
2024-04-06,Apr,72.2,3006600102
2024-09-25,Sep,64.9,6005000202
2024-09-25,Sep,475.0,9000100502
2024-09-24,Sep,456.0,17002108602
2024-09-24,Sep,268.0,17002114502
2024-10-31,Oct,251.0,9000100402
2024-10-31,Oct,372.0,9000800702
2024-10-31,Oct,85.0,6005000202
2024-10-31,Oct,88.0,9000800502
2024-10-31,Oct,579.0,9000800602
2024-09-24,Sep,91.6,17002109202
2024-09-09,Sep,101.0,8007600102
2024-08-10,Aug,82.7,8007600102
2024-08-10,Aug,83.1,8005600202
2024-04-17,Apr,155.0,17002600402
2024-04-17,Apr,124.0,17002600702
2024-04-17,Apr,156.0,17002600302
2024-04-17,Apr,197.0,17002600202
2024-03-25,Mar,191.0,18207015002
2024-03-27,Mar,1990.0,18207000802
2024-03-27,Mar,44.8,18207006002
2024-03-27,Mar,138.0,18207014502
2024-03-27,Mar,161.0,18207000702
2024-10-31,Oct,109.0,9000100502
2024-09-04,Sep,49.8,17002104102
2024-06-25,Jun,480.0,19006400402
2024-11-26,Nov,681.0,17002108602
2024-11-26,Nov,171.0,17002109202
2024-11-26,Nov,161.0,17002109502
2024-11-26,Nov,402.0,17002114502
2024-11-26,Nov,99.0,17002100302
2024-06-17,Jun,76.6,17002109502
2024-06-17,Jun,303.0,17002109202
2024-08-10,Aug,82.5,8005603902
2024-04-17,Apr,66.8,17002601202
2024-08-10,Aug,133.0,8005600902
2024-08-10,Aug,91.4,8005600302
2024-04-17,Apr,81.2,17002601101
2024-04-17,Apr,213.0,17002600102
2024-04-17,Apr,238.0,17002602502
2024-04-17,Apr,36.8,17002602302
2024-04-17,Apr,123.0,17002601902
2024-04-17,Apr,156.0,17002600602
2024-06-17,Jun,43.2,17002100302
2024-06-17,Jun,335.0,17002114502
2024-06-17,Jun,478.0,17002108602
2024-07-22,Jul,342.0,17002109202
2024-07-22,Jul,368.0,17002114502
2024-07-22,Jul,135.0,17002109502
2024-02-04,Feb,106.0,3007600602
2024-05-13,May,91.0,3007500202
2024-05-13,May,118.0,3007600302
2024-03-27,Mar,539.0,18207002002
2024-03-27,Mar,287.0,18207010002
2024-04-22,Apr,294.0,18207010002
2024-04-22,Apr,185.0,18207015002
2024-02-07,Feb,118.0,3007600602
2024-03-09,Mar,104.0,3007600402
2024-03-09,Mar,106.0,3007600602
2024-03-09,Mar,212.0,3007600502
2024-04-06,Apr,137.0,3007600602
2024-05-28,May,417.0,19006400402
2024-05-28,May,125.0,19006404502
2024-05-28,May,137.0,19006401420
2024-05-28,May,149.0,19006400102
2024-04-17,Apr,135.0,17002601302
2024-07-22,Jul,42.3,17002100302
2024-04-17,Apr,208.0,17002600902
2024-07-05,Jul,135.0,17002600102
2024-07-05,Jul,217.0,17002600602
2024-07-05,Jul,33.7,17002602302
2024-07-22,Jul,457.0,17002108602
2024-09-04,Sep,83.9,17002113702
2024-04-22,Apr,161.0,18207014502
2024-04-22,Apr,157.0,18207016002
2024-04-23,Apr,145.0,18207006002
2024-04-23,Apr,546.0,18207002002
2024-04-23,Apr,1520.0,18207000802
2024-04-23,Apr,396.0,18207000702
2024-06-08,Jun,210.0,3007300202
2024-07-10,Jul,86.4,3006600102
2024-07-10,Jul,207.0,3007500202
2024-07-10,Jul,58.8,3007600402
2024-07-10,Jul,206.0,3007600502
2024-06-25,Jun,125.0,19006401420
2024-06-25,Jun,214.0,19006404502
2024-06-25,Jun,309.0,19006400102
2024-07-05,Jul,189.0,17002600702
2024-05-28,May,124.0,17002109502
2024-07-30,Jul,156.0,19006400402
2024-07-30,Jul,194.0,19006404502
2024-07-05,Jul,135.0,17002600202
2024-05-28,May,214.0,17002109202
2024-05-28,May,55.4,17002100302
2024-05-28,May,386.0,17002114502
2024-05-28,May,500.0,17002108602
2024-09-04,Sep,80.1,17002111902
2024-09-04,Sep,81.7,17002113602
2024-05-28,May,207.0,18207010002
2024-05-28,May,693.0,18207015002
2024-05-29,May,1570.0,18207000802
2024-05-29,May,601.0,18207002002
2024-07-30,Jul,111.0,19006401420
2024-07-30,Jul,125.0,19006400102
2024-08-26,Aug,114.0,19006400102
2024-04-17,Apr,394.0,4001000302
2024-08-26,Aug,189.0,19006400402
2024-05-13,May,84.7,3007600402
2024-02-07,Feb,84.1,3007600402
2024-04-16,Apr,511.0,16003000302
2024-04-16,Apr,467.0,16001800302
2024-04-16,Apr,693.0,16003200102
2024-04-16,Apr,873.0,10000200202
2024-04-16,Apr,432.0,10000100302
2024-04-16,Apr,454.0,16002700102
2024-04-16,Apr,411.0,16003200202
2024-07-05,Jul,188.0,17002601302
2024-07-05,Jul,71.0,17002601101
2024-07-05,Jul,147.0,17002600302
2024-07-05,Jul,347.0,17002602502
2024-09-04,Sep,27.4,17002113002
2024-09-04,Sep,30.9,17002107402
2024-09-04,Sep,43.5,17002102102
2024-09-04,Sep,45.0,17002102502
2024-09-04,Sep,18.5,17002105402
2024-09-04,Sep,144.0,17002107502
2024-09-04,Sep,93.1,17002102302
2024-07-05,Jul,143.0,17002600402
2024-07-05,Jul,176.0,17002601902
2024-07-05,Jul,190.0,17002601202
2024-06-25,Jun,290.0,18207015002
2024-06-25,Jun,304.0,18207010002
2024-06-26,Jun,784.0,18207002002
2024-08-26,Aug,220.0,19006404502
2024-08-26,Aug,97.8,19006401420
2024-01-10,Jan,196.0,19006404502
2024-01-10,Jan,91.2,19006401420
2024-01-10,Jan,105.0,19006400102
2024-05-13,May,780.0,16001800302
2024-05-13,May,461.0,16002700102
2024-04-06,Apr,179.0,3007000502
2024-07-10,Jul,168.0,3007300302
2024-05-15,May,255.0,17002107502
2024-05-15,May,84.5,17002113702
2024-05-15,May,102.0,17002111902
2024-05-15,May,221.0,17002113602
2024-05-15,May,47.6,17002102502
2024-05-15,May,81.5,17002104102
2024-07-05,Jul,322.0,17002600902
2024-06-24,Jun,96.0,17002600202
2024-06-24,Jun,279.0,17002600602
2024-06-24,Jun,36.8,17002602302
2024-08-26,Aug,374.0,18207015002
2024-06-24,Jun,364.0,17002601202
2024-04-22,Apr,63.2,18343003002
2024-04-22,Apr,158.0,18337012102
2024-06-24,Jun,383.0,17002601302
2024-06-24,Jun,386.0,17002601902
2024-06-24,Jun,90.7,17002600102
2024-06-24,Jun,39.7,17002601101
2024-07-22,Jul,172.0,18207010002
2024-07-22,Jul,451.0,18207015002
2024-08-26,Aug,42.2,18207010002
2024-01-10,Jan,411.0,19006400402
2024-05-11,May,162.0,19006401420
2024-05-11,May,388.0,19006404502
2024-05-11,May,239.0,19006400102
2024-05-11,May,770.0,19006400402
2024-12-06,Dec,476.0,13001100102
2024-05-14,May,749.0,4001000302
2024-05-13,May,563.0,16003200202
2024-05-13,May,445.0,10000100302
2024-05-13,May,460.0,16003200102
2024-05-13,May,597.0,16003000302
2024-10-06,Oct,213.0,16003200202
2024-10-06,Oct,345.0,16003200102
2024-10-06,Oct,537.0,16001800302
2024-10-06,Oct,326.0,10000100302
2024-05-15,May,33.0,17002107402
2024-05-15,May,39.1,17002113002
2024-05-15,May,22.7,17002102102
2024-05-15,May,32.7,17002105402
2024-05-15,May,69.2,17002102302
2024-10-06,Oct,31.4,17002104102
2024-10-06,Oct,376.0,17002107502
2024-02-04,Feb,98.6,3006600102
2024-02-04,Feb,132.0,3007000402
2024-05-13,May,108.0,3006600102
2024-06-24,Jun,102.0,17002600302
2024-08-27,Aug,2660.0,18207000802
2024-08-27,Aug,705.0,18207002002
2024-10-06,Oct,396.0,16003000302
2024-10-06,Oct,385.0,16002700102
2024-11-06,Nov,241.0,4001000302
2024-11-26,Nov,208.0,19006404502
2024-11-26,Nov,340.0,19006401420
2024-11-26,Nov,155.0,19006400102
2024-04-22,Apr,79.3,18349002002
2024-04-22,Apr,196.0,18369001002
2024-09-23,Sep,46.6,18207014502
2024-10-06,Oct,31.2,17002102102
2024-10-06,Oct,77.9,17002111902
2024-10-06,Oct,67.6,17002102502
2024-06-24,Jun,470.0,17002602502
2024-06-24,Jun,75.0,17002600402
2024-06-24,Jun,183.0,17002600702
2024-06-24,Jun,498.0,17002600902
2024-04-06,Apr,93.0,3007600402
2024-04-06,Apr,267.0,3007600502
2024-07-10,Jul,78.2,3007600602
2024-10-06,Oct,643.0,10000200202
2024-05-22,May,172.0,6007602202
2024-05-22,May,153.0,6007600402
2024-05-22,May,160.0,6007605002
2024-03-04,Mar,181.0,6006300102
2024-06-24,Jun,83.1,17002153802
2024-04-22,Apr,211.0,18000017002
2024-04-22,Apr,75.8,18343000202
2024-07-23,Jul,503.0,18207002002
2024-10-06,Oct,25.2,17002113002
2024-10-06,Oct,35.2,17002102302
2024-10-06,Oct,198.0,17002113602
2024-10-06,Oct,91.8,17002113702
2024-10-06,Oct,20.9,17002107402
2024-10-06,Oct,39.5,17002105402
2024-07-17,Jul,30.4,17002113002
2024-07-17,Jul,96.7,17002111902
2024-07-17,Jul,20.7,17002105402
2024-10-09,Oct,358.0,4001000302
2024-07-24,Jul,259.0,17002601202
2024-07-24,Jul,125.0,17002600302
2024-07-24,Jul,288.0,17002600602
2024-05-13,May,191.0,3007000502
2024-05-13,May,124.0,3007000302
2024-05-13,May,125.0,3007300302
2024-05-13,May,129.0,3007300202
2024-04-23,Apr,45.9,18343052002
2024-09-09,Sep,673.0,10000200202
2024-04-23,Apr,41.5,18343023002
2024-04-23,Apr,20.3,18343061002
2024-04-23,Apr,64.3,18343000102
2024-05-27,May,55.7,18349002002
2024-05-27,May,92.7,18343003002
2024-05-27,May,166.0,18337012102
2024-07-17,Jul,28.2,17002102102
2024-07-17,Jul,13.9,17002104102
2024-07-17,Jul,144.0,17002102302
2024-07-23,Jul,1030.0,18207000802
2024-07-24,Jul,477.0,17002601302
2024-07-24,Jul,79.2,17002600202
2024-07-24,Jul,528.0,17002602502
2024-07-24,Jul,79.5,17002600102
2024-07-24,Jul,20.2,17002602302
2024-07-24,Jul,136.0,17002600402
2024-07-24,Jul,98.8,17002600702
2024-07-24,Jul,314.0,17002601902
2024-07-24,Jul,42.7,17002601101
2024-09-09,Sep,612.0,16001800302
2024-09-09,Sep,84.2,16002700102
2024-09-09,Sep,819.0,10000100302
2024-09-09,Sep,247.0,16003200202
2024-09-09,Sep,302.0,16003200102
2024-05-13,May,73.0,3007701302
2024-02-07,Feb,128.0,3006600102
2024-02-07,Feb,235.0,3007300202
2024-02-07,Feb,114.0,3007600302
2024-02-07,Feb,287.0,3007600502
2024-04-06,Apr,99.7,3007600302
2024-06-08,Jun,179.0,3007600502
2024-07-10,Jul,136.0,3007000502
2024-07-10,Jul,125.0,3007000302
2024-05-27,May,159.0,18369001002
2024-05-28,May,99.6,18343052002
2024-08-14,Aug,209.0,17002107402
2024-05-27,May,173.0,18000017002
2024-05-27,May,126.0,18343000202
2024-07-17,Jul,771.0,17002113602
2024-07-17,Jul,67.8,17002102502
2024-07-17,Jul,554.0,17002107502
2024-07-17,Jul,452.0,17002113702
2024-07-17,Jul,33.0,17002107402
2024-04-22,Apr,647.0,4002700902
2024-04-22,Apr,370.0,4002701702
2024-10-15,Oct,678.0,16001800302
2024-04-22,Apr,501.0,4002700802
2024-06-19,Jun,79.3,6007601002
2024-06-19,Jun,67.6,6006800102
2024-03-04,Mar,697.0,6006301102
2024-05-27,May,657.0,4002700802
2024-09-09,Sep,293.0,16003000302
2024-10-15,Oct,437.0,16003200202
2024-10-15,Oct,254.0,16003200102
2024-06-19,Jun,405.0,6007600502
2024-10-15,Oct,160.0,16002700102
2024-07-24,Jul,460.0,17002600902
2024-08-19,Aug,57.0,17002600202
2024-08-19,Aug,125.0,17002601302
2024-08-19,Aug,618.0,17002600902
2024-06-03,Jun,67.3,6006301202
2024-06-18,Jun,41.3,4001304702
2024-05-28,May,209.0,17002104602
2024-05-28,May,136.0,17002115702
2024-07-18,Jul,434.0,13001100202
2024-08-19,Aug,144.0,17002600302
2024-05-28,May,240.0,18343000102
2024-05-28,May,29.5,18343061002
2024-05-28,May,33.2,18343023002
2024-07-18,Jul,2450.0,13000300102
2024-06-17,Jun,149.0,4001301602
2024-09-24,Sep,314.0,3005702502
2024-12-06,Dec,799.0,13001100202
2024-12-06,Dec,772.0,13000300102
2024-06-24,Jun,222.0,18343000202
2024-06-24,Jun,565.0,18369001002
2024-08-14,Aug,363.0,17002107502
2024-08-14,Aug,283.0,17002113702
2024-08-14,Aug,15.0,17002102102
2024-08-14,Aug,57.2,17002102502
2024-08-14,Aug,117.0,17002111902
2024-08-14,Aug,675.0,17002113602
2024-05-27,May,609.0,4002701702
2024-09-07,Sep,156.0,12008600102
2024-05-27,May,1050.0,4002700902
2024-12-06,Dec,2070.0,13000800102
2024-10-15,Oct,464.0,16003000302
2024-10-15,Oct,536.0,10000200202
2024-10-16,Oct,302.0,4001000302
2024-10-15,Oct,290.0,10000100302
2024-08-19,Aug,25.1,17002602302
2024-08-19,Aug,113.0,17002600402
2024-08-19,Aug,86.9,17002600702
2024-08-19,Aug,365.0,17002600602
2024-08-19,Aug,336.0,17002601202
2024-06-24,Jun,202.0,18000017002
2024-08-14,Aug,11.8,17002105402
2024-08-14,Aug,23.8,17002104102
2024-08-14,Aug,38.1,17002113002
2024-08-14,Aug,24.8,17002102302
2024-08-07,Aug,386.0,16003200202
2024-07-29,Jul,177.0,18000017002
2024-06-24,Jun,439.0,18337012102
2024-06-24,Jun,48.0,18349002002
2024-06-24,Jun,131.0,18343003002
2024-09-07,Sep,132.0,12007301502
2024-09-07,Sep,254.0,12007300802
2024-09-07,Sep,140.0,12007300302
2024-08-07,Aug,774.0,16001800302
2024-08-07,Aug,601.0,16003000302
2024-08-07,Aug,110.0,16002700102
2024-09-07,Sep,476.0,4001000302
2024-06-24,Jun,579.0,4002700802
2024-06-24,Jun,268.0,4002701702
2024-06-24,Jun,372.0,4002700902
2024-07-22,Jul,784.0,4002700802
2024-07-22,Jul,959.0,4002701702
2024-08-19,Aug,61.6,17002600102
2024-08-19,Aug,42.6,17002601101
2024-08-19,Aug,325.0,17002602502
2024-08-19,Aug,104.0,17002601902
2024-09-23,Sep,105.0,17002600102
2024-09-23,Sep,73.1,17002600302
2024-09-23,Sep,91.5,17002601302
2024-09-23,Sep,107.0,17002601902
2024-11-09,Nov,15.7,17002102102
2024-11-09,Nov,20.2,17002105402
2024-11-09,Nov,70.6,17002113702
2024-11-09,Nov,84.7,17002111902
2024-06-25,Jun,28.6,18343023002
2024-06-25,Jun,23.8,18343061002
2024-06-25,Jun,331.0,18343000102
2024-06-25,Jun,138.0,18343052002
2024-07-29,Jul,136.0,18343003002
2024-08-07,Aug,398.0,10000200202
2024-07-22,Jul,1090.0,4002700902
2024-08-07,Aug,462.0,16003200102
2024-08-07,Aug,158.0,10000100302
2024-08-26,Aug,966.0,4002700902
2024-09-23,Sep,93.4,17002600402
2024-09-23,Sep,125.0,17002600702
2024-09-23,Sep,20.1,17002601101
2024-09-23,Sep,22.6,17002602302
2024-11-09,Nov,259.0,17002107502
2024-09-24,Sep,180.0,3005703002
2024-06-03,Jun,54.9,6005900102
2024-09-23,Sep,206.0,17002600602
2024-11-09,Nov,24.6,17002104102
2024-11-09,Nov,38.8,17002102502
2024-11-09,Nov,371.0,17002113602
2024-11-09,Nov,24.2,17002113002
2024-11-09,Nov,21.6,17002107402
2024-11-09,Nov,53.7,17002102302
2024-04-06,Apr,247.0,19004300102
2024-07-29,Jul,181.0,18337012102
2024-07-29,Jul,29.6,18349002002
2024-05-06,May,244.0,19004400102
2024-07-06,Jul,212.0,19004300502
2024-04-06,Apr,326.0,19004000102
2024-02-10,Feb,72.7,19004300402
2024-04-10,Apr,248.0,19004000102
2024-08-26,Aug,653.0,4002700802
2024-08-26,Aug,215.0,4002701702
2024-09-23,Sep,347.0,4002700902
2024-09-23,Sep,235.0,4002701702
2024-09-23,Sep,264.0,17002601202
2024-08-10,Aug,461.0,17002113602
2024-09-23,Sep,79.9,17002600202
2024-09-23,Sep,214.0,17002602502
2024-08-10,Aug,28.4,17002113002
2024-08-10,Aug,95.3,17002111902
2024-08-10,Aug,257.0,17002107502
2024-08-10,Aug,12.9,17002107402
2024-08-10,Aug,37.9,17002102102
2024-08-10,Aug,44.0,17002102302
2024-07-29,Jul,118.0,18343000202
2024-07-29,Jul,111.0,18369001002
2024-07-30,Jul,20.1,18343061002
2024-07-30,Jul,95.6,18343052002
2024-07-30,Jul,251.0,18343000102
2024-03-10,Mar,199.0,19004300502
2024-04-10,Apr,273.0,19004300102
2024-07-30,Jul,31.3,18343023002
2024-02-10,Feb,296.0,19004400102
2024-04-10,Apr,405.0,19000103602
2024-09-23,Sep,388.0,4002700802
2024-10-28,Oct,398.0,4002700902
2024-10-28,Oct,280.0,4002700802
2024-10-28,Oct,288.0,4002701702
2024-08-10,Aug,19.9,17002105402
2024-08-10,Aug,19.8,17002104102
2024-08-10,Aug,46.9,17002113702
2024-08-10,Aug,42.1,17002102502
2024-09-23,Sep,405.0,17002600902
2024-08-26,Aug,156.0,18369001002
2024-08-26,Aug,89.8,18343000202
2024-10-30,Oct,93.0,17002600202
2024-10-30,Oct,164.0,17002600702
2024-10-30,Oct,187.0,17002600602
2024-08-26,Aug,150.0,18343003002
2024-08-26,Aug,49.7,18349002002
2024-08-26,Aug,195.0,18337012102
2024-08-26,Aug,145.0,18000017002
2024-04-16,Apr,115.0,6011700302
2024-04-16,Apr,158.0,6013300402
2024-05-22,May,887.0,17002113802
2024-05-22,May,40.8,17002113902
2024-10-30,Oct,169.0,17002601202
2024-10-30,Oct,59.0,17002600302
2024-10-30,Oct,120.0,17002600402
2024-10-30,Oct,15.0,17002602302
2024-10-30,Oct,223.0,17002601302
2024-10-30,Oct,103.0,17002601101
2024-10-30,Oct,122.0,17002600102
2024-10-30,Oct,296.0,17002602502
2024-10-30,Oct,176.0,17002601902
2024-04-16,Apr,60.6,6011700202
2024-04-16,Apr,122.0,6013000102
2024-04-16,Apr,145.0,6013300502
2024-05-21,May,86.3,6012900102
2024-05-21,May,57.3,6011700302
2024-05-21,May,116.0,6013000102
2024-08-27,Aug,30.7,18343023002
2024-08-27,Aug,248.0,18343000102
2024-08-27,Aug,36.4,18343061002
2024-06-17,Jun,983.0,17002113902
2024-06-17,Jun,42.7,17002113802
2024-08-26,Aug,36.5,17002113902
2024-08-26,Aug,1190.0,17002113802
2024-11-09,Nov,32.8,17002113902
2024-06-18,Jun,102.0,6011700302
2024-05-21,May,37.3,6011700202
2024-05-21,May,89.8,6013300402
2024-06-18,Jun,82.7,6012900102
2024-08-27,Aug,62.6,18343052002
2024-09-23,Sep,188.0,18000017002
2024-07-17,Jul,159.0,6011700202
2024-08-05,Aug,470.0,14002803002
2024-11-09,Nov,242.0,3013401802
2024-09-23,Sep,140.0,18343003002
2024-09-23,Sep,83.6,18337012102
2024-09-23,Sep,121.0,18369001002
2024-10-30,Oct,205.0,17002600902
2024-09-01,Sep,667.0,14002802802
2024-06-24,Jun,383.0,17002104602
2024-06-24,Jun,249.0,17002115602
2024-06-18,Jun,325.0,4001306302
2024-06-18,Jun,344.0,4001302902
2024-03-20,Mar,41.2,6007605102
2024-03-20,Mar,128.0,6007601002
2024-03-20,Mar,76.9,6006800102
2024-02-13,Feb,748.0,14002802802
2024-01-05,Jan,360.0,3005703002
2024-01-05,Jan,250.0,3005702502
2024-03-19,Mar,504.0,4001306302
2024-03-18,Mar,516.0,4001301602
2024-03-19,Mar,371.0,4001302902
2024-03-19,Mar,293.0,4001304702
2024-07-16,Jul,765.0,16007200102
2024-08-20,Aug,546.0,16007200102
2024-08-21,Aug,439.0,4001308202
2024-08-20,Aug,687.0,4001308302
2024-03-09,Mar,259.0,8010300102
2024-03-09,Mar,204.0,8012303002
2024-04-15,Apr,136.0,4001304402
2024-03-20,Mar,62.7,6007600402
2024-03-20,Mar,58.0,6007601502
2024-03-20,Mar,118.0,6007600502
2024-03-20,Mar,103.0,6007600802
2024-03-20,Mar,68.1,6007602202
2024-01-05,Jan,129.0,3005300102
2024-02-05,Feb,203.0,3005700702
2024-02-05,Feb,124.0,3005702802
2024-08-21,Aug,290.0,4001303302
2024-09-17,Sep,686.0,16007200102
2024-04-09,Apr,171.0,8012305102
2024-09-16,Sep,21.8,8012305302
2024-10-15,Oct,181.0,8010300102
2024-10-15,Oct,79.4,8012303002
2024-03-20,Mar,106.0,6007600302
2024-03-20,Mar,61.0,6007601802
2024-03-20,Mar,115.0,6007601702
2024-03-20,Mar,109.0,6007605002
2024-03-20,Mar,120.0,6007602302
2024-04-15,Apr,243.0,4001301702
2024-04-15,Apr,70.5,4001304102
2024-04-15,Apr,228.0,4001301602
2024-09-18,Sep,253.0,4001308202
2024-09-17,Sep,541.0,4001308302
2024-09-18,Sep,630.0,4001303302
2024-02-05,Feb,376.0,3005703102
2024-05-21,May,107.0,3005300102
2024-05-21,May,479.0,3005703002
2024-04-17,Apr,116.0,6007601802
2024-04-17,Apr,139.0,6007600502
2024-04-17,Apr,171.0,6007600802
2024-04-17,Apr,106.0,6007602202
2024-04-17,Apr,142.0,6007605202
2024-10-16,Oct,105.0,8012305102
2024-10-17,Oct,17.0,8012305302
2024-04-16,Apr,475.0,4001306302
2024-04-15,Apr,50.6,4001306402
2024-04-15,Apr,329.0,4001302502
2024-11-09,Nov,1060.0,17002113802
2024-10-22,Oct,36.9,16007200102
2024-04-17,Apr,189.0,6007600602
2024-04-17,Apr,179.0,6007601002
2024-04-17,Apr,121.0,6006800102
2024-04-17,Apr,329.0,6007605002
2024-04-17,Apr,165.0,6007601702
2024-10-23,Oct,335.0,4001308202
2024-10-22,Oct,355.0,4001308302
2024-10-23,Oct,264.0,4001303302
2024-05-21,May,475.0,3005702502
2024-05-23,May,1550.0,3005703102
2024-05-23,May,300.0,3005702802
2024-05-23,May,400.0,3005700702
2024-10-22,Oct,24.7,17002113902
2024-10-22,Oct,549.0,17002113802
2024-04-16,Apr,273.0,4001304702
2024-05-13,May,50.0,4001304102
2024-05-13,May,307.0,4001301702
2024-05-14,May,417.0,4001302902
2024-05-14,May,87.0,4001304702
2024-04-17,Apr,149.0,6007602302
2024-04-17,Apr,118.0,6007600402
2024-04-17,Apr,178.0,6007600302
2024-04-17,Apr,227.0,6007601602
2024-09-04,Sep,84.4,17002112802
2024-06-24,Jun,146.0,3005300102
2024-06-24,Jun,443.0,3005703002
2024-10-17,Oct,288.0,13000800102
2024-10-17,Oct,940.0,13000300102
2024-10-17,Oct,465.0,13001100102
2024-10-17,Oct,114.0,13001100202
2024-10-17,Oct,61.2,13001101002
2024-05-13,May,64.0,4001306402
2024-05-13,May,37.3,4001304402
2024-05-13,May,147.0,4001302502
2024-05-14,May,406.0,4001306302
2024-05-13,May,117.0,4001301602
2024-04-17,Apr,93.5,6007605102
2024-04-17,Apr,44.0,6007601502
2024-05-22,May,41.4,6006800102
2024-05-22,May,290.0,6007600802
2024-05-22,May,247.0,6007600602
2024-05-22,May,118.0,6007601002
2024-05-22,May,124.0,6007601702
2024-05-22,May,325.0,6007600502
2024-09-04,Sep,136.0,17002107102
2024-09-04,Sep,79.8,17002153802
2024-09-04,Sep,119.0,17002115702
2024-09-04,Sep,147.0,17002113302
2024-09-04,Sep,22.3,17002105702
2024-06-24,Jun,454.0,3005702502
2024-07-23,Jul,486.0,3005702502
2024-07-23,Jul,53.4,3005300102
2024-06-18,Jun,67.5,6013000102
2024-06-18,Jun,2010.0,6011700202
2024-06-18,Jun,69.4,6013300402
2024-07-17,Jul,757.0,6012900102
2024-09-23,Sep,37.3,18349002002
2024-09-24,Sep,290.0,18343000102
2024-09-23,Sep,162.0,18343000202
2024-09-24,Sep,76.5,18343052002
2024-09-24,Sep,69.8,18343061002
2024-09-12,Sep,336.0,17002600902
2024-12-03,Dec,396.0,14002802802
2024-09-04,Sep,565.0,3013400302
2024-09-04,Sep,276.0,14002809002
2024-10-04,Oct,106.0,14002809102
2024-04-22,Apr,220.0,16008701502
2024-04-22,Apr,419.0,16008700602
2024-04-22,Apr,196.0,16008700502
2024-04-22,Apr,318.0,16008701002
2024-05-27,May,1250.0,16008700502
2024-07-17,Jul,565.0,6013000102
2024-06-17,Jun,372.0,16008700502
2024-06-17,Jun,457.0,16008701002
2024-07-05,Jul,217.0,14002809002
2024-07-17,Jul,422.0,6011700302
2024-07-17,Jul,514.0,6013300402
2024-09-24,Sep,22.9,18343023002
2024-10-28,Oct,149.0,18369001002
2024-10-28,Oct,216.0,18000017002
2024-10-28,Oct,49.0,18349002002
2024-10-28,Oct,189.0,18337012102
2024-10-28,Oct,232.0,18343000202
2024-10-01,Oct,326.0,17002600902
2024-02-13,Feb,473.0,17002600902
2024-03-27,Mar,210.0,17002600902
2024-04-17,Apr,120.0,17003500402
2024-04-17,Apr,120.0,17003100102
2024-04-17,Apr,138.0,17003500202
2024-10-04,Oct,236.0,3013401802
2024-10-04,Oct,209.0,14002801202
2024-05-27,May,844.0,16008701502
2024-10-04,Oct,123.0,3013400102
2024-10-04,Oct,23.9,14002808902
2024-10-04,Oct,396.0,14002803002
2024-10-04,Oct,160.0,14002800302
2024-05-27,May,2180.0,16008701002
2024-05-27,May,776.0,16008700602
2024-06-17,Jun,302.0,16008701502
2024-06-17,Jun,368.0,16008700602
2024-07-08,Jul,80.3,6011700302
2024-07-08,Jul,57.7,6013300402
2024-07-08,Jul,88.9,6013000102
2024-07-08,Jul,88.4,6012900102
2024-07-08,Jul,35.1,6011700202
2024-10-28,Oct,86.0,18343003002
2024-10-29,Oct,102.0,18343000102
2024-10-29,Oct,85.0,18343052002
2024-05-29,May,147.0,17003100102
2024-10-29,Oct,15.0,18343061002
2024-05-29,May,114.0,17003500202
2024-05-29,May,108.0,17003500402
2024-06-26,Jun,96.0,17003500402
2024-10-04,Oct,359.0,14002802802
2024-07-05,Jul,546.0,3013400302
2024-07-05,Jul,130.0,3013400102
2024-07-05,Jul,13.4,14002808902
2024-08-05,Aug,164.0,3013401802
2024-09-16,Sep,76.1,6011700302
2024-09-16,Sep,64.5,6011700202
2024-09-16,Sep,58.6,6013300402
2024-07-22,Jul,973.0,16008701002
2024-09-16,Sep,79.6,6012900102
2024-09-16,Sep,86.5,6013000102
2024-07-22,Jul,603.0,16008700502
2024-07-22,Jul,502.0,16008700602
2024-07-22,Jul,544.0,16008701502
2024-08-26,Aug,1010.0,16008701002
2024-08-26,Aug,620.0,16008700502
2024-10-29,Oct,15.0,18343023002
2024-11-25,Nov,250.0,18369001002
2024-11-25,Nov,76.0,18349002002
2024-11-25,Nov,259.0,18000017002
2024-11-25,Nov,129.0,18343003002
2024-06-26,Jun,145.0,17003100102
2024-06-26,Jun,129.0,17003500202
2024-07-22,Jul,59.5,17003500402
2024-07-22,Jul,133.0,17003100102
2024-07-22,Jul,99.1,17003500202
2024-08-21,Aug,97.1,17003100102
2024-08-05,Aug,153.0,14002800302
2024-10-21,Oct,69.7,6013000102
2024-10-21,Oct,26.7,6011700202
2024-10-21,Oct,56.0,6012900102
2024-08-05,Aug,74.5,14002809102
2024-10-21,Oct,61.7,6013300402
2024-10-21,Oct,25.6,6011700302
2024-08-05,Aug,186.0,14002801202
2024-08-05,Aug,450.0,14002802802
2024-08-26,Aug,137.0,16008701502
2024-08-26,Aug,250.0,16008700602
2024-09-25,Sep,443.0,16008701502
2024-09-25,Sep,928.0,16008700502
2024-11-25,Nov,137.0,18343000202
2024-11-26,Nov,43.0,18343061002
2024-11-26,Nov,101.0,18343000102
2024-09-25,Sep,440.0,16008700602
2024-09-25,Sep,806.0,16008701002
2024-11-25,Nov,321.0,18337012102
2024-11-26,Nov,15.0,18343023002
2024-11-26,Nov,79.0,18343052002
2024-09-01,Sep,4010.0,8002202402
2024-01-24,Jan,1630.0,8002202402
2024-08-21,Aug,50.3,17003500402
2024-08-21,Aug,83.5,17003500202
2024-09-16,Sep,95.6,17003500202
2024-09-16,Sep,81.4,17003100102
2024-09-16,Sep,39.8,17003500402
2024-10-21,Oct,464.0,16008700502
2024-10-21,Oct,266.0,16008701002
2024-11-06,Nov,162.0,3013400102
2024-10-21,Oct,236.0,16008700602
2024-10-21,Oct,290.0,16008701502
2024-11-06,Nov,257.0,14002809002
2024-11-06,Nov,24.1,14002808902
2024-11-06,Nov,1730.0,3013400302
2024-01-26,Jan,2010.0,8002202402
2024-09-03,Sep,1020.0,8002202402
2024-01-16,Jan,83.8,16018403502
2024-10-28,Oct,42.0,17003500402
2024-10-28,Oct,82.3,17003100102
2024-10-28,Oct,113.0,17003500202
2024-11-18,Nov,139.0,17003500202
2024-11-18,Nov,119.0,17003500402
2024-11-18,Nov,118.0,17003100102
2024-10-07,Oct,341.0,3013401802
2024-04-22,Apr,150.0,3007700702
2024-04-22,Apr,146.0,3007703402
2024-12-06,Dec,673.0,14002803002
2024-12-06,Dec,342.0,14002801202
2024-12-06,Dec,287.0,3013401802
2024-12-06,Dec,303.0,14002809102
2024-12-06,Dec,143.0,14002800302
2024-12-06,Dec,956.0,14002802802
2024-09-07,Sep,66.7,14002808902
2024-09-07,Sep,2400.0,3013400302
2024-03-19,Mar,70.6,8004000802
2024-03-19,Mar,162.0,8002201902
2024-03-19,Mar,90.2,8002201602
2024-03-19,Mar,378.0,8002201202
2024-03-18,Mar,477.0,16018403502
2024-02-27,Feb,123.0,16018403502
2024-04-04,Apr,130.0,16018403602
2024-04-15,Apr,274.0,17000800202
2024-04-22,Apr,166.0,3007703502
2024-04-22,Apr,175.0,3007702902
2024-04-22,Apr,46.7,3007703602
2024-04-22,Apr,172.0,3007702102
2024-03-19,Mar,385.0,8002100202
2024-03-19,Mar,180.0,8002202402
2024-04-16,Apr,437.0,8002100202
2024-04-16,Apr,160.0,8002201902
2024-09-07,Sep,247.0,3013400102
2024-10-07,Oct,397.0,14002801202
2024-10-07,Oct,190.0,14002800302
2024-04-04,Apr,99.2,16018403402
2024-03-19,Mar,218.0,6002400902
2024-10-04,Oct,287.0,16018412802
2024-10-04,Oct,77.3,16018402702
2024-10-04,Oct,56.5,16018401002
2024-04-22,Apr,163.0,3007700202
2024-04-22,Apr,130.0,3007702802
2024-04-22,Apr,68.3,3007704102
2024-06-17,Jun,843.0,4001301702
2024-09-04,Sep,146.0,17002104602
2024-09-04,Sep,55.5,17002111802
2024-04-22,Apr,114.0,3007704002
2024-04-22,Apr,255.0,3007703902
2024-04-22,Apr,187.0,3007703802
2024-06-05,Jun,515.0,17000800202
2024-04-16,Apr,119.0,8002201602
2024-04-16,Apr,78.6,8004000802
2024-10-07,Oct,571.0,14002803002
2024-10-07,Oct,894.0,14002809102
2024-04-15,Apr,172.0,16018401502
2024-03-26,Mar,837.0,5000600202
2024-04-16,Apr,401.0,8002201202
2024-04-16,Apr,226.0,8002202402
2024-05-21,May,76.2,8002201602
2024-10-07,Oct,1280.0,14002802802
2024-08-13,Aug,105.0,14002809002
2024-08-13,Aug,2350.0,3013400302
2024-08-13,Aug,342.0,3013400102
2024-04-15,Apr,233.0,16018401202
2024-04-15,Apr,114.0,16018401602
2024-04-15,Apr,143.0,16018411702
2024-03-18,Mar,948.0,11000100702
2024-03-18,Mar,337.0,11000100502
2024-03-18,Mar,786.0,11000101202
2024-03-18,Mar,739.0,11000101302
2024-03-19,Mar,334.0,6002400102
2024-03-19,Mar,327.0,6003800102
2024-05-27,May,1010.0,3007702902
2024-05-21,May,287.0,8002202402
2024-05-21,May,234.0,8002201902
2024-05-21,May,208.0,8002100202
2024-05-21,May,32.9,8004000802
2024-05-21,May,329.0,8002201202
2024-12-06,Dec,476.0,17000800202
2024-03-25,Mar,58.3,6001701002
2024-04-22,Apr,354.0,16018403502
2024-08-13,Aug,18.4,14002808902
2024-08-14,Aug,329.0,14002801202
2024-08-14,Aug,84.4,14002800302
2024-08-14,Aug,211.0,3013401802
2024-08-14,Aug,605.0,14002803002
2024-03-25,Mar,116.0,6001701102
2024-03-25,Mar,102.0,6001700102
2024-03-25,Mar,228.0,6000300102
2024-04-16,Apr,1420.0,11000101302
2024-05-27,May,922.0,3007703902
2024-03-25,Mar,136.0,6001700702
2024-05-27,May,973.0,3007702102
2024-06-18,Jun,158.0,8002100202
2024-06-18,Jun,331.0,8002201202
2024-06-18,Jun,427.0,8002201902
2024-06-18,Jun,37.0,8004000802
2024-05-27,May,127.0,3007703802
2024-05-27,May,677.0,3007702802
2024-05-27,May,120.0,3007703602
2024-05-27,May,268.0,3007704102
2024-05-27,May,234.0,3007704002
2024-05-27,May,1790.0,3007703502
2024-05-27,May,740.0,3007700702
2024-08-07,Aug,498.0,17000800202
2024-06-05,Jun,66.0,16018403602
2024-06-05,Jun,59.7,16018403402
2024-05-13,May,48.6,16018401202
2024-06-18,Jun,208.0,8002202402
2024-07-16,Jul,296.0,8002201602
2024-05-13,May,149.0,16018411702
2024-04-17,Apr,622.0,6003800102
2024-04-16,Apr,966.0,11000100502
2024-04-16,Apr,1340.0,11000100702
2024-06-18,Jun,21.6,8002201602
2024-10-07,Oct,2050.0,8002202402
2024-04-16,Apr,674.0,11000101202
2024-08-14,Aug,418.0,14002809102
2024-10-09,Oct,66.8,14002809002
2024-10-09,Oct,1320.0,3013400302
2024-08-14,Aug,646.0,14002802802
2024-05-27,May,182.0,3007700202
2024-05-27,May,752.0,3007703402
2024-06-24,Jun,508.0,3007703902
2024-06-24,Jun,206.0,3007703602
2024-06-24,Jun,264.0,3007703502
2024-06-24,Jun,380.0,3007703802
2024-06-24,Jun,249.0,3007704002
2024-04-09,Apr,199.0,17000800202
2024-05-13,May,57.7,16018401502
2024-05-13,May,121.0,16018401602
2024-05-14,May,50.4,16018401002
2024-07-16,Jul,77.2,8004000802
2024-07-16,Jul,959.0,8002201202
2024-04-22,Apr,105.0,6001701002
2024-07-16,Jul,242.0,8002202402
2024-08-20,Aug,68.7,8002201602
2024-04-17,Apr,711.0,6002400102
2024-04-17,Apr,497.0,6002400902
2024-04-22,Apr,219.0,6001700702
2024-06-24,Jun,255.0,3007702802
2024-06-24,Jun,327.0,3007700202
2024-06-24,Jun,327.0,3007702102
2024-06-24,Jun,291.0,3007700702
2024-06-24,Jun,508.0,3007702902
2024-11-09,Nov,231.0,14002801202
2024-11-09,Nov,446.0,14002809102
2024-05-14,May,600.0,16018409302
2024-06-24,Jun,210.0,3007704102
2024-06-24,Jun,2450.0,3007703402
2024-11-09,Nov,102.0,3013400102
2024-11-09,Nov,30.8,14002808902
2024-11-09,Nov,99.1,14002803002
2024-11-09,Nov,70.1,14002800302
2024-05-14,May,66.1,16018402702
2024-05-22,May,358.0,16018403502
2024-10-06,Oct,702.0,16018409302
2024-08-20,Aug,434.0,8002100202
2024-10-15,Oct,253.0,17000800202
2024-08-20,Aug,670.0,8002201202
2024-08-20,Aug,77.9,8004000802
2024-07-24,Jul,111.0,3007702802
2024-04-22,Apr,106.0,6001701102
2024-05-22,May,152.0,6002400902
2024-04-22,Apr,188.0,12007300802
2024-07-25,Jul,199.0,3007704002
2024-04-23,Apr,826.0,5000600202
2024-04-22,Apr,464.0,6000300102
2024-04-22,Apr,122.0,6001700102
2024-05-21,May,76.0,11000100502
2024-05-22,May,87.5,6003800102
2024-05-21,May,345.0,11000101202
2024-11-09,Nov,669.0,14002802802
2024-07-16,Jul,168.0,14002809002
2024-08-10,Aug,79.5,14002809002
2024-08-10,Aug,1230.0,3013400302
2024-10-17,Oct,185.0,14002800302
2024-10-17,Oct,123.0,3013400102
2024-10-06,Oct,90.5,16018402702
2024-10-06,Oct,67.5,16018401002
2024-06-13,Jun,144.0,16018401602
2024-08-20,Aug,487.0,8002201902
2024-08-20,Aug,599.0,8002202402
2024-09-17,Sep,68.1,8004000802
2024-09-17,Sep,225.0,8002100202
2024-09-17,Sep,235.0,8002201902
2024-04-22,Apr,194.0,12007300302
2024-07-24,Jul,355.0,3007702902
2024-07-25,Jul,88.3,3007704102
2024-07-25,Jul,325.0,3007703502
2024-07-25,Jul,137.0,3007702102
2024-07-24,Jul,284.0,3007703902
2024-07-24,Jul,97.1,3007700202
2024-05-21,May,1960.0,11000101302
2024-05-21,May,1330.0,11000100702
2024-05-27,May,427.0,6001700702
2024-05-22,May,248.0,6002400102
2024-05-27,May,145.0,6001700102
2024-06-13,Jun,37.2,16018401202
2024-06-13,Jun,110.0,16018411702
2024-06-13,Jun,38.8,16018401502
2024-06-24,Jun,509.0,16018403502
2024-10-17,Oct,43.4,14002809102
2024-09-17,Sep,37.9,8002201602
2024-10-22,Oct,520.0,8002201202
2024-10-17,Oct,237.0,14002801202
2024-10-17,Oct,43.5,14002808902
2024-10-17,Oct,291.0,3013401802
2024-10-17,Oct,223.0,14002803002
2024-09-17,Sep,442.0,8002201202
2024-09-17,Sep,182.0,8002202402
2024-10-22,Oct,37.6,8004000802
2024-04-22,Apr,142.0,12008600102
2024-04-22,Apr,119.0,12008600202
2024-04-22,Apr,148.0,12007301102
2024-04-22,Apr,128.0,12007301502
2024-07-25,Jul,253.0,3007703802
2024-07-25,Jul,1330.0,3007703402
2024-07-24,Jul,154.0,3007700702
2024-07-25,Jul,38.8,3007703602
2024-08-26,Aug,187.0,3007700702
2024-05-28,May,465.0,5000600202
2024-05-27,May,741.0,6001701102
2024-05-27,May,523.0,6001701002
2024-05-27,May,322.0,6000300102
2024-06-27,Jun,117.0,16018403602
2024-06-27,Jun,113.0,16018403402
2024-10-22,Oct,188.0,8002201902
2024-10-22,Oct,355.0,8002100202
2024-10-22,Oct,73.4,8002201602
2024-04-22,Apr,29.0,12008600402
2024-04-15,Apr,334.0,12000200402
2024-10-22,Oct,203.0,8002202402
2024-10-17,Oct,670.0,14002802802
2024-07-11,Jul,614.0,14002802802
2024-04-22,Apr,43.6,12008601102
2024-04-22,Apr,374.0,12008000302
2024-08-26,Aug,305.0,3007702902
2024-06-24,Jun,74.3,6001701102
2024-08-26,Aug,63.9,3007702802
2024-08-26,Aug,124.0,3007703802
2024-08-26,Aug,75.7,3007700202
2024-08-26,Aug,94.6,3007704102
2024-08-26,Aug,149.0,3007703502
2024-08-26,Aug,28.2,3007703602
2024-08-26,Aug,283.0,3007703902
2024-08-26,Aug,154.0,3007702102
2024-06-25,Jun,146.0,5000600202
2024-06-24,Jun,168.0,6001700102
2024-06-24,Jun,342.0,6001701002
2024-06-24,Jun,431.0,6000300102
2024-06-24,Jun,305.0,6001700702
2024-02-07,Feb,1020.0,16018409302
2024-02-07,Feb,133.0,16018402702
2024-02-07,Feb,76.0,16018401002
2024-01-23,Jan,258.0,6009701102
2024-01-22,Jan,215.0,6010400102
2024-05-15,May,55.5,12008600402
2024-05-15,May,169.0,12007301502
2024-01-24,Jan,635.0,6008200302
2024-01-25,Jan,991.0,6008501402
2024-08-26,Aug,1730.0,3007703402
2024-08-26,Aug,164.0,3007704002
2024-05-15,May,218.0,12008600202
2024-05-15,May,256.0,12007300802
2024-05-15,May,181.0,12007300302
2024-05-15,May,191.0,12007301102
2024-05-15,May,75.9,12008601102
2024-09-12,Sep,4110.0,8002202402
2024-10-12,Oct,1510.0,8002202402
2024-12-04,Dec,751.0,8002202402
2024-11-04,Nov,990.0,8002202402
2024-10-09,Oct,352.0,12002700102
2024-10-09,Oct,126.0,12003400102
2024-10-09,Oct,43.8,12000400202
2024-10-09,Oct,218.0,12003100102
2024-07-15,Jul,1430.0,16018411702
2024-07-15,Jul,553.0,16018401502
2024-07-15,Jul,309.0,16018401202
2024-07-15,Jul,435.0,16018401602
2024-07-17,Jul,1230.0,16018403502
2024-06-26,Jun,638.0,11000100702
2024-06-26,Jun,529.0,11000101202
2024-01-24,Jan,525.0,6008000602
2024-06-26,Jun,967.0,11000101302
2024-06-26,Jun,422.0,6002400902
2024-06-26,Jun,225.0,11000100502
2024-06-26,Jun,527.0,6002400102
2024-06-26,Jun,141.0,6003800102
2024-01-25,Jan,651.0,6008301902
2024-02-28,Feb,3530.0,6008200302
2024-02-29,Feb,497.0,6008501402
2024-02-29,Feb,2510.0,6008301902
2024-08-19,Aug,588.0,11000100502
2024-11-06,Nov,169.0,12007300302
2024-09-24,Sep,101.0,3007704102
2024-09-24,Sep,259.0,3007704002
2024-09-24,Sep,184.0,3007703502
2024-09-24,Sep,92.3,3007702802
2024-10-09,Oct,46.8,12001700102
2024-05-15,May,328.0,12008000302
2024-05-15,May,271.0,12008600102
2024-11-06,Nov,139.0,12007301502
2024-11-06,Nov,104.0,12008601102
2024-11-06,Nov,70.6,12008600402
2024-07-23,Jul,113.0,16018403602
2024-07-23,Jul,86.8,16018403402
2024-08-20,Aug,112.0,6003800102
2024-08-19,Aug,203.0,11000101202
2024-09-24,Sep,88.0,3007700202
2024-09-24,Sep,391.0,3007703902
2024-08-19,Aug,1540.0,11000100702
2024-09-24,Sep,188.0,3007703802
2024-09-24,Sep,39.1,3007703602
2024-09-24,Sep,901.0,3007703402
2024-09-24,Sep,156.0,3007700702
2024-09-24,Sep,251.0,3007702902
2024-09-24,Sep,158.0,3007702102
2024-03-25,Mar,138.0,12000201002
2024-03-25,Mar,102.0,17003700302
2024-03-25,Mar,13.2,6018000202
2024-03-25,Mar,221.0,12000200402
2024-02-28,Feb,1960.0,6008000602
2024-03-18,Mar,254.0,6010400102
2024-07-08,Jul,811.0,16018409302
2024-02-26,Feb,260.0,6010400102
2024-02-27,Feb,142.0,6009701102
2024-07-08,Jul,96.3,16018410602
2024-07-08,Jul,130.0,16018402702
2024-12-08,Dec,390.0,16018403502
2024-11-06,Nov,311.0,12008600202
2024-11-06,Nov,186.0,12007301102
2024-11-06,Nov,247.0,12008000302
2024-11-06,Nov,224.0,12007300802
2024-11-06,Nov,145.0,12008600102
2024-08-19,Aug,1590.0,11000101302
2024-08-20,Aug,863.0,6002400102
2024-08-20,Aug,648.0,6002400902
2024-08-26,Aug,184.0,6001700702
2024-03-25,Mar,22.0,6018000302
2024-03-26,Mar,195.0,12002700102
2024-03-26,Mar,151.0,12003400102
2024-03-25,Mar,44.0,6018300202
2024-03-26,Mar,66.0,12000400202
2024-08-15,Aug,82.6,16018411702
2024-08-15,Aug,293.0,16018401602
2024-08-15,Aug,73.0,16018401002
2024-09-07,Sep,99.3,12008601102
2024-10-29,Oct,74.0,3007700202
2024-10-29,Oct,15.0,3007703602
2024-08-15,Aug,63.7,16018401502
2024-03-19,Mar,167.0,6009701102
2024-03-21,Mar,330.0,6008301902
2024-03-21,Mar,248.0,6008501402
2024-03-20,Mar,164.0,6008000602
2024-09-07,Sep,312.0,12008000302
2024-09-07,Sep,217.0,12007301102
2024-08-26,Aug,143.0,6001701102
2024-08-26,Aug,146.0,6001701002
2024-08-26,Aug,219.0,6000300102
2024-08-27,Aug,285.0,5000600202
2024-08-26,Aug,49.0,6001700102
2024-03-26,Mar,117.0,12003100102
2024-03-26,Mar,44.3,12001700102
2024-04-15,Apr,166.0,17003700302
2024-10-29,Oct,686.0,3007703502
2024-10-29,Oct,208.0,3007700702
2024-10-29,Oct,242.0,3007702902
2024-10-29,Oct,148.0,3007704002
2024-10-29,Oct,328.0,3007703802
2024-10-29,Oct,1830.0,3007703402
2024-10-29,Oct,331.0,3007703902
2024-10-29,Oct,539.0,3007702802
2024-08-15,Aug,93.7,16018401202
2024-08-21,Aug,85.5,16018403402
2024-08-21,Aug,98.2,16018403602
2024-03-20,Mar,133.0,6008200302
2024-04-16,Apr,361.0,6009701102
2024-04-15,Apr,154.0,6010400802
2024-04-15,Apr,272.0,6009701802
2024-04-15,Apr,432.0,6010400102
2024-04-16,Apr,475.0,6008000702
2024-09-07,Sep,85.6,12008600402
2024-09-07,Sep,175.0,12008600202
2024-12-08,Dec,203.0,12007301102
2024-12-08,Dec,204.0,12008600202
2024-12-08,Dec,79.3,12008600402
2024-09-16,Sep,718.0,11000100702
2024-12-08,Dec,375.0,12007300302
2024-09-17,Sep,147.0,6002400102
2024-09-17,Sep,116.0,6002400902
2024-09-16,Sep,923.0,11000101302
2024-09-16,Sep,133.0,11000100502
2024-09-16,Sep,549.0,11000101202
2024-04-15,Apr,18.2,6018000202
2024-04-15,Apr,56.8,6018000302
2024-04-15,Apr,82.4,6018300202
2024-04-15,Apr,49.8,12000201002
2024-12-08,Dec,289.0,12007300802
2024-04-16,Apr,98.3,12003400102
2024-10-29,Oct,68.0,3007704102
2024-09-04,Sep,53.5,17002115602
2024-03-09,Mar,110.0,16018402702
2024-03-09,Mar,825.0,16018409302
2024-03-09,Mar,63.8,16018401002
2024-04-18,Apr,590.0,6008300902
2024-04-18,Apr,287.0,6008310402
2024-09-17,Sep,52.2,6003800102
2024-09-23,Sep,117.0,6001701002
2024-09-23,Sep,173.0,6000300102
2024-09-23,Sep,201.0,6001700702
2024-04-16,Apr,268.0,12002700102
2024-04-16,Apr,134.0,12003100102
2024-04-16,Apr,53.2,12000400202
2024-04-16,Apr,130.0,12001700102
2024-05-21,May,311.0,12002700102
2024-12-08,Dec,520.0,12008000302
2024-12-08,Dec,262.0,12008600102
2024-12-08,Dec,146.0,12007301502
2024-12-08,Dec,135.0,12008601102
2024-04-18,Apr,935.0,6008501402
2024-04-18,Apr,566.0,6008310302
2024-04-17,Apr,363.0,6008200302
2024-04-17,Apr,423.0,6008000602
2024-04-16,Apr,878.0,1010800602
2024-11-09,Nov,58.5,16018401202
2024-04-16,Apr,818.0,1010800102
2024-04-16,Apr,747.0,1010700202
2024-05-21,May,18.6,12000400202
2024-04-16,Apr,364.0,1010400202
2024-04-16,Apr,476.0,1010500102
2024-04-16,Apr,727.0,1010600202
2024-05-21,May,288.0,12003100102
2024-05-21,May,77.0,12001700102
2024-05-21,May,752.0,12003400102
2024-09-18,Sep,146.0,12007300302
2024-09-23,Sep,139.0,6001701102
2024-09-23,Sep,128.0,6001700102
2024-09-24,Sep,145.0,5000600202
2024-10-21,Oct,561.0,11000100702
2024-10-21,Oct,68.3,11000100502
2024-10-22,Oct,405.0,6002400902
2024-10-21,Oct,648.0,11000101302
2024-10-22,Oct,49.6,6003800102
2024-09-18,Sep,62.2,12008601102
2024-09-18,Sep,232.0,12007301502
2024-09-18,Sep,343.0,12007300802
2024-04-18,Apr,822.0,6008301902
2024-11-09,Nov,228.0,16018401602
2024-04-18,Apr,399.0,6008301802
2024-05-27,May,885.0,6010400102
2024-05-27,May,300.0,6009701802
2024-11-09,Nov,67.2,16018411702
2024-11-09,Nov,57.6,16018401502
2024-09-16,Sep,103.0,16018403602
2024-09-16,Sep,97.5,16018403402
2024-04-16,Apr,1090.0,1010700402
2024-05-21,May,252.0,1010400202
2024-05-22,May,612.0,6018300202
2024-07-16,Jul,492.0,1010400202
2024-05-21,May,297.0,1010700202
2024-05-21,May,779.0,1010800602
2024-05-21,May,470.0,1010800102
2024-05-22,May,300.0,17003700302
2024-05-22,May,84.0,12000201002
2024-05-22,May,83.0,6018000302
2024-05-22,May,29.2,6018000202
2024-05-22,May,277.0,12000200402
2024-10-21,Oct,288.0,11000101202
2024-10-22,Oct,90.2,6002400102
2024-10-28,Oct,35.6,6001701002
2024-10-28,Oct,58.9,6001700102
2024-09-18,Sep,349.0,12007301102
2024-09-18,Sep,141.0,12008600202
2024-09-18,Sep,244.0,12008000302
2024-09-18,Sep,178.0,12008600102
2024-09-18,Sep,64.2,12008600402
2024-10-16,Oct,236.0,12007301102
2024-09-23,Sep,199.0,16018403502
2024-07-10,Jul,86.8,16018403402
2024-05-21,May,255.0,1010500102
2024-05-21,May,533.0,1010600202
2024-05-21,May,711.0,1010700402
2024-06-18,Jun,620.0,1010600202
2024-06-18,Jun,271.0,1010400202
2024-06-18,Jun,659.0,1010800602
2024-06-18,Jun,380.0,1010700202
2024-05-28,May,821.0,6009701102
2024-05-27,May,2080.0,6010400802
2024-05-28,May,981.0,6008000702
2024-05-30,May,485.0,6008300902
2024-05-30,May,294.0,6008310402
2024-05-30,May,531.0,6008310302
2024-05-30,May,1050.0,6008301802
2024-05-30,May,733.0,6008301902
2024-06-17,Jun,70.5,6018000302
2024-06-17,Jun,377.0,6018300202
2024-06-17,Jun,204.0,17003700302
2024-06-17,Jun,127.0,12000200402
2024-06-17,Jun,125.0,12000201002
2024-06-17,Jun,79.3,6018000202
2024-10-29,Oct,105.0,5000600202
2024-10-28,Oct,243.0,6001700702
2024-10-28,Oct,52.7,6001701102
2024-10-28,Oct,88.0,6000300102
2024-07-10,Jul,90.1,16018403602
2024-10-17,Oct,35.5,16018401002
2024-10-17,Oct,384.0,16018409302
2024-10-17,Oct,51.2,16018402702
2024-06-18,Jun,414.0,1010800102
2024-10-16,Oct,142.0,12008600102
2024-10-16,Oct,237.0,12008600202
2024-10-16,Oct,78.2,12008601102
2024-10-16,Oct,244.0,12008000302
2024-06-18,Jun,242.0,1010500102
2024-06-18,Jun,844.0,1010700402
2024-07-16,Jul,1270.0,1010800602
2024-05-29,May,406.0,6008200302
2024-05-29,May,383.0,6008000602
2024-05-30,May,424.0,6008501402
2024-06-18,Jun,337.0,12002700102
2024-06-18,Jun,42.8,12001700102
2024-06-18,Jun,275.0,12003400102
2024-10-22,Oct,212.0,16018401602
2024-10-22,Oct,49.8,16018411702
2024-10-22,Oct,38.6,16018401502
2024-07-16,Jul,808.0,1010600202
2024-05-27,May,174.0,3001700202
2024-05-27,May,129.0,8013500302
2024-07-16,Jul,817.0,1010700202
2024-07-16,Jul,330.0,1010800102
2024-07-16,Jul,409.0,1010500102
2024-07-16,Jul,1550.0,1010700402
2024-10-16,Oct,251.0,12007301502
2024-10-16,Oct,152.0,12007300302
2024-10-16,Oct,179.0,12007300802
2024-10-16,Oct,57.8,12008600402
2024-06-18,Jun,930.0,12003100102
2024-06-18,Jun,32.3,12000400202
2024-06-17,Jun,225.0,6009701802
2024-06-17,Jun,214.0,6010400802
2024-08-07,Aug,76.4,12000201002
2024-08-07,Aug,510.0,6018300202
2024-08-07,Aug,354.0,17003700302
2024-08-07,Aug,51.2,6018000202
2024-06-17,Jun,146.0,6010400102
2024-06-18,Jun,97.5,6008000702
2024-06-18,Jun,89.3,6009701102
2024-06-20,Jun,325.0,6008300902
2024-06-20,Jun,160.0,6008301902
2024-10-31,Oct,728.0,16018403502
2024-10-22,Oct,41.1,16018401202
2024-03-04,Mar,258.0,18000036002
2024-03-04,Mar,290.0,18607006002
2024-08-20,Aug,540.0,1010500102
2024-08-20,Aug,198.0,1010400202
2024-08-20,Aug,426.0,1010600202
2024-08-20,Aug,758.0,1010700202
2024-08-20,Aug,461.0,1010800602
2024-08-07,Aug,95.6,12000200402
2024-08-07,Aug,59.4,6018000302
2024-09-09,Sep,98.7,12000201002
2024-09-09,Sep,40.6,6018000302
2024-09-09,Sep,20.7,6018000202
2024-06-20,Jun,210.0,6008310402
2024-06-20,Jun,655.0,6008310302
2024-03-04,Mar,187.0,18607002002
2024-03-04,Mar,147.0,18607008002
2024-04-04,Apr,406.0,3013301302
2024-04-04,Apr,627.0,3013301902
2024-04-04,Apr,553.0,3013301502
2024-04-04,Apr,431.0,3013303002
2024-04-04,Apr,300.0,3013304002
2024-08-20,Aug,321.0,1010800102
2024-08-20,Aug,1040.0,1010700402
2024-09-17,Sep,90.5,1010400202
2024-09-17,Sep,329.0,1010500102
2024-09-17,Sep,584.0,1010700202
2024-07-10,Jul,222.0,17003700302
2024-06-20,Jun,137.0,6008301802
2024-07-25,Jul,338.0,6008310302
2024-09-09,Sep,91.8,12000200402
2024-09-09,Sep,322.0,6018300202
2024-09-09,Sep,248.0,17003700302
2024-07-10,Jul,378.0,12000200402
2024-07-10,Jul,199.0,12000201002
2024-07-10,Jul,44.1,6018000302
2024-09-17,Sep,565.0,1010600202
2024-09-17,Sep,296.0,1010800602
2024-04-16,Apr,88.9,18003303602
2024-06-19,Jun,108.0,6008200302
2024-06-19,Jun,132.0,6008000602
2024-07-23,Jul,151.0,6009701102
2024-07-22,Jul,217.0,6010400102
2024-07-23,Jul,106.0,6008000702
2024-11-20,Nov,322.0,16018403502
2024-10-12,Oct,135.0,16018403502
2024-07-10,Jul,498.0,6018300202
2024-07-10,Jul,11.6,6018000202
2024-07-05,Jul,293.0,3013304002
2024-07-05,Jul,585.0,3013301902
2024-07-05,Jul,430.0,3013303002
2024-09-17,Sep,260.0,1010800102
2024-09-17,Sep,1080.0,1010700402
2024-10-22,Oct,144.0,1010400202
2024-10-22,Oct,392.0,1010500102
2024-10-22,Oct,882.0,1010700202
2024-10-22,Oct,279.0,1010800602
2024-10-22,Oct,314.0,1010800102
2024-07-05,Jul,675.0,3013301502
2024-07-05,Jul,492.0,3013301302
2024-05-21,May,157.0,18003300802
2024-05-21,May,194.0,18003300302
2024-05-21,May,105.0,18003303502
2024-05-21,May,206.0,18003303602
2024-03-18,Mar,80.2,3003000202
2024-03-18,Mar,62.8,3001600302
2024-03-18,Mar,53.5,3001700202
2024-03-18,Mar,129.0,3001500202
2024-03-18,Mar,156.0,8013500302
2024-07-22,Jul,256.0,6009701802
2024-07-22,Jul,249.0,6010400802
2024-07-24,Jul,180.0,6008000602
2024-07-25,Jul,128.0,6008310402
2024-08-10,Aug,192.0,12003100102
2024-08-10,Aug,30.7,12000400202
2024-08-10,Aug,436.0,12002700102
2024-08-05,Aug,120.0,18607008002
2024-08-10,Aug,36.1,12001700102
2024-08-10,Aug,93.5,12003400102
2024-10-22,Oct,1100.0,1010600202
2024-10-22,Oct,1910.0,1010700402
2024-08-05,Aug,165.0,18607006002
2024-08-05,Aug,315.0,18000036002
2024-08-05,Aug,145.0,18607002002
2024-03-06,Mar,376.0,3013304002
2024-03-18,Mar,81.3,3003601002
2024-05-21,May,134.0,18003303402
2024-06-17,Jun,258.0,18003303602
2024-06-17,Jun,124.0,18003300802
2024-06-17,Jun,107.0,18003303402
2024-06-17,Jun,41.9,18003303502
2024-03-18,Mar,28.7,3003600902
2024-03-18,Mar,34.4,8013500602
2024-03-18,Mar,56.4,3003600502
2024-03-18,Mar,204.0,8013500502
2024-04-15,Apr,62.6,8013500602
2024-07-25,Jul,151.0,6008301802
2024-10-12,Oct,328.0,1010400202
2024-10-12,Oct,217.0,1010800102
2024-07-24,Jul,166.0,6008200302
2024-07-25,Jul,430.0,6008300902
2024-07-25,Jul,150.0,6008301902
2024-07-25,Jul,587.0,6008501402
2024-08-20,Aug,908.0,6009701102
2024-11-18,Nov,1880.0,1010700402
2024-10-12,Oct,1150.0,1010800602
2024-10-12,Oct,476.0,1010500102
2024-03-06,Mar,608.0,3013303002
2024-03-06,Mar,604.0,3013301302
2024-04-15,Apr,401.0,8013500302
2024-03-06,Mar,471.0,3013301502
2024-03-06,Mar,574.0,3013301902
2024-04-15,Apr,123.0,3001700202
2024-04-15,Apr,341.0,3001500202
2024-04-15,Apr,72.5,3003600902
2024-04-15,Apr,120.0,3003600502
2024-06-17,Jun,124.0,18003300302
2024-07-15,Jul,174.0,18003303602
2024-09-07,Sep,25.4,12000400202
2024-09-07,Sep,230.0,12002700102
2024-09-07,Sep,286.0,12003100102
2024-09-07,Sep,50.2,12001700102
2024-09-07,Sep,178.0,12003400102
2024-05-14,May,59.5,6011600102
2024-07-15,Jul,252.0,18003300802
2024-08-19,Aug,1480.0,6010400102
2024-09-04,Sep,199.0,16012401102
2024-09-04,Sep,231.0,16015900302
2024-08-20,Aug,350.0,6008000702
2024-08-19,Aug,1680.0,6009701802
2024-08-19,Aug,450.0,6010400802
2024-08-22,Aug,438.0,6008310302
2024-05-06,May,228.0,18000036002
2024-05-06,May,205.0,18607006002
2024-05-06,May,122.0,18607002002
2024-05-06,May,119.0,18607008002
2024-03-07,Mar,553.0,3013303002
2024-05-27,May,143.0,3001600302
2024-03-07,Mar,613.0,3013304002
2024-03-07,Mar,1050.0,3013301302
2024-04-15,Apr,197.0,3003000202
2024-04-15,Apr,241.0,3003601002
2024-04-15,Apr,249.0,3001600302
2024-04-15,Apr,413.0,8013500502
2024-05-13,May,130.0,6010800102
2024-05-14,May,98.2,6011100802
2024-05-14,May,167.0,6011200302
2024-07-15,Jul,37.1,18003303502
2024-07-15,Jul,128.0,18003300302
2024-07-15,Jul,124.0,18003303402
2024-09-04,Sep,271.0,16016400102
2024-09-04,Sep,196.0,16010900802
2024-05-21,May,295.0,16012401102
2024-05-21,May,337.0,16015900302
2024-05-21,May,363.0,16016400102
2024-03-07,Mar,1530.0,3013301902
2024-03-07,Mar,1630.0,3013301502
2024-04-07,Apr,285.0,18607006002
2024-08-22,Aug,262.0,6008310402
2024-08-22,Aug,585.0,6008300902
2024-08-22,Aug,401.0,6008501402
2024-08-21,Aug,256.0,6008000602
2024-08-21,Aug,123.0,6008200302
2024-08-22,Aug,450.0,6008301902
2024-08-22,Aug,328.0,6008301802
2024-05-27,May,54.5,3003601002
2024-05-27,May,99.9,3003000202
2024-05-27,May,303.0,3001500202
2024-05-27,May,31.6,8013500602
2024-06-03,Jun,261.0,6006000802
2024-05-22,May,168.0,6007601802
2024-05-27,May,119.0,3003600502
2024-06-18,Jun,97.3,6011100802
2024-06-18,Jun,225.0,6011600102
2024-06-18,Jun,189.0,6010800102
2024-06-18,Jun,228.0,6011200302
2024-08-19,Aug,57.2,18003303502
2024-08-19,Aug,136.0,18003300802
2024-08-19,Aug,260.0,18003303602
2024-08-19,Aug,93.3,18003303402
2024-09-23,Sep,22.3,18003303502
2024-11-06,Nov,710.0,16016400102
2024-05-21,May,262.0,16010900802
2024-11-06,Nov,624.0,16010900802
2024-04-07,Apr,192.0,18607002002
2024-04-07,Apr,255.0,18000036002
2024-04-07,Apr,169.0,18607008002
2024-07-08,Jul,196.0,18607002002
2024-07-08,Jul,163.0,18607008002
2024-07-08,Jul,233.0,18000036002
2024-08-08,Aug,1260.0,3013301502
2024-07-08,Jul,196.0,18607006002
2024-05-27,May,37.3,3003600902
2024-05-27,May,203.0,8013500502
2024-05-22,May,195.0,6007601602
2024-07-17,Jul,424.0,6011200302
2024-07-17,Jul,573.0,6011100802
2024-07-17,Jul,739.0,6010800102
2024-07-17,Jul,482.0,6011600102
2024-06-17,Jun,96.5,3003000202
2024-06-17,Jun,137.0,8013500302
2024-09-23,Sep,309.0,6009701802
2024-09-24,Sep,194.0,6008000702
2024-09-23,Sep,175.0,6010400102
2024-09-23,Sep,501.0,6010400802
2024-09-24,Sep,445.0,6009701102
2024-09-23,Sep,92.1,18003300802
2024-09-23,Sep,96.0,18003303602
2024-09-23,Sep,53.1,18003303402
2024-10-28,Oct,24.4,18003303502
2024-11-06,Nov,373.0,16012401102
2024-11-06,Nov,188.0,16015900302
2024-08-07,Aug,178.0,16015900302
2024-08-08,Aug,863.0,3013304002
2024-08-13,Aug,86.9,6011600102
2024-08-13,Aug,179.0,6010800102
2024-08-13,Aug,152.0,6011200302
2024-08-13,Aug,126.0,6011100802
2024-06-17,Jun,77.4,3001700202
2024-06-17,Jun,169.0,3003601002
2024-06-17,Jun,39.5,8013500602
2024-06-17,Jun,107.0,3001600302
2024-06-17,Jun,127.0,3003600502
2024-06-17,Jun,146.0,8013500502
2024-08-08,Aug,1080.0,3013301302
2024-05-28,May,34.4,17002105702
2024-08-08,Aug,591.0,3013301902
2024-08-08,Aug,608.0,3013303002
2024-09-25,Sep,875.0,6008200302
2024-06-17,Jun,30.4,4001304402
2024-06-17,Jun,55.4,4001304102
2024-05-28,May,172.0,17002115602
2024-05-28,May,245.0,17002107102
2024-06-03,Jun,62.6,6006100302
2024-09-26,Sep,308.0,6008501402
2024-08-07,Aug,274.0,16012401102
2024-09-25,Sep,763.0,6008000602
2024-09-26,Sep,394.0,6008310302
2024-09-26,Sep,204.0,6008310402
2024-08-07,Aug,479.0,16010900802
2024-08-07,Aug,345.0,16016400102
2024-08-13,Aug,273.0,16012401102
2024-10-28,Oct,103.0,18003303602
2024-10-28,Oct,61.6,18003303402
2024-10-28,Oct,105.0,18003300802
2024-09-18,Sep,271.0,6011200302
2024-09-18,Sep,210.0,6010800102
2024-09-18,Sep,91.8,6011600102
2024-09-18,Sep,106.0,6011100802
2024-06-17,Jun,33.7,3003600902
2024-06-17,Jun,230.0,3001500202
2024-09-09,Sep,382.0,18607002002
2024-07-15,Jul,113.0,3003600502
2024-07-15,Jul,127.0,3001600302
2024-07-15,Jul,64.2,3001700202
2024-07-15,Jul,76.2,8013500502
2024-09-09,Sep,190.0,18607008002
2024-09-09,Sep,217.0,18000036002
2024-09-09,Sep,198.0,18607006002
2024-11-09,Nov,1210.0,3013301502
2024-09-26,Sep,529.0,6008300902
2024-09-26,Sep,446.0,6008301802
2024-09-26,Sep,250.0,6008301902
2024-10-21,Oct,225.0,6010400802
2024-10-22,Oct,70.8,6008000702
2024-10-21,Oct,130.0,6009701802
2024-08-13,Aug,208.0,16015900302
2024-08-13,Aug,458.0,16010900802
2024-08-13,Aug,373.0,16016400102
2024-10-15,Oct,320.0,6010800102
2024-10-15,Oct,57.7,6011600102
2024-07-15,Jul,159.0,3003000202
2024-10-15,Oct,67.2,6011100802
2024-09-04,Sep,112.0,8012303002
2024-07-15,Jul,232.0,3003601002
2024-07-15,Jul,49.4,3003600902
2024-07-15,Jul,145.0,8013500302
2024-05-28,May,41.5,17002153802
2024-09-04,Sep,214.0,8010300102
2024-11-09,Nov,463.0,3013303002
2024-08-10,Aug,135.0,18607006002
2024-08-10,Aug,156.0,18607008002
2024-10-15,Oct,270.0,16010900802
2024-10-23,Oct,33.8,6008200302
2024-10-24,Oct,378.0,6008300902
2024-11-09,Nov,598.0,3013301902
2024-11-09,Nov,918.0,3013301302
2024-11-09,Nov,651.0,3013304002
2024-08-10,Aug,171.0,18000036002
2024-08-10,Aug,224.0,18607002002
2024-10-22,Oct,54.1,6009701102
2024-10-21,Oct,78.2,6010400102
2024-10-24,Oct,455.0,6008301802
2024-10-24,Oct,86.1,6008501402
2024-10-24,Oct,36.8,6008301902
2024-09-09,Sep,272.0,16016400102
2024-09-09,Sep,166.0,16015900302
2024-09-09,Sep,178.0,16012401102
2024-09-09,Sep,274.0,16010900802
2024-10-15,Oct,149.0,16012401102
2024-10-15,Oct,189.0,6011200302
2024-05-22,May,111.0,6007600302
2024-07-15,Jul,301.0,3001500202
2024-01-17,Jan,104.0,6007601802
2024-01-17,Jan,174.0,6007600502
2024-01-17,Jan,167.0,6007600802
2024-10-15,Oct,393.0,16016400102
2024-07-15,Jul,30.5,8013500602
2024-08-19,Aug,160.0,3003601002
2024-08-19,Aug,210.0,3003000202
2024-08-19,Aug,88.3,3003600502
2024-08-19,Aug,140.0,8013500302
2024-11-04,Nov,31.0,8012305302
2024-10-04,Oct,96.8,8012305102
2024-10-17,Oct,448.0,3013304002
2024-10-17,Oct,559.0,3013301902
2024-01-17,Jan,196.0,6007600602
2024-10-17,Oct,803.0,3013301302
2024-10-17,Oct,577.0,3013303002
2024-10-17,Oct,976.0,3013301502
2024-01-17,Jan,295.0,6007600302
2024-01-17,Jan,158.0,6007602302
2024-01-17,Jan,77.1,6007602202
2024-10-15,Oct,137.0,16015900302
2024-08-19,Aug,168.0,3001600302
2024-08-19,Aug,197.0,8013500502
2024-08-19,Aug,76.8,3003600902
2024-08-19,Aug,205.0,3001700202
2024-08-19,Aug,526.0,3001500202
2024-08-19,Aug,39.5,8013500602
2024-10-24,Oct,179.0,6008310302
2024-10-23,Oct,112.0,6008000602
2024-10-24,Oct,189.0,6008310402
2024-06-05,Jun,144.0,8012303002
2024-06-05,Jun,158.0,8010300102
2024-08-05,Aug,119.0,8012305102
2024-06-25,Jun,264.0,3005700702
2024-01-17,Jan,139.0,6007605202
2024-06-25,Jun,577.0,3005703102
2024-01-17,Jan,409.0,6007600402
2024-01-17,Jan,561.0,6007601702
2024-01-17,Jan,213.0,6007601602
2024-01-17,Jan,30.0,6006800102
2024-05-22,May,377.0,4001303302
2024-05-22,May,263.0,4001308202
2024-09-17,Sep,46.2,3003600502
2024-09-17,Sep,119.0,8013500302
2024-09-17,Sep,115.0,8013500502
2024-09-17,Sep,141.0,3003000202
2024-09-17,Sep,90.0,3001500202
2024-11-21,Nov,860.0,6008301902
2024-11-21,Nov,1470.0,6008501402
2024-09-05,Sep,22.9,8012305302
2024-04-06,Apr,146.0,8012305102
2024-05-06,May,19.1,8012305302
2024-06-25,Jun,96.0,3005702802
2024-01-17,Jan,297.0,6007601002
2024-05-21,May,509.0,16007200102
2024-07-24,Jul,97.7,3005702802
2024-01-17,Jan,59.7,6007605102
2024-01-17,Jan,43.8,6007601502
2024-02-21,Feb,39.9,6007605102
2024-02-21,Feb,81.2,6007601802
2024-02-21,Feb,131.0,6007601702
2024-05-21,May,646.0,4001308302
2024-09-17,Sep,25.8,3003600902
2024-06-18,Jun,262.0,4001308302
2024-09-17,Sep,96.9,3001600302
2024-09-17,Sep,133.0,3003601002
2024-09-17,Sep,32.1,3001700202
2024-09-17,Sep,28.5,8013500602
2024-09-12,Sep,1090.0,6010400102
2024-10-12,Oct,301.0,6008200302
2024-10-12,Oct,269.0,6009701102
2024-10-12,Oct,302.0,6008000602
2024-11-06,Nov,106.0,8010300102
2024-02-21,Feb,108.0,6007600302
2024-02-21,Feb,30.0,6006800102
2024-02-21,Feb,220.0,6007600502
2024-02-21,Feb,404.0,6007602202
2024-02-21,Feb,169.0,6007601602
2024-02-21,Feb,165.0,6007600802
2024-11-06,Nov,112.0,8012303002
2024-02-07,Feb,267.0,8010300102
2024-02-07,Feb,185.0,8012303002
2024-07-24,Jul,139.0,3005700702
2024-08-27,Aug,109.0,3005703002
2024-08-27,Aug,62.3,3005300102
2024-08-27,Aug,310.0,3005702502
2024-06-19,Jun,265.0,4001303302
2024-06-18,Jun,431.0,16007200102
2024-02-21,Feb,43.3,6007601502
2024-02-21,Feb,142.0,6007605202
2024-02-21,Feb,273.0,6007600602
2024-06-19,Jun,64.8,4001308202
2024-02-21,Feb,246.0,6007602302
2024-02-21,Feb,122.0,6007605002
2024-02-21,Feb,87.8,6007601002
2024-12-12,Dec,190.0,6008301902
2024-12-12,Dec,367.0,6008501402
2024-04-07,Apr,19.9,8012305302
2024-03-07,Mar,213.0,8012305102
2024-08-28,Aug,311.0,3005703102
2024-08-28,Aug,45.3,3005702802
2024-08-28,Aug,87.1,3005700702
2024-09-23,Sep,337.0,3005703102
2024-04-23,Apr,261.0,4001303302
2024-04-23,Apr,358.0,4001308202
2024-04-22,Apr,287.0,4001308302
2024-02-21,Feb,178.0,6007600402
2024-03-18,Mar,97.1,4001304402
2024-03-18,Mar,67.5,4001304102
2024-03-18,Mar,359.0,4001302502
2024-03-18,Mar,42.5,4001306402
2024-03-18,Mar,131.0,4001301702
2024-09-23,Sep,94.0,3005700702
2024-09-23,Sep,136.0,3005702802
2024-06-08,Jun,19.5,8010300102
2024-06-08,Jun,1.5,8012303002
2024-07-08,Jul,208.0,8012305102
2024-08-08,Aug,24.2,8012305302
2024-04-22,Apr,351.0,16007200102
2024-03-20,Mar,170.0,6007600602
2024-03-20,Mar,182.0,6007601602
2024-03-20,Mar,115.0,6007605202
2024-07-16,Jul,3270.0,8002201902
2024-07-16,Jul,7390.0,8002100202
2024-10-07,Oct,4610.0,6006301202
2024-10-07,Oct,4200.0,6006000802
2024-07-16,Jul,2680.0,4001308302
2024-07-17,Jul,3190.0,4001303302
2024-07-17,Jul,2850.0,4001308202
2024-07-24,Jul,2670.0,3005703102
2024-04-16,Apr,410.0,4001302902
2024-07-15,Jul,1310.0,4001304102
