Station name,Station number,Total samples (PWQO analytes),% total exceedances (PWQO analytes),Risk tier,N Aluminum [ug/L],% exceed Aluminum,N Arsenic [ug/L],% exceed Arsenic,N Boron [ug/L],% exceed Boron,N Cadmium [ug/L],% exceed Cadmium,N Chromium [ug/L],% exceed Chromium,N Copper [ug/L],% exceed Copper,N E. coli [MPN / 100mL],% exceed E. coli,N Iron [ug/L],% exceed Iron,N Lead [ug/L],% exceed Lead,N Mercury [ng/L],% exceed Mercury,N Nickel [ug/L],% exceed Nickel,N Total Phosphorus [ug/L],% exceed Total Phosphorus,N Selenium [ug/L],% exceed Selenium,N Silver [ug/L],% exceed Silver,N Zinc [ug/L],% exceed Zinc,N pH [SU],% exceed pH
Boomer Creek,16018412702,16,68.75,Tier 4,0,,0,,0,,0,,0,,0,,0,,0,,0,,0,,0,,8,87.5,0,,0,,0,,8,50.0
Canagagigue Creek,16018405102,14,57.14,Tier 4,0,,0,,0,,0,,0,,0,,0,,0,,0,,0,,0,,7,100.0,0,,0,,0,,7,14.29
Conestogo River,16018402902,26,53.85,Tier 4,0,,0,,0,,0,,0,,0,,0,,0,,0,,0,,0,,13,46.15,0,,0,,0,,13,61.54
,6002400802,28,50.0,Tier 4,0,,0,,0,,0,,0,,0,,0,,0,,0,,0,,0,,14,100.0,0,,0,,0,,14,0.0
Mckenzie Creek,16018412902,16,50.0,Tier 4,0,,0,,0,,0,,0,,0,,0,,0,,0,,0,,0,,8,100.0,0,,0,,0,,8,0.0
Big Otter Creek,16010900702,16,50.0,Tier 4,0,,0,,0,,0,,0,,0,,0,,0,,0,,0,,0,,8,100.0,0,,0,,0,,8,0.0
,6016300102,16,50.0,Tier 4,0,,0,,0,,0,,0,,0,,0,,0,,0,,0,,0,,8,100.0,0,,0,,0,,8,0.0
Sawguin Creek,17001600102,16,50.0,Tier 4,0,,0,,0,,0,,0,,0,,0,,0,,0,,0,,0,,8,100.0,0,,0,,0,,8,0.0
,4001304202,14,50.0,Tier 4,0,,0,,0,,0,,0,,0,,0,,0,,0,,0,,0,,7,100.0,0,,0,,0,,7,0.0
Conestogo River,16018407502,10,50.0,Tier 4,0,,0,,0,,0,,0,,0,,0,,0,,0,,0,,0,,7,71.43,0,,0,,0,,3,0.0
,4001308602,8,50.0,Tier 4,0,,0,,0,,0,,0,,0,,0,,0,,0,,0,,0,,4,75.0,0,,0,,0,,4,25.0
,4001303302,76,47.37,Tier 3,7,100.0,0,,0,,7,57.14,7,28.57,7,85.71,0,,7,42.86,7,0.0,0,,7,0.0,6,100.0,0,,6,0.0,7,100.0,8,12.5
,4001305802,15,46.67,Tier 3,0,,0,,0,,0,,0,,0,,0,,0,,0,,0,,0,,7,85.71,0,,0,,0,,8,12.5
,4001308102,15,46.67,Tier 3,0,,0,,0,,0,,0,,0,,0,,0,,0,,0,,0,,7,100.0,0,,0,,0,,8,0.0
,4001307302,15,46.67,Tier 3,0,,0,,0,,0,,0,,0,,0,,0,,0,,0,,0,,7,100.0,0,,0,,0,,8,0.0
,4001311002,15,46.67,Tier 3,0,,0,,0,,0,,0,,0,,0,,0,,0,,0,,0,,7,100.0,0,,0,,0,,8,0.0
,8005602002,13,46.15,Tier 3,0,,0,,0,,0,,0,,0,,0,,0,,0,,0,,0,,6,100.0,0,,0,,0,,7,0.0
,4002700402,24,45.83,Tier 3,0,,0,,0,,0,,0,,0,,0,,0,,0,,0,,0,,12,91.67,0,,0,,0,,12,0.0
Conestogo River,16018407702,18,44.44,Tier 3,0,,0,,0,,0,,0,,0,,0,,0,,0,,0,,0,,9,77.78,0,,0,,0,,9,11.11
,16001800302,68,44.12,Tier 3,6,100.0,0,,0,,6,16.67,6,50.0,6,16.67,0,,6,100.0,6,0.0,0,,6,0.0,7,100.0,0,,6,0.0,6,100.0,7,0.0
,8012305602,16,43.75,Tier 3,0,,0,,0,,0,,0,,0,,0,,0,,0,,0,,0,,8,87.5,0,,0,,0,,8,0.0
Grand River,16018410302,16,43.75,Tier 3,0,,0,,0,,0,,0,,0,,0,,0,,0,,0,,0,,8,12.5,0,,0,,0,,8,75.0
Spittler Creek,16010901002,16,43.75,Tier 3,0,,0,,0,,0,,0,,0,,0,,0,,0,,0,,0,,8,87.5,0,,0,,0,,8,0.0
,8005604102,16,43.75,Tier 3,0,,0,,0,,0,,0,,0,,0,,0,,0,,0,,0,,8,87.5,0,,0,,0,,8,0.0
,6015700302,16,43.75,Tier 3,0,,0,,0,,0,,0,,0,,0,,0,,0,,0,,0,,8,87.5,0,,0,,0,,8,0.0
Irvine Creek,16018410402,7,42.86,Tier 3,0,,0,,0,,0,,0,,0,,0,,0,,0,,0,,0,,4,0.0,0,,0,,0,,3,100.0
,4001306802,7,42.86,Tier 3,0,,0,,0,,0,,0,,0,,0,,0,,0,,0,,0,,3,100.0,0,,0,,0,,4,0.0
Cobbs Lake Creek,18207000802,69,42.03,Tier 3,6,100.0,0,,0,,6,0.0,6,100.0,6,66.67,0,,5,100.0,6,0.0,0,,6,0.0,8,100.0,0,,6,0.0,6,0.0,8,0.0
,4002701602,24,41.67,Tier 3,0,,0,,0,,0,,0,,0,,0,,0,,0,,0,,0,,12,83.33,0,,0,,0,,12,0.0
,6016400102,24,41.67,Tier 3,0,,0,,0,,0,,0,,0,,8,62.5,0,,0,,0,,0,,8,62.5,0,,0,,0,,8,0.0
Kettle Creek,16008701002,77,41.56,Tier 3,7,100.0,0,,0,,7,0.0,6,50.0,7,57.14,0,,7,85.71,7,0.0,0,,7,0.0,7,100.0,0,,7,0.0,7,71.43,8,0.0
,8002200702,22,40.91,Tier 3,0,,0,,0,,0,,0,,0,,0,,0,,0,,0,,0,,11,81.82,0,,0,,0,,11,0.0
,4001000302,74,40.54,Tier 3,6,100.0,0,,0,,6,16.67,6,16.67,6,16.67,0,,6,83.33,6,0.0,0,,6,0.0,10,100.0,0,,6,0.0,6,100.0,10,0.0
Sixteen Mile Creek,16006300202,15,40.0,Tier 3,0,,0,,0,,0,,0,,0,,0,,0,,0,,0,,0,,7,71.43,0,,0,,0,,8,12.5
Grand River,16018406702,10,40.0,Tier 3,0,,0,,0,,0,,0,,0,,0,,0,,0,,0,,0,,7,14.29,0,,0,,0,,3,100.0
Moorefield Creek,16018409102,10,40.0,Tier 3,0,,0,,0,,0,,0,,0,,0,,0,,0,,0,,0,,7,42.86,0,,0,,0,,3,33.33
Dodd Creek,16008700502,78,39.74,Tier 3,7,100.0,0,,0,,7,0.0,6,66.67,7,71.43,0,,7,85.71,7,0.0,0,,7,0.0,8,100.0,0,,7,0.0,7,14.29,8,0.0
,4002701202,23,39.13,Tier 3,0,,0,,0,,0,,0,,0,,0,,0,,0,,0,,0,,11,81.82,0,,0,,0,,12,0.0
Little Cataraqui Creek,12000200902,18,38.89,Tier 3,0,,0,,0,,0,,0,,0,,0,,0,,0,,0,,0,,9,77.78,0,,0,,0,,9,0.0
,4002700902,80,38.75,Tier 3,7,100.0,0,,0,,7,14.29,6,50.0,7,42.86,0,,7,100.0,7,0.0,0,,7,0.0,9,100.0,0,,7,0.0,7,14.29,9,0.0
Canard River,10000200202,57,38.6,Tier 3,5,100.0,0,,0,,5,20.0,5,0.0,5,0.0,0,,5,100.0,5,0.0,0,,5,0.0,6,100.0,0,,5,0.0,5,100.0,6,0.0
Lebo Drain,16003000302,68,38.24,Tier 3,6,100.0,0,,0,,6,16.67,6,0.0,6,16.67,0,,6,83.33,6,0.0,0,,6,0.0,7,100.0,0,,6,0.0,6,100.0,7,0.0
,8012305902,16,37.5,Tier 3,0,,0,,0,,0,,0,,0,,0,,0,,0,,0,,0,,8,25.0,0,,0,,0,,8,50.0
"Nith River,  Huron Road,  Haysville",16018415502,16,37.5,Tier 3,0,,0,,0,,0,,0,,0,,0,,0,,0,,0,,0,,8,50.0,0,,0,,0,,8,25.0
Cressy Creek,17000600102,16,37.5,Tier 3,0,,0,,0,,0,,0,,0,,0,,0,,0,,0,,0,,8,75.0,0,,0,,0,,8,0.0
Demorestville Creek,17001400102,16,37.5,Tier 3,0,,0,,0,,0,,0,,0,,0,,0,,0,,0,,0,,8,75.0,0,,0,,0,,8,0.0
,4001306602,8,37.5,Tier 3,0,,0,,0,,0,,0,,0,,0,,0,,0,,0,,0,,4,75.0,0,,0,,0,,4,0.0
,4001309502,8,37.5,Tier 3,0,,0,,0,,0,,0,,0,,0,,0,,0,,0,,0,,4,75.0,0,,0,,0,,4,0.0
,4001309402,8,37.5,Tier 3,0,,0,,0,,0,,0,,0,,0,,0,,0,,0,,0,,4,75.0,0,,0,,0,,4,0.0
,4001309802,8,37.5,Tier 3,0,,0,,0,,0,,0,,0,,0,,0,,0,,0,,0,,4,75.0,0,,0,,0,,4,0.0
,4001309002,8,37.5,Tier 3,0,,0,,0,,0,,0,,0,,0,,0,,0,,0,,0,,4,75.0,0,,0,,0,,4,0.0
,4001301402,8,37.5,Tier 3,0,,0,,0,,0,,0,,0,,0,,0,,0,,0,,0,,4,75.0,0,,0,,0,,4,0.0
,4001309202,8,37.5,Tier 3,0,,0,,0,,0,,0,,0,,0,,0,,0,,0,,0,,4,75.0,0,,0,,0,,4,0.0
Oswego Creek,11000101302,83,37.35,Tier 3,7,100.0,0,,0,,7,28.57,7,57.14,7,14.29,0,,7,100.0,7,0.0,0,,7,0.0,10,100.0,0,,7,0.0,7,0.0,10,0.0
Muddy Creek,16003200202,67,37.31,Tier 3,6,100.0,0,,0,,6,16.67,6,16.67,6,0.0,0,,6,66.67,6,0.0,0,,6,0.0,7,100.0,0,,5,0.0,6,100.0,7,0.0
South Nation River,18207002002,70,37.14,Tier 3,6,100.0,0,,0,,6,0.0,6,100.0,6,16.67,0,,6,100.0,6,0.0,0,,6,0.0,8,87.5,0,,6,0.0,6,0.0,8,0.0
Sturgeon River,16002700102,74,36.49,Tier 3,6,66.67,0,,0,,6,0.0,6,0.0,6,66.67,0,,6,50.0,6,0.0,0,,6,0.0,10,100.0,0,,6,0.0,6,100.0,10,0.0
,8002202002,22,36.36,Tier 3,0,,0,,0,,0,,0,,0,,0,,0,,0,,0,,0,,11,63.64,0,,0,,0,,11,9.09
Big Creek,16018412802,25,36.0,Tier 3,1,100.0,0,,0,,1,0.0,1,0.0,1,0.0,0,,1,0.0,1,0.0,0,,1,0.0,8,100.0,0,,1,0.0,1,0.0,8,0.0
Muddy Creek,16003200102,67,35.82,Tier 3,6,100.0,0,,0,,6,16.67,6,0.0,6,0.0,0,,6,83.33,6,0.0,0,,6,0.0,7,100.0,0,,5,0.0,6,83.33,7,0.0
,4001308002,14,35.71,Tier 3,0,,0,,0,,0,,0,,0,,0,,0,,0,,0,,0,,7,71.43,0,,0,,0,,7,0.0
,6010800202,14,35.71,Tier 3,0,,0,,0,,0,,0,,0,,0,,0,,0,,0,,0,,7,71.43,0,,0,,0,,7,0.0
Scotch River West,18207000702,34,35.29,Tier 3,2,100.0,0,,0,,2,0.0,2,50.0,2,0.0,0,,2,50.0,2,0.0,0,,2,0.0,8,87.5,0,,2,0.0,2,0.0,8,12.5
Turkey Creek,10000100302,74,35.14,Tier 3,6,83.33,0,,0,,6,16.67,6,16.67,6,0.0,0,,6,66.67,6,0.0,0,,6,0.0,10,90.0,0,,6,0.0,6,100.0,10,0.0
,8002201002,20,35.0,Tier 3,0,,0,,0,,0,,0,,0,,0,,0,,0,,0,,0,,10,50.0,0,,0,,0,,10,20.0
,8002202402,199,34.67,Tier 3,17,100.0,2,0.0,2,0.0,17,5.88,17,47.06,17,58.82,0,,17,58.82,17,0.0,0,,17,0.0,20,90.0,2,0.0,17,0.0,17,29.41,20,0.0
,6008501402,157,34.39,Tier 3,12,83.33,2,0.0,2,0.0,12,0.0,10,40.0,12,41.67,11,100.0,11,81.82,12,0.0,12,0.0,12,0.0,12,91.67,2,0.0,12,0.0,11,36.36,12,0.0
Welland River,11000100702,83,33.73,Tier 3,7,100.0,0,,0,,7,14.29,7,28.57,7,14.29,0,,7,100.0,7,0.0,0,,7,0.0,10,100.0,0,,7,0.0,7,0.0,10,0.0
,6015900102,24,33.33,Tier 3,0,,0,,0,,0,,0,,0,,8,12.5,0,,0,,0,,0,,8,87.5,0,,0,,0,,8,0.0
,4001310902,15,33.33,Tier 3,0,,0,,0,,0,,0,,0,,0,,0,,0,,0,,0,,7,71.43,0,,0,,0,,8,0.0
,6008200302,124,33.06,Tier 3,11,63.64,1,0.0,0,,11,0.0,10,10.0,11,90.91,0,,11,54.55,11,0.0,0,,11,9.09,12,66.67,1,0.0,11,0.0,11,72.73,12,0.0
,3013400302,79,32.91,Tier 3,7,71.43,0,,0,,7,0.0,7,28.57,7,85.71,0,,7,100.0,7,0.0,0,,7,71.43,8,12.5,0,,7,0.0,7,0.0,8,0.0
,6008000602,124,32.26,Tier 3,11,63.64,1,0.0,1,0.0,11,0.0,9,33.33,11,81.82,0,,11,54.55,11,0.0,0,,11,0.0,12,83.33,1,0.0,11,0.0,11,45.45,12,0.0
,9000100402,93,32.26,Tier 3,8,62.5,1,0.0,1,0.0,8,0.0,8,50.0,8,25.0,0,,8,25.0,8,0.0,0,,8,0.0,9,100.0,1,0.0,8,0.0,8,100.0,9,0.0
South Nation River,18207016002,25,32.0,Tier 3,1,100.0,0,,0,,1,0.0,1,0.0,1,0.0,0,,1,0.0,1,0.0,0,,1,0.0,8,75.0,0,,1,0.0,1,0.0,8,12.5
,8002201202,94,31.91,Tier 3,8,100.0,0,,0,,8,0.0,8,25.0,8,0.0,0,,8,100.0,8,0.0,0,,8,0.0,11,100.0,0,,8,0.0,8,12.5,11,0.0
Nanticoke Creek,16016400102,79,31.65,Tier 3,7,100.0,0,,0,,7,14.29,7,14.29,7,0.0,0,,7,71.43,7,0.0,0,,7,0.0,8,100.0,0,,7,0.0,7,0.0,8,37.5
,4002700802,86,31.4,Tier 3,7,100.0,0,,0,,7,14.29,6,16.67,7,0.0,0,,7,85.71,7,0.0,0,,7,0.0,12,100.0,0,,7,0.0,7,0.0,12,0.0
,3005703202,16,31.25,Tier 3,0,,0,,0,,0,,0,,0,,0,,0,,0,,0,,0,,8,62.5,0,,0,,0,,8,0.0
Grand River,16018409202,16,31.25,Tier 3,0,,0,,0,,0,,0,,0,,0,,0,,0,,0,,0,,8,50.0,0,,0,,0,,8,12.5
Dutton Drain,16007200102,78,30.77,Tier 3,7,85.71,0,,0,,7,42.86,7,28.57,7,0.0,0,,7,85.71,7,0.0,0,,7,0.0,7,100.0,0,,7,0.0,7,0.0,8,0.0
,3005703102,79,30.38,Tier 3,7,100.0,0,,0,,7,0.0,7,42.86,7,28.57,0,,7,85.71,7,0.0,0,,7,0.0,8,75.0,0,,7,0.0,7,0.0,8,0.0
Junction Creek,14002800302,87,29.89,Tier 3,7,0.0,0,,0,,7,0.0,7,0.0,7,71.43,0,,7,0.0,7,0.0,0,,7,100.0,12,100.0,0,,7,0.0,7,0.0,12,16.67
,4001308302,77,29.87,Tier 3,7,100.0,0,,0,,7,0.0,7,42.86,7,14.29,0,,7,71.43,7,0.0,0,,7,0.0,7,85.71,0,,6,0.0,7,14.29,8,0.0
,8002100202,94,29.79,Tier 3,8,100.0,0,,0,,8,12.5,8,25.0,8,12.5,0,,8,62.5,8,0.0,0,,8,0.0,11,81.82,0,,8,0.0,8,12.5,11,9.09
,8002201902,94,29.79,Tier 3,8,100.0,0,,0,,8,25.0,8,25.0,8,12.5,0,,8,37.5,8,0.0,0,,8,0.0,11,81.82,0,,8,0.0,8,12.5,11,18.18
,4001302902,78,29.49,Tier 3,7,100.0,0,,0,,7,0.0,6,33.33,7,0.0,0,,7,100.0,7,0.0,0,,7,0.0,8,75.0,0,,7,0.0,7,14.29,8,0.0
,4002700702,24,29.17,Tier 3,0,,0,,0,,0,,0,,0,,0,,0,,0,,0,,0,,12,58.33,0,,0,,0,,12,0.0
,3013301502,77,28.57,Tier 3,7,85.71,0,,0,,7,0.0,7,28.57,7,14.29,0,,7,100.0,7,0.0,0,,7,0.0,7,85.71,0,,7,0.0,7,0.0,7,0.0
Fairchild Creek,16018409302,70,28.57,Tier 3,6,100.0,0,,0,,6,16.67,6,0.0,6,0.0,0,,6,100.0,6,0.0,0,,6,0.0,8,75.0,0,,6,0.0,6,16.67,8,0.0
,6011200602,14,28.57,Tier 3,0,,0,,0,,0,,0,,0,,0,,0,,0,,0,,0,,7,57.14,0,,0,,0,,7,0.0
Beaver Creek,16008700602,78,28.21,Tier 3,7,100.0,0,,0,,7,0.0,6,33.33,7,0.0,0,,7,71.43,7,0.0,0,,7,0.0,8,100.0,0,,7,0.0,7,0.0,8,0.0
,6002400102,83,27.71,Tier 3,7,100.0,0,,0,,7,14.29,7,14.29,7,0.0,0,,7,57.14,7,0.0,0,,7,0.0,10,100.0,0,,7,0.0,7,0.0,10,0.0
Welland River,11000101202,83,27.71,Tier 3,7,100.0,0,,0,,7,0.0,7,14.29,7,0.0,0,,7,71.43,7,0.0,0,,7,0.0,10,100.0,0,,7,0.0,7,0.0,10,0.0
Beaudette River,12008000302,77,27.27,Tier 3,7,100.0,0,,0,,7,28.57,7,14.29,7,0.0,0,,7,57.14,6,0.0,0,,7,0.0,8,75.0,0,,6,0.0,7,14.29,8,0.0
,4001302502,85,27.06,Tier 3,7,71.43,0,,0,,7,0.0,7,28.57,7,14.29,0,,7,42.86,7,0.0,0,,7,0.0,11,100.0,0,,7,0.0,7,14.29,11,0.0
Delisle River,12008600102,78,26.92,Tier 3,7,100.0,0,,0,,7,28.57,7,14.29,7,0.0,0,,7,0.0,7,0.0,0,,7,0.0,8,75.0,0,,6,0.0,7,71.43,8,0.0
,6008310302,78,26.92,Tier 3,7,100.0,0,,0,,7,0.0,7,28.57,7,14.29,0,,7,85.71,7,0.0,0,,7,0.0,8,62.5,0,,7,0.0,6,0.0,8,0.0
,6008301902,157,26.75,Tier 3,12,75.0,2,0.0,2,0.0,12,0.0,11,18.18,12,8.33,11,100.0,12,58.33,12,0.0,11,0.0,12,0.0,11,81.82,2,0.0,12,0.0,11,18.18,12,8.33
,3005703702,15,26.67,Tier 3,0,,0,,0,,0,,0,,0,,0,,0,,0,,0,,0,,7,57.14,0,,0,,0,,8,0.0
Hospital Creek,17000900102,15,26.67,Tier 3,0,,0,,0,,0,,0,,0,,5,40.0,0,,0,,0,,0,,5,40.0,0,,0,,0,,5,0.0
,4001301702,79,26.58,Tier 3,7,71.43,0,,0,,7,0.0,7,28.57,7,28.57,0,,7,57.14,7,0.0,0,,7,0.0,8,75.0,0,,7,0.0,7,28.57,8,0.0
,3013301302,84,26.19,Tier 3,6,100.0,0,,0,,7,0.0,7,14.29,7,57.14,0,,7,100.0,7,0.0,0,,7,0.0,11,9.09,0,,7,0.0,7,0.0,11,27.27
,6008000702,84,26.19,Tier 3,7,57.14,0,,0,,7,0.0,6,16.67,7,42.86,0,,7,42.86,7,0.0,0,,7,0.0,11,81.82,0,,7,0.0,7,28.57,11,0.0
,4001308202,77,25.97,Tier 3,7,85.71,0,,0,,7,0.0,7,14.29,7,14.29,0,,7,57.14,7,0.0,0,,7,0.0,7,85.71,0,,6,0.0,7,14.29,8,12.5
,1010800102,93,25.81,Tier 3,8,100.0,1,0.0,1,0.0,8,0.0,8,12.5,8,0.0,0,,8,75.0,8,0.0,0,,8,0.0,9,100.0,1,0.0,8,0.0,8,0.0,9,0.0
,6006301102,78,25.64,Tier 3,7,100.0,0,,0,,7,0.0,6,33.33,7,0.0,0,,7,42.86,7,0.0,0,,7,0.0,8,75.0,0,,7,0.0,7,0.0,8,25.0
Delisle River,12008600202,78,25.64,Tier 3,7,100.0,0,,0,,7,42.86,7,0.0,7,0.0,0,,7,14.29,7,0.0,0,,7,0.0,8,75.0,0,,6,0.0,7,42.86,8,0.0
,4002701702,82,25.61,Tier 3,7,100.0,0,,0,,7,0.0,6,0.0,7,0.0,0,,7,42.86,7,0.0,0,,7,0.0,10,100.0,0,,7,0.0,7,14.29,10,0.0
,6002400902,83,25.3,Tier 3,7,85.71,0,,0,,7,14.29,7,0.0,7,0.0,0,,7,57.14,7,0.0,0,,7,0.0,10,100.0,0,,7,0.0,7,0.0,10,0.0
,5000600202,83,25.3,Tier 3,7,100.0,0,,0,,7,0.0,7,14.29,7,0.0,0,,7,42.86,7,0.0,0,,7,0.0,10,100.0,0,,7,0.0,7,0.0,10,0.0
,3005702902,16,25.0,Tier 3,0,,0,,0,,0,,0,,0,,0,,0,,0,,0,,0,,8,50.0,0,,0,,0,,8,0.0
Laurel Creek,16018413002,16,25.0,Tier 3,0,,0,,0,,0,,0,,0,,0,,0,,0,,0,,0,,8,12.5,0,,0,,0,,8,37.5
Venison Creek,16012401302,16,25.0,Tier 3,0,,0,,0,,0,,0,,0,,0,,0,,0,,0,,0,,8,50.0,0,,0,,0,,8,0.0
,6006301402,16,25.0,Tier 3,0,,0,,0,,0,,0,,0,,0,,0,,0,,0,,0,,8,50.0,0,,0,,0,,8,0.0
,4001305002,8,25.0,Tier 3,0,,0,,0,,0,,0,,0,,0,,0,,0,,0,,0,,4,50.0,0,,0,,0,,4,0.0
,4001308902,8,25.0,Tier 3,0,,0,,0,,0,,0,,0,,0,,0,,0,,0,,0,,4,50.0,0,,0,,0,,4,0.0
,4001309602,8,25.0,Tier 3,0,,0,,0,,0,,0,,0,,0,,0,,0,,0,,0,,4,50.0,0,,0,,0,,4,0.0
,6005000202,93,24.73,Tier 3,8,62.5,1,0.0,1,0.0,8,0.0,8,25.0,8,0.0,0,,8,37.5,8,0.0,0,,8,0.0,9,100.0,1,0.0,8,0.0,8,37.5,9,11.11
Porcupine River,19006400402,69,24.64,Tier 3,6,100.0,1,0.0,1,0.0,6,0.0,6,16.67,6,50.0,0,,6,66.67,6,0.0,0,,6,0.0,6,50.0,1,0.0,6,0.0,6,0.0,6,0.0
,3007703902,82,24.39,Tier 3,7,85.71,1,0.0,1,0.0,7,0.0,7,57.14,7,0.0,0,,7,57.14,7,0.0,0,,7,0.0,8,62.5,1,0.0,7,0.0,7,14.29,8,0.0
Kettle Creek,16008701502,78,24.36,Tier 3,7,100.0,0,,0,,7,0.0,6,16.67,7,0.0,0,,7,57.14,7,0.0,0,,7,0.0,8,87.5,0,,7,0.0,7,0.0,8,0.0
,6006100302,79,24.05,Tier 3,7,42.86,0,,0,,7,0.0,7,71.43,7,28.57,0,,7,28.57,7,0.0,0,,7,0.0,8,62.5,0,,7,0.0,7,28.57,8,0.0
Big Otter Creek,16010900802,79,24.05,Tier 3,7,100.0,0,,0,,7,14.29,7,28.57,7,0.0,0,,7,42.86,7,0.0,0,,7,0.0,8,75.0,0,,7,0.0,7,0.0,8,0.0
South Raisin River,12007301502,79,24.05,Tier 3,7,100.0,0,,0,,7,14.29,7,14.29,7,0.0,0,,7,0.0,7,0.0,0,,7,0.0,9,55.56,0,,6,0.0,7,71.43,8,0.0
,9000100502,93,23.66,Tier 3,8,37.5,1,0.0,1,0.0,8,0.0,8,25.0,8,25.0,0,,8,25.0,8,0.0,0,,8,0.0,9,88.89,1,0.0,8,0.0,8,50.0,9,11.11
,1010800602,93,23.66,Tier 3,8,100.0,1,0.0,1,0.0,8,12.5,8,12.5,8,12.5,0,,8,75.0,8,0.0,0,,8,0.0,9,55.56,1,0.0,8,0.0,8,0.0,9,0.0
,3013303002,85,23.53,Tier 3,7,100.0,0,,0,,7,0.0,7,0.0,7,0.0,0,,7,100.0,7,0.0,0,,7,0.0,11,54.55,0,,7,0.0,7,0.0,11,0.0
,6006000802,78,23.08,Tier 3,7,100.0,0,,0,,7,14.29,6,16.67,7,14.29,0,,7,14.29,7,0.0,0,,7,0.0,8,62.5,0,,7,0.0,7,14.29,8,12.5
,6008300902,78,23.08,Tier 3,7,85.71,0,,0,,7,0.0,7,0.0,7,0.0,0,,7,100.0,7,0.0,0,,7,0.0,8,62.5,0,,7,0.0,6,0.0,8,0.0
Wabigoon River,19000103602,13,23.08,Tier 3,1,100.0,0,,0,,1,0.0,1,0.0,1,0.0,0,,1,100.0,1,0.0,2,0.0,1,0.0,1,100.0,0,,1,0.0,1,0.0,1,0.0
,6003800102,83,22.89,Tier 3,7,71.43,0,,0,,7,0.0,7,14.29,7,14.29,0,,7,28.57,7,0.0,0,,7,0.0,10,100.0,0,,7,0.0,7,0.0,10,0.0
Marsh Creek,17000800202,70,22.86,Tier 3,6,50.0,0,,0,,6,0.0,6,0.0,6,50.0,0,,6,50.0,6,0.0,0,,6,0.0,8,87.5,0,,6,0.0,6,0.0,8,0.0
,9000902402,79,22.78,Tier 3,7,42.86,0,,0,,7,14.29,7,14.29,7,14.29,0,,7,14.29,7,0.0,0,,7,0.0,8,62.5,0,,7,0.0,7,14.29,8,62.5
,6005900102,79,22.78,Tier 3,7,71.43,0,,0,,7,0.0,7,14.29,7,28.57,0,,7,14.29,7,0.0,0,,7,0.0,8,87.5,0,,7,0.0,7,28.57,8,0.0
Levey Creek,14002809102,79,22.78,Tier 3,7,28.57,0,,0,,7,0.0,7,0.0,7,57.14,0,,7,57.14,7,0.0,0,,7,100.0,8,12.5,0,,7,0.0,7,0.0,8,0.0
,6000300102,82,21.95,Tier 3,7,85.71,0,,0,,7,0.0,7,0.0,7,0.0,0,,7,42.86,7,0.0,0,,7,0.0,9,100.0,0,,7,0.0,7,0.0,10,0.0
Canagagigue Creek,16018401602,87,21.84,Tier 3,7,71.43,0,,0,,7,0.0,7,14.29,7,0.0,0,,7,14.29,7,0.0,0,,7,0.0,12,100.0,0,,7,0.0,7,0.0,12,0.0
Welland River,11000100502,83,21.69,Tier 3,7,100.0,0,,0,,7,0.0,7,14.29,7,0.0,0,,7,42.86,7,0.0,0,,7,0.0,10,70.0,0,,7,0.0,7,0.0,10,0.0
,8005600902,79,21.52,Tier 3,7,42.86,0,,0,,7,14.29,7,0.0,7,14.29,0,,7,0.0,7,0.0,0,,7,0.0,8,100.0,0,,7,0.0,7,14.29,8,37.5
,6007601602,121,21.49,Tier 3,10,50.0,0,,0,,10,0.0,8,25.0,10,30.0,11,100.0,10,10.0,10,0.0,0,,10,0.0,11,36.36,0,,10,0.0,10,0.0,11,0.0
,6011600502,14,21.43,Tier 3,0,,0,,0,,0,,0,,0,,0,,0,,0,,0,,0,,7,28.57,0,,0,,0,,7,14.29
,6006800102,122,21.31,Tier 3,10,10.0,0,,0,,10,0.0,10,0.0,10,70.0,10,100.0,10,0.0,10,0.0,0,,10,0.0,11,27.27,0,,10,0.0,10,50.0,11,0.0
,4001304402,85,21.18,Tier 3,7,71.43,0,,0,,7,0.0,7,0.0,7,14.29,0,,7,14.29,7,0.0,0,,7,0.0,11,100.0,0,,7,0.0,7,0.0,11,0.0
,6007600402,119,21.01,Tier 3,10,30.0,0,,0,,10,10.0,8,12.5,10,0.0,11,90.91,10,20.0,10,0.0,0,,10,0.0,10,70.0,0,,10,0.0,9,0.0,11,9.09
Castor River,18207014502,43,20.93,Tier 3,3,66.67,0,,0,,3,0.0,3,0.0,3,0.0,0,,3,0.0,3,0.0,0,,3,0.0,8,75.0,0,,3,0.0,3,0.0,8,12.5
,4002701502,24,20.83,Tier 3,0,,0,,0,,0,,0,,0,,0,,0,,0,,0,,0,,12,41.67,0,,0,,0,,12,0.0
Big Carp River,13000300102,68,20.59,Tier 3,6,100.0,0,,0,,6,0.0,6,33.33,6,0.0,0,,6,100.0,6,0.0,0,,6,0.0,7,0.0,0,,6,0.0,6,0.0,7,0.0
,6006301202,78,20.51,Tier 3,7,42.86,0,,0,,7,0.0,6,33.33,7,14.29,0,,7,28.57,7,0.0,0,,7,0.0,8,37.5,0,,7,0.0,7,28.57,8,37.5
East Davignon Creek,13000800102,69,20.29,Tier 3,6,66.67,0,,0,,6,16.67,6,33.33,6,16.67,0,,6,50.0,6,0.0,0,,6,0.0,7,28.57,0,,6,0.0,6,16.67,8,0.0
,4001304702,79,20.25,Tier 3,7,71.43,0,,0,,7,0.0,7,14.29,7,0.0,0,,7,14.29,7,0.0,0,,7,0.0,8,100.0,0,,7,0.0,7,14.29,8,0.0
,6010400102,125,20.0,Tier 3,11,63.64,1,0.0,1,0.0,11,0.0,10,40.0,11,18.18,0,,11,36.36,11,0.0,0,,11,0.0,12,50.0,1,0.0,11,0.0,11,18.18,12,0.0
Lyn Creek,12003100102,81,19.75,Tier 3,7,28.57,0,,0,,7,28.57,7,14.29,7,14.29,0,,7,14.29,7,0.0,0,,7,0.0,9,88.89,0,,7,0.0,7,14.29,9,0.0
Little Cataraqui Creek,12000200402,81,19.75,Tier 3,7,57.14,0,,0,,7,28.57,7,14.29,7,0.0,0,,7,28.57,7,0.0,0,,7,0.0,9,77.78,0,,7,0.0,7,0.0,9,0.0
,3007703402,81,19.75,Tier 3,7,57.14,1,0.0,1,0.0,7,0.0,7,0.0,7,14.29,0,,7,85.71,7,0.0,0,,7,0.0,7,71.43,1,0.0,7,0.0,7,0.0,8,0.0
,3005702502,77,19.48,Tier 3,7,85.71,0,,0,,7,14.29,7,0.0,7,0.0,0,,7,71.43,7,0.0,0,,7,0.0,6,33.33,0,,7,0.0,7,14.29,8,0.0
Porcupine River,19006404502,83,19.28,Tier 3,7,14.29,2,100.0,2,0.0,7,28.57,7,0.0,7,100.0,0,,7,14.29,7,0.0,0,,7,28.57,7,0.0,2,0.0,7,0.0,7,14.29,7,0.0
North Raisin River,12007301102,78,19.23,Tier 3,7,100.0,0,,0,,7,28.57,7,0.0,7,0.0,0,,7,14.29,7,0.0,0,,7,0.0,8,50.0,0,,6,0.0,7,14.29,8,0.0
Carp River,18337012102,94,19.15,Tier 3,8,87.5,2,0.0,2,0.0,8,0.0,8,12.5,8,0.0,0,,8,25.0,8,0.0,0,,8,0.0,8,87.5,2,0.0,8,0.0,8,12.5,8,0.0
Grand River,16018403502,152,19.08,Tier 3,12,83.33,3,0.0,3,0.0,12,0.0,11,9.09,12,0.0,0,,12,66.67,12,0.0,12,0.0,12,0.0,12,66.67,3,0.0,12,0.0,12,8.33,12,8.33
,4001301602,79,18.99,Tier 3,7,85.71,0,,0,,7,0.0,7,0.0,7,0.0,0,,7,14.29,7,0.0,0,,7,0.0,8,100.0,0,,7,0.0,7,0.0,8,0.0
Raisin River,12007300802,79,18.99,Tier 3,7,100.0,0,,0,,7,14.29,7,14.29,7,0.0,0,,7,14.29,7,0.0,0,,7,0.0,8,50.0,0,,6,0.0,7,14.29,9,0.0
,4001304102,85,18.82,Tier 3,7,28.57,0,,0,,7,0.0,7,14.29,7,14.29,0,,7,14.29,7,0.0,0,,7,0.0,11,72.73,0,,7,0.0,7,14.29,11,18.18
Big Creek,16012401202,16,18.75,Tier 3,0,,0,,0,,0,,0,,0,,0,,0,,0,,0,,0,,8,37.5,0,,0,,0,,8,0.0
,8010700502,16,18.75,Tier 3,0,,0,,0,,0,,0,,0,,0,,0,,0,,0,,0,,8,37.5,0,,0,,0,,8,0.0
,3005703502,16,18.75,Tier 3,0,,0,,0,,0,,0,,0,,0,,0,,0,,0,,0,,8,37.5,0,,0,,0,,8,0.0
Nith River,16018403302,16,18.75,Tier 3,0,,0,,0,,0,,0,,0,,0,,0,,0,,0,,0,,8,12.5,0,,0,,0,,8,25.0
,6006000402,16,18.75,Tier 3,0,,0,,0,,0,,0,,0,,0,,0,,0,,0,,0,,8,37.5,0,,0,,0,,8,0.0
,6006301002,16,18.75,Tier 3,0,,0,,0,,0,,0,,0,,0,,0,,0,,0,,0,,8,25.0,0,,0,,0,,8,12.5
Rideau River,18003303702,16,18.75,Tier 3,0,,0,,0,,0,,0,,0,,0,,0,,0,,0,,0,,8,37.5,0,,0,,0,,8,0.0
Larue Mills Creek,12002700102,81,18.52,Tier 3,7,28.57,0,,0,,7,14.29,7,0.0,7,0.0,0,,7,57.14,7,0.0,0,,7,0.0,9,88.89,0,,7,0.0,7,0.0,9,0.0
,6018300202,81,18.52,Tier 3,7,28.57,0,,0,,7,14.29,7,0.0,7,14.29,0,,7,71.43,7,0.0,0,,7,0.0,9,66.67,0,,7,0.0,7,0.0,9,0.0
,6007602302,119,18.49,Tier 3,10,70.0,0,,0,,10,0.0,7,0.0,10,10.0,11,54.55,10,20.0,10,0.0,0,,10,0.0,11,45.45,0,,10,0.0,9,11.11,11,0.0
,6008301802,82,18.29,Tier 3,7,71.43,0,,0,,7,0.0,7,0.0,7,0.0,0,,7,71.43,7,0.0,0,,7,0.0,10,50.0,0,,7,0.0,6,0.0,10,0.0
,8004000202,22,18.18,Tier 3,0,,0,,0,,0,,0,,0,,0,,0,,0,,0,,0,,11,36.36,0,,0,,0,,11,0.0
Rideau River,18003303102,22,18.18,Tier 3,0,,0,,0,,0,,0,,0,,0,,0,,0,,0,,0,,11,36.36,0,,0,,0,,11,0.0
,6001700702,83,18.07,Tier 3,7,100.0,0,,0,,7,0.0,7,0.0,7,0.0,0,,7,28.57,7,0.0,0,,7,0.0,10,60.0,0,,7,0.0,7,0.0,10,0.0
,6007600602,122,18.03,Tier 3,10,30.0,0,,0,,10,0.0,10,10.0,10,10.0,11,72.73,10,0.0,10,0.0,0,,10,0.0,11,54.55,0,,10,0.0,9,33.33,11,0.0
,6009701102,122,18.03,Tier 3,11,81.82,1,0.0,1,0.0,11,0.0,7,42.86,11,9.09,0,,11,36.36,11,0.0,0,,11,0.0,12,41.67,1,0.0,11,0.0,11,0.0,12,0.0
Raisin River,12007300302,78,17.95,Tier 3,7,85.71,0,,0,,7,28.57,7,0.0,7,0.0,0,,7,14.29,7,0.0,0,,7,0.0,8,62.5,0,,6,0.0,7,0.0,8,0.0
,4001306402,79,17.72,Tier 3,7,71.43,0,,0,,7,0.0,7,0.0,7,0.0,0,,7,0.0,7,0.0,0,,7,0.0,8,100.0,0,,7,0.0,7,0.0,8,12.5
South Nation River,18207010002,68,17.65,Tier 3,6,83.33,0,,0,,6,0.0,6,16.67,6,0.0,0,,6,16.67,6,0.0,0,,6,0.0,7,71.43,0,,6,0.0,6,0.0,7,0.0
Root River,13001100102,57,17.54,Tier 3,5,100.0,0,,0,,5,0.0,5,0.0,5,0.0,0,,5,100.0,5,0.0,0,,5,0.0,6,0.0,0,,5,0.0,5,0.0,6,0.0
Whitson River,14002802802,126,17.46,Tier 3,11,0.0,1,0.0,1,0.0,11,0.0,11,18.18,11,36.36,0,,11,100.0,11,0.0,0,,11,45.45,12,0.0,1,0.0,11,0.0,11,0.0,12,0.0
,6013300402,87,17.24,Tier 3,7,85.71,0,,0,,7,14.29,7,0.0,7,0.0,0,,7,14.29,7,0.0,0,,7,0.0,12,50.0,0,,7,0.0,7,0.0,12,8.33
,8002201602,94,17.02,Tier 3,8,37.5,0,,0,,8,12.5,8,12.5,8,12.5,0,,8,0.0,8,0.0,0,,8,0.0,11,90.91,0,,8,0.0,8,0.0,11,0.0
,6001701002,83,16.87,Tier 3,7,71.43,0,,0,,7,0.0,7,0.0,7,14.29,0,,7,28.57,7,0.0,0,,7,0.0,10,60.0,0,,7,0.0,7,0.0,10,0.0
,6006300102,78,16.67,Tier 3,7,71.43,0,,0,,7,0.0,6,16.67,7,0.0,0,,7,14.29,7,0.0,0,,7,0.0,8,25.0,0,,7,0.0,7,0.0,8,50.0
Nith River,16018400902,24,16.67,Tier 3,0,,0,,0,,0,,0,,0,,0,,0,,0,,0,,0,,12,25.0,0,,0,,0,,12,8.33
Gananoque River,12001700202,18,16.67,Tier 3,0,,0,,0,,0,,0,,0,,0,,0,,0,,0,,0,,9,22.22,0,,0,,0,,9,11.11
,8005603502,18,16.67,Tier 3,0,,0,,0,,0,,0,,0,,0,,0,,0,,0,,0,,9,33.33,0,,0,,0,,9,0.0
,3001500202,79,16.46,Tier 3,7,28.57,0,,0,,7,0.0,7,0.0,7,0.0,0,,7,57.14,7,0.0,0,,7,0.0,8,50.0,0,,7,0.0,7,0.0,8,37.5
Whitemans Creek,16018410602,49,16.33,Tier 3,1,0.0,0,,0,,1,0.0,1,0.0,1,0.0,0,,1,0.0,1,0.0,0,,1,0.0,20,40.0,0,,1,0.0,1,0.0,20,0.0
,3007702902,82,15.85,Tier 3,7,71.43,1,0.0,1,0.0,7,0.0,7,0.0,7,0.0,0,,7,57.14,7,0.0,0,,7,0.0,8,50.0,1,0.0,7,0.0,7,0.0,8,0.0
,3007703502,90,15.56,Tier 3,7,57.14,1,0.0,1,0.0,7,0.0,7,14.29,7,14.29,0,,7,42.86,7,0.0,0,,7,0.0,12,33.33,1,0.0,7,0.0,7,14.29,12,0.0
,3005703002,78,15.38,Tier 3,7,71.43,0,,0,,7,0.0,7,14.29,7,0.0,0,,7,42.86,7,0.0,0,,7,0.0,7,42.86,0,,7,0.0,7,0.0,8,0.0
,6012900102,78,15.38,Tier 3,6,16.67,0,,0,,6,16.67,6,0.0,6,0.0,0,,6,16.67,6,0.0,0,,6,0.0,12,41.67,0,,6,0.0,6,16.67,12,25.0
,3005703602,13,15.38,Tier 3,0,,0,,0,,0,,0,,0,,0,,0,,0,,0,,0,,6,33.33,0,,0,,0,,7,0.0
,3013301902,85,15.29,Tier 3,7,42.86,0,,0,,7,0.0,7,28.57,7,0.0,0,,7,100.0,7,0.0,0,,7,0.0,11,9.09,0,,7,0.0,7,0.0,11,0.0
Whitson River,14002803002,79,15.19,Tier 3,7,42.86,0,,0,,7,0.0,7,14.29,7,42.86,0,,7,71.43,7,0.0,0,,7,0.0,8,0.0,0,,7,0.0,7,0.0,8,0.0
,9000800602,93,15.05,Tier 3,8,37.5,1,0.0,1,0.0,8,0.0,8,0.0,8,0.0,0,,8,50.0,8,0.0,0,,8,0.0,9,66.67,1,0.0,8,0.0,8,12.5,9,0.0
,9000800502,93,15.05,Tier 3,8,37.5,1,0.0,1,0.0,8,12.5,8,0.0,8,0.0,0,,8,12.5,8,0.0,0,,8,0.0,9,55.56,1,0.0,8,0.0,8,12.5,9,33.33
Lily Creek,14002808902,87,14.94,Tier 2,7,0.0,0,,0,,7,0.0,7,0.0,7,100.0,0,,7,0.0,7,0.0,0,,7,57.14,12,16.67,0,,7,0.0,7,0.0,12,0.0
,3007702102,74,14.86,Tier 2,6,16.67,0,,0,,6,33.33,6,0.0,6,0.0,0,,6,33.33,6,0.0,0,,6,0.0,10,60.0,0,,6,0.0,6,0.0,10,0.0
Butlers Creek,12003400102,81,14.81,Tier 2,7,14.29,0,,0,,7,28.57,7,14.29,7,14.29,0,,7,14.29,7,0.0,0,,7,0.0,9,55.56,0,,7,0.0,7,14.29,9,0.0
,6011600102,68,14.71,Tier 2,6,33.33,0,,0,,6,16.67,6,16.67,6,0.0,0,,6,16.67,6,0.0,0,,6,0.0,7,57.14,0,,6,0.0,6,0.0,7,14.29
Scotch River East,18207006002,34,14.71,Tier 2,2,0.0,0,,0,,2,0.0,2,0.0,2,0.0,0,,2,0.0,2,0.0,0,,2,0.0,8,62.5,0,,2,0.0,2,0.0,8,0.0
,3007000402,83,14.46,Tier 2,7,100.0,0,,0,,7,14.29,7,0.0,7,0.0,0,,7,14.29,7,0.0,0,,7,0.0,10,30.0,0,,7,0.0,7,0.0,10,0.0
,3007700702,90,14.44,Tier 2,7,28.57,1,0.0,1,0.0,7,0.0,7,28.57,7,14.29,0,,7,14.29,7,0.0,0,,7,0.0,12,58.33,1,0.0,7,0.0,7,0.0,12,0.0
,6009701802,84,14.29,Tier 2,7,57.14,0,,0,,7,0.0,6,16.67,7,0.0,0,,7,28.57,7,0.0,0,,7,0.0,11,45.45,0,,7,0.0,7,0.0,11,0.0
,6006000702,79,13.92,Tier 2,7,42.86,0,,0,,7,0.0,7,0.0,7,0.0,0,,7,14.29,7,0.0,0,,7,0.0,8,25.0,0,,7,0.0,7,14.29,8,50.0
,8010300102,79,13.92,Tier 2,7,85.71,0,,0,,7,14.29,7,0.0,7,0.0,0,,7,0.0,7,0.0,0,,7,0.0,8,50.0,0,,7,0.0,7,0.0,8,0.0
Ottawa River,18000036002,79,13.92,Tier 2,7,100.0,0,,0,,7,0.0,7,42.86,7,0.0,0,,7,14.29,7,0.0,0,,7,0.0,8,0.0,0,,7,0.0,7,0.0,8,0.0
,1010600202,79,13.92,Tier 2,7,42.86,0,,0,,7,0.0,7,14.29,7,0.0,0,,7,100.0,7,0.0,0,,7,0.0,8,0.0,0,,7,0.0,7,0.0,8,0.0
Onaping River,14002801202,79,13.92,Tier 2,7,28.57,0,,0,,7,0.0,7,0.0,7,85.71,0,,7,42.86,7,0.0,0,,7,0.0,8,0.0,0,,7,0.0,7,0.0,8,0.0
,6007605002,95,13.68,Tier 2,8,50.0,0,,0,,8,12.5,5,0.0,8,0.0,9,44.44,8,12.5,8,0.0,0,,8,0.0,9,22.22,0,,8,0.0,7,0.0,9,11.11
,6007600502,120,13.33,Tier 2,10,0.0,0,,0,,10,0.0,8,75.0,10,0.0,11,36.36,10,60.0,10,0.0,0,,10,0.0,11,0.0,0,,10,0.0,9,0.0,11,0.0
,3005703402,15,13.33,Tier 2,0,,0,,0,,0,,0,,0,,0,,0,,0,,0,,0,,7,28.57,0,,0,,0,,8,0.0
,3005702102,15,13.33,Tier 2,0,,0,,0,,0,,0,,0,,0,,0,,0,,0,,0,,7,14.29,0,,0,,0,,8,12.5
,3004700102,15,13.33,Tier 2,0,,0,,0,,0,,0,,0,,0,,0,,0,,0,,0,,7,14.29,0,,0,,0,,8,12.5
,4001305702,15,13.33,Tier 2,0,,0,,0,,0,,0,,0,,0,,0,,0,,0,,0,,7,28.57,0,,0,,0,,8,0.0
,3005703302,15,13.33,Tier 2,0,,0,,0,,0,,0,,0,,0,,0,,0,,0,,0,,7,28.57,0,,0,,0,,8,0.0
,3005701002,15,13.33,Tier 2,0,,0,,0,,0,,0,,0,,0,,0,,0,,0,,0,,7,28.57,0,,0,,0,,8,0.0
,6010800102,68,13.24,Tier 2,6,50.0,0,,0,,6,0.0,6,16.67,6,0.0,0,,6,33.33,6,0.0,0,,6,0.0,7,42.86,0,,6,0.0,6,0.0,7,0.0
,6010400802,84,13.1,Tier 2,7,42.86,0,,0,,7,0.0,6,16.67,7,0.0,0,,7,42.86,7,0.0,0,,7,0.0,11,36.36,0,,7,0.0,7,0.0,11,0.0
Grand River,16018401502,77,12.99,Tier 2,7,28.57,0,,0,,7,0.0,7,14.29,7,0.0,0,,7,14.29,7,0.0,0,,7,0.0,7,28.57,0,,7,0.0,7,0.0,7,57.14
Stoney Creek,17002113802,55,12.73,Tier 2,5,60.0,0,,0,,5,0.0,5,0.0,5,0.0,0,,5,80.0,5,0.0,0,,5,0.0,5,0.0,0,,5,0.0,5,0.0,5,0.0
Big Creek,16012401102,79,12.66,Tier 2,7,57.14,0,,0,,7,14.29,7,0.0,7,0.0,0,,7,14.29,7,0.0,0,,7,0.0,8,50.0,0,,7,0.0,7,0.0,8,0.0
,3013304002,79,12.66,Tier 2,7,57.14,0,,0,,7,0.0,7,0.0,7,14.29,0,,7,71.43,7,0.0,0,,7,0.0,8,0.0,0,,7,0.0,7,0.0,8,0.0
,6007602202,120,12.5,Tier 2,10,30.0,0,,0,,10,10.0,8,0.0,10,0.0,11,54.55,10,20.0,10,0.0,0,,10,0.0,11,18.18,0,,10,0.0,9,0.0,11,9.09
Speed River,16018410102,24,12.5,Tier 2,0,,0,,0,,0,,0,,0,,0,,0,,0,,0,,0,,12,25.0,0,,0,,0,,12,0.0
,6011800102,24,12.5,Tier 2,0,,0,,0,,0,,0,,0,,0,,0,,0,,0,,0,,12,25.0,0,,0,,0,,12,0.0
Nith River,16018407402,16,12.5,Tier 2,0,,0,,0,,0,,0,,0,,0,,0,,0,,0,,0,,8,25.0,0,,0,,0,,8,0.0
Kent Creek,16015901002,16,12.5,Tier 2,0,,0,,0,,0,,0,,0,,0,,0,,0,,0,,0,,8,25.0,0,,0,,0,,8,0.0
Mississippi River,18343003402,16,12.5,Tier 2,0,,0,,0,,0,,0,,0,,0,,0,,0,,0,,0,,8,25.0,0,,0,,0,,8,0.0
,6017200102,16,12.5,Tier 2,0,,0,,0,,0,,0,,0,,0,,0,,0,,0,,0,,8,25.0,0,,0,,0,,8,0.0
,6012900202,16,12.5,Tier 2,0,,0,,0,,0,,0,,0,,0,,0,,0,,0,,0,,8,25.0,0,,0,,0,,8,0.0
,6012900502,16,12.5,Tier 2,0,,0,,0,,0,,0,,0,,0,,0,,0,,0,,0,,8,12.5,0,,0,,0,,8,12.5
,4001309702,8,12.5,Tier 2,0,,0,,0,,0,,0,,0,,0,,0,,0,,0,,0,,4,25.0,0,,0,,0,,4,0.0
,3007702802,82,12.2,Tier 2,7,42.86,1,0.0,1,0.0,7,14.29,7,14.29,7,0.0,0,,7,28.57,7,0.0,0,,7,0.0,8,37.5,1,0.0,7,0.0,7,0.0,8,0.0
,3007700202,82,12.2,Tier 2,7,28.57,1,0.0,1,0.0,7,0.0,7,0.0,7,0.0,0,,7,14.29,7,0.0,0,,7,0.0,8,87.5,1,0.0,7,0.0,7,0.0,8,0.0
,1010700402,91,12.09,Tier 2,8,25.0,1,0.0,1,0.0,8,0.0,8,0.0,8,0.0,0,,8,100.0,8,0.0,0,,8,0.0,8,12.5,1,0.0,8,0.0,8,0.0,8,0.0
,6001701102,83,12.05,Tier 2,7,42.86,0,,0,,7,0.0,7,0.0,7,0.0,0,,7,14.29,7,0.0,0,,7,0.0,10,60.0,0,,7,0.0,7,0.0,10,0.0
,6007601702,119,11.76,Tier 2,10,50.0,0,,0,,10,0.0,7,0.0,10,0.0,11,36.36,10,20.0,10,0.0,0,,10,0.0,11,18.18,0,,10,0.0,9,0.0,11,9.09
,6007605202,120,11.67,Tier 2,10,0.0,0,,0,,10,0.0,9,0.0,10,0.0,11,63.64,10,10.0,9,0.0,0,,10,0.0,11,54.55,0,,10,0.0,9,0.0,11,0.0
,6007600302,120,11.67,Tier 2,10,40.0,0,,0,,10,0.0,8,0.0,10,0.0,11,63.64,10,10.0,10,0.0,0,,10,0.0,11,9.09,0,,10,0.0,9,0.0,11,9.09
Grand River,16018401002,78,11.54,Tier 2,7,0.0,0,,0,,7,0.0,7,0.0,7,0.0,0,,7,0.0,7,0.0,0,,7,0.0,7,14.29,0,,7,0.0,7,0.0,8,100.0
South Natiom River,18207015002,70,11.43,Tier 2,6,0.0,0,,0,,6,0.0,6,0.0,6,0.0,0,,6,50.0,6,0.0,0,,6,0.0,8,62.5,0,,6,0.0,6,0.0,8,0.0
,4001306302,79,11.39,Tier 2,7,14.29,0,,0,,7,0.0,7,14.29,7,0.0,0,,7,85.71,7,0.0,0,,7,0.0,8,12.5,0,,7,0.0,7,0.0,8,0.0
,6011700202,79,11.39,Tier 2,7,28.57,0,,0,,7,0.0,7,14.29,7,14.29,0,,7,14.29,7,0.0,0,,7,0.0,8,37.5,0,,7,0.0,7,14.29,8,0.0
Moira River,17002601302,98,11.22,Tier 2,7,14.29,9,77.78,1,0.0,7,0.0,7,0.0,7,0.0,0,,7,28.57,7,0.0,8,0.0,7,0.0,8,12.5,1,0.0,7,0.0,7,0.0,8,0.0
Cold Creek,17002104602,81,11.11,Tier 2,7,71.43,1,0.0,1,0.0,7,0.0,6,16.67,7,0.0,0,,7,14.29,7,0.0,0,,7,0.0,8,25.0,1,0.0,7,0.0,7,0.0,8,0.0
,3007000502,81,11.11,Tier 2,7,100.0,0,,0,,7,0.0,7,14.29,7,14.29,0,,7,0.0,7,0.0,0,,7,0.0,9,0.0,0,,7,0.0,7,0.0,9,0.0
Grand River,16018403702,18,11.11,Tier 2,0,,0,,0,,0,,0,,0,,0,,0,,0,,0,,0,,11,9.09,0,,0,,0,,7,14.29
,3007300202,83,10.84,Tier 2,7,85.71,0,,0,,7,0.0,7,0.0,7,0.0,0,,7,0.0,7,0.0,0,,7,0.0,10,30.0,0,,7,0.0,7,0.0,10,0.0
,3007600502,83,10.84,Tier 2,7,100.0,0,,0,,7,0.0,7,0.0,7,0.0,0,,7,0.0,7,0.0,0,,7,0.0,10,20.0,0,,7,0.0,7,0.0,10,0.0
,9000800702,93,10.75,Tier 2,8,0.0,1,0.0,1,0.0,8,0.0,8,0.0,8,0.0,0,,8,62.5,8,0.0,0,,8,0.0,9,55.56,1,0.0,8,0.0,8,0.0,9,0.0
Rideau River,18003303402,75,10.67,Tier 2,6,16.67,0,,0,,6,16.67,6,0.0,6,0.0,0,,6,0.0,6,0.0,0,,6,0.0,11,36.36,0,,5,0.0,6,33.33,11,0.0
,8005603902,85,10.59,Tier 2,7,14.29,0,,0,,7,14.29,7,0.0,7,0.0,0,,7,0.0,7,0.0,0,,7,0.0,11,63.64,0,,7,0.0,7,0.0,11,0.0
Nonquon River,17002113602,85,10.59,Tier 2,7,0.0,0,,0,,7,0.0,7,0.0,7,0.0,0,,7,57.14,7,0.0,0,,7,0.0,11,45.45,0,,7,0.0,7,0.0,11,0.0
Blackstock Creek,17002113702,86,10.47,Tier 2,7,28.57,0,,0,,7,28.57,7,0.0,7,0.0,0,,7,14.29,7,0.0,0,,7,0.0,11,36.36,0,,7,0.0,7,0.0,12,0.0
,6008310402,78,10.26,Tier 2,7,42.86,0,,0,,7,0.0,7,0.0,7,0.0,0,,7,0.0,7,0.0,0,,7,0.0,8,62.5,0,,7,0.0,6,0.0,8,0.0
Moira River,17002601101,98,10.2,Tier 2,7,0.0,9,100.0,1,0.0,7,0.0,7,14.29,7,0.0,0,,7,0.0,7,0.0,8,0.0,7,0.0,8,0.0,1,0.0,7,0.0,7,0.0,8,0.0
,8013500502,79,10.13,Tier 2,7,28.57,0,,0,,7,0.0,7,0.0,7,0.0,0,,7,14.29,7,0.0,0,,7,0.0,8,50.0,0,,7,0.0,7,0.0,8,12.5
Jock River,18003303602,79,10.13,Tier 2,7,14.29,0,,0,,7,14.29,7,14.29,7,0.0,0,,7,0.0,7,0.0,0,,7,0.0,8,62.5,0,,7,0.0,7,0.0,8,0.0
,6007600802,119,10.08,Tier 2,10,0.0,0,,0,,10,0.0,7,28.57,10,0.0,11,27.27,10,40.0,10,0.0,0,,10,0.0,11,18.18,0,,10,0.0,9,11.11,11,0.0
Grand River,16018409002,10,10.0,Tier 2,0,,0,,0,,0,,0,,0,,0,,0,,0,,0,,0,,7,0.0,0,,0,,0,,3,33.33
Crowe River,17002114502,82,9.76,Tier 2,7,14.29,1,0.0,1,0.0,7,0.0,7,0.0,7,0.0,0,,7,71.43,7,0.0,0,,7,0.0,8,0.0,1,0.0,7,0.0,7,28.57,8,0.0
Mattagami River,19006401420,93,9.68,Tier 2,7,14.29,2,0.0,2,0.0,7,0.0,7,0.0,7,100.0,0,,7,14.29,7,0.0,0,,7,0.0,12,0.0,2,0.0,7,0.0,7,0.0,12,0.0
Bonnechere River,18369001002,94,9.57,Tier 2,8,75.0,2,0.0,2,0.0,8,0.0,8,12.5,8,0.0,0,,8,12.5,8,0.0,0,,8,0.0,8,12.5,2,0.0,8,0.0,8,0.0,8,0.0
Grand River,16018401202,87,9.2,Tier 2,7,28.57,0,,0,,7,0.0,7,0.0,7,0.0,0,,7,14.29,7,0.0,0,,7,0.0,12,33.33,0,,7,0.0,7,0.0,12,8.33
,6011700302,87,9.2,Tier 2,7,42.86,0,,0,,7,0.0,7,0.0,7,0.0,0,,7,14.29,7,0.0,0,,7,0.0,12,33.33,0,,7,0.0,7,0.0,12,0.0
Moira River,17002602302,98,9.18,Tier 2,7,0.0,9,77.78,1,0.0,7,14.29,7,0.0,7,0.0,0,,7,0.0,7,0.0,8,0.0,7,0.0,8,12.5,1,0.0,7,0.0,7,0.0,8,0.0
Speed River,16018409902,11,9.09,Tier 2,0,,0,,0,,0,,0,,0,,0,,0,,0,,0,,0,,8,0.0,0,,0,,0,,3,33.33
Mill (Galt) Creek,16018413102,11,9.09,Tier 2,0,,0,,0,,0,,0,,0,,0,,0,,0,,0,,0,,8,12.5,0,,0,,0,,3,0.0
Jackson Creek,17002103802,79,8.86,Tier 2,7,14.29,0,,0,,7,14.29,7,0.0,7,0.0,0,,7,0.0,7,0.0,0,,7,0.0,8,50.0,0,,7,0.0,7,0.0,8,12.5
Schneider Creek,16018411702,79,8.86,Tier 2,7,14.29,0,,0,,7,0.0,7,28.57,7,14.29,0,,7,14.29,7,0.0,0,,7,0.0,8,12.5,0,,7,0.0,7,14.29,8,0.0
Trout Creek,17002115602,81,8.64,Tier 2,7,14.29,1,0.0,1,0.0,7,0.0,6,0.0,7,0.0,0,,7,14.29,7,0.0,0,,7,0.0,8,50.0,1,0.0,7,0.0,7,0.0,8,12.5
Gananoque River,12001700102,81,8.64,Tier 2,7,14.29,0,,0,,7,14.29,7,0.0,7,0.0,0,,7,0.0,7,0.0,0,,7,0.0,9,55.56,0,,7,0.0,7,0.0,9,0.0
Little Cataraqui Creek,12000201002,81,8.64,Tier 2,7,71.43,0,,0,,7,14.29,7,14.29,7,0.0,0,,7,0.0,7,0.0,0,,7,0.0,9,0.0,0,,7,0.0,7,0.0,9,0.0
Kemptville Creek,18003300302,35,8.57,Tier 2,3,0.0,0,,0,,3,33.33,3,0.0,3,0.0,0,,3,0.0,3,0.0,0,,3,0.0,4,25.0,0,,3,0.0,3,33.33,4,0.0
Crowe River,17002108602,82,8.54,Tier 2,7,14.29,1,0.0,1,0.0,7,0.0,7,0.0,7,0.0,0,,7,85.71,7,0.0,0,,7,0.0,8,0.0,1,0.0,7,0.0,7,0.0,8,0.0
,3007703802,82,8.54,Tier 2,7,0.0,1,0.0,1,0.0,7,0.0,7,0.0,7,0.0,0,,7,28.57,7,0.0,0,,7,0.0,8,62.5,1,0.0,7,0.0,7,0.0,8,0.0
Ottawa River,18000017002,94,8.51,Tier 2,8,100.0,2,0.0,2,0.0,8,0.0,8,0.0,8,0.0,0,,8,0.0,8,0.0,0,,8,0.0,8,0.0,2,0.0,8,0.0,8,0.0,8,0.0
,6007601802,118,8.47,Tier 2,10,10.0,0,,0,,10,10.0,6,0.0,10,0.0,11,36.36,10,10.0,10,0.0,0,,10,0.0,11,18.18,0,,10,0.0,9,0.0,11,9.09
,6001700102,83,8.43,Tier 2,7,71.43,0,,0,,7,0.0,7,14.29,7,0.0,0,,7,0.0,7,0.0,0,,7,0.0,10,10.0,0,,7,0.0,7,0.0,10,0.0
Attawapiskat River,19004300502,24,8.33,Tier 2,2,100.0,0,,0,,2,0.0,2,0.0,2,0.0,0,,2,0.0,2,0.0,2,0.0,2,0.0,2,0.0,0,,2,0.0,2,0.0,2,0.0
Muketei River,19004400102,24,8.33,Tier 2,2,100.0,0,,0,,2,0.0,2,0.0,2,0.0,0,,2,0.0,2,0.0,2,0.0,2,0.0,2,0.0,0,,2,0.0,2,0.0,2,0.0
Ekwan River,19004000102,24,8.33,Tier 2,2,50.0,0,,0,,2,0.0,2,0.0,2,0.0,0,,2,50.0,2,0.0,2,0.0,2,0.0,2,0.0,0,,2,0.0,2,0.0,2,0.0
,6013300502,25,8.0,Tier 2,1,100.0,0,,0,,1,0.0,1,0.0,1,0.0,0,,1,0.0,1,0.0,0,,1,0.0,8,12.5,0,,1,0.0,1,0.0,8,0.0
Speed River,16018403602,79,7.59,Tier 2,7,0.0,0,,0,,7,0.0,7,0.0,7,14.29,0,,7,0.0,7,0.0,0,,7,0.0,8,25.0,0,,7,0.0,7,42.86,8,0.0
,3005700702,79,7.59,Tier 2,7,42.86,0,,0,,7,0.0,7,0.0,7,0.0,0,,7,14.29,7,0.0,0,,7,0.0,8,25.0,0,,7,0.0,7,0.0,8,0.0
,3007000302,79,7.59,Tier 2,7,0.0,0,,0,,7,14.29,7,0.0,7,0.0,0,,7,14.29,7,0.0,0,,7,0.0,8,50.0,0,,7,0.0,7,0.0,8,0.0
,1010700202,79,7.59,Tier 2,7,0.0,0,,0,,7,0.0,7,0.0,7,0.0,0,,7,85.71,7,0.0,0,,7,0.0,8,0.0,0,,7,0.0,7,0.0,8,0.0
,1010500102,93,7.53,Tier 2,8,0.0,1,0.0,1,0.0,8,0.0,8,0.0,8,0.0,0,,8,75.0,8,0.0,0,,8,0.0,9,0.0,1,0.0,8,0.0,8,0.0,9,11.11
,3013400102,80,7.5,Tier 2,7,57.14,0,,0,,7,0.0,7,0.0,7,14.29,0,,7,14.29,7,0.0,0,,7,0.0,8,0.0,0,,7,0.0,7,0.0,9,0.0
,8004000802,94,7.45,Tier 2,8,25.0,0,,0,,8,0.0,8,0.0,8,0.0,0,,8,0.0,8,0.0,0,,8,0.0,11,36.36,0,,8,0.0,8,0.0,11,9.09
,6007601002,121,7.44,Tier 2,10,40.0,0,,0,,10,0.0,9,0.0,10,0.0,11,18.18,10,10.0,10,0.0,0,,10,0.0,11,9.09,0,,10,0.0,9,0.0,11,9.09
,6013000102,81,7.41,Tier 2,7,28.57,0,,0,,7,0.0,7,0.0,7,0.0,0,,7,14.29,7,0.0,0,,7,0.0,9,22.22,0,,7,0.0,7,0.0,9,11.11
Root River,13001100202,68,7.35,Tier 2,6,16.67,0,,0,,6,0.0,6,0.0,6,16.67,0,,6,33.33,6,0.0,0,,6,0.0,7,14.29,0,,6,0.0,6,0.0,7,0.0
Amable Du Fond River,18607008002,83,7.23,Tier 2,7,28.57,0,,0,,7,0.0,7,0.0,7,57.14,0,,7,0.0,7,0.0,0,,7,0.0,10,0.0,0,,7,0.0,7,0.0,10,0.0
,6011100302,14,7.14,Tier 2,0,,0,,0,,0,,0,,0,,0,,0,,0,,0,,0,,7,14.29,0,,0,,0,,7,0.0
,6011600602,14,7.14,Tier 2,0,,0,,0,,0,,0,,0,,0,,0,,0,,0,,0,,7,14.29,0,,0,,0,,7,0.0
,3005400102,15,6.67,Tier 2,0,,0,,0,,0,,0,,0,,0,,0,,0,,0,,0,,7,0.0,0,,0,,0,,8,12.5
Skootamotta River,17002600902,138,6.52,Tier 2,11,9.09,11,0.0,2,0.0,11,0.0,11,0.0,11,0.0,0,,11,72.73,11,0.0,0,,11,0.0,12,0.0,2,0.0,11,0.0,11,0.0,12,0.0
Mississippi River,18343003002,93,6.45,Tier 2,8,62.5,2,0.0,2,0.0,8,0.0,8,0.0,8,0.0,0,,8,0.0,8,0.0,0,,8,0.0,7,14.29,2,0.0,8,0.0,8,0.0,8,0.0
,8012303002,78,6.41,Tier 2,7,71.43,0,,0,,7,0.0,7,0.0,7,0.0,0,,7,0.0,7,0.0,0,,7,0.0,7,0.0,0,,7,0.0,7,0.0,8,0.0
Garry River,12008601102,78,6.41,Tier 2,7,0.0,0,,0,,7,28.57,7,0.0,7,0.0,0,,7,0.0,7,0.0,0,,7,0.0,8,37.5,0,,6,0.0,7,0.0,8,0.0
Lynn River,16015900302,79,6.33,Tier 2,7,0.0,0,,0,,7,14.29,7,0.0,7,0.0,0,,7,14.29,7,0.0,0,,7,0.0,8,37.5,0,,7,0.0,7,0.0,8,0.0
,3007300302,79,6.33,Tier 2,7,57.14,0,,0,,7,0.0,7,0.0,7,0.0,0,,7,0.0,7,0.0,0,,7,0.0,8,12.5,0,,7,0.0,7,0.0,8,0.0
,8012305102,79,6.33,Tier 2,7,42.86,0,,0,,7,28.57,7,0.0,7,0.0,0,,7,0.0,7,0.0,0,,7,0.0,8,0.0,0,,7,0.0,7,0.0,8,0.0
Speed River,16018403402,79,6.33,Tier 2,7,0.0,0,,0,,7,14.29,7,0.0,7,14.29,0,,7,0.0,7,0.0,0,,7,0.0,8,0.0,0,,7,0.0,7,14.29,8,25.0
,3013401802,79,6.33,Tier 2,7,28.57,0,,0,,7,0.0,7,0.0,7,28.57,0,,7,14.29,7,0.0,0,,7,0.0,8,0.0,0,,7,0.0,7,0.0,8,0.0
,8012304402,16,6.25,Tier 2,0,,0,,0,,0,,0,,0,,0,,0,,0,,0,,0,,8,12.5,0,,0,,0,,8,0.0
,8012305002,16,6.25,Tier 2,0,,0,,0,,0,,0,,0,,0,,0,,0,,0,,0,,8,0.0,0,,0,,0,,8,12.5
Ouse River East,17002114302,16,6.25,Tier 2,0,,0,,0,,0,,0,,0,,0,,0,,0,,0,,0,,8,12.5,0,,0,,0,,8,0.0
Picton Creek,17000800102,16,6.25,Tier 2,0,,0,,0,,0,,0,,0,,0,,0,,0,,0,,0,,8,12.5,0,,0,,0,,8,0.0
Cold Creek,17002113302,82,6.1,Tier 2,7,14.29,1,0.0,1,0.0,7,0.0,7,0.0,7,0.0,0,,7,0.0,7,0.0,0,,7,0.0,8,25.0,1,0.0,7,0.0,7,14.29,8,12.5
Mariposa Brook,17002111902,84,5.95,Tier 2,7,14.29,0,,0,,7,28.57,7,0.0,7,0.0,0,,7,0.0,7,0.0,0,,7,0.0,10,20.0,0,,7,0.0,7,0.0,11,0.0
Coldwater Creek,13001101002,68,5.88,Tier 2,6,16.67,0,,0,,6,0.0,6,0.0,6,0.0,0,,6,16.67,6,0.0,0,,6,0.0,6,33.33,0,,6,0.0,6,0.0,8,0.0
,6011200302,68,5.88,Tier 2,6,16.67,0,,0,,6,0.0,6,0.0,6,0.0,0,,6,16.67,6,0.0,0,,6,0.0,7,28.57,0,,6,0.0,6,0.0,7,0.0
,6011100802,68,5.88,Tier 2,6,16.67,0,,0,,6,0.0,6,0.0,6,0.0,0,,6,16.67,6,0.0,0,,6,0.0,7,28.57,0,,6,0.0,6,0.0,7,0.0
,8005600202,87,5.75,Tier 2,7,14.29,0,,0,,7,14.29,7,0.0,7,0.0,0,,7,0.0,7,0.0,0,,7,0.0,12,25.0,0,,7,0.0,7,0.0,12,0.0
Indian River,18343000202,94,5.32,Tier 2,8,12.5,2,0.0,2,0.0,8,0.0,8,12.5,8,12.5,0,,8,0.0,8,0.0,0,,8,0.0,8,25.0,2,0.0,8,0.0,8,0.0,8,0.0
,3005300102,78,5.13,Tier 2,7,28.57,0,,0,,7,14.29,7,0.0,7,0.0,0,,7,0.0,7,0.0,0,,7,0.0,7,0.0,0,,7,0.0,7,0.0,8,12.5
Deer Creek,17002601202,98,5.1,Tier 2,7,0.0,9,0.0,1,0.0,7,14.29,7,0.0,7,0.0,0,,7,28.57,7,0.0,8,0.0,7,0.0,8,25.0,1,0.0,7,0.0,7,0.0,8,0.0
Grand River,16018402702,79,5.06,Tier 2,7,14.29,0,,0,,7,0.0,7,0.0,7,0.0,0,,7,0.0,7,0.0,0,,7,0.0,8,12.5,0,,7,0.0,7,14.29,8,12.5
,3003000202,79,5.06,Tier 2,7,28.57,0,,0,,7,0.0,7,0.0,7,14.29,0,,7,0.0,7,0.0,0,,7,0.0,8,12.5,0,,7,0.0,7,0.0,8,0.0
,8013500302,79,5.06,Tier 2,7,28.57,0,,0,,7,0.0,7,0.0,7,0.0,0,,7,14.29,7,0.0,0,,7,0.0,8,12.5,0,,7,0.0,7,0.0,8,0.0
,8005600302,79,5.06,Tier 2,7,0.0,0,,0,,7,14.29,7,0.0,7,14.29,0,,7,0.0,7,0.0,0,,7,0.0,8,25.0,0,,7,0.0,7,0.0,8,0.0
,3001700202,79,5.06,Tier 2,7,28.57,0,,0,,7,0.0,7,0.0,7,0.0,0,,7,0.0,7,0.0,0,,7,0.0,8,12.5,0,,7,0.0,7,0.0,8,12.5
Mattawa River,18607002002,79,5.06,Tier 2,7,42.86,0,,0,,7,0.0,7,0.0,7,0.0,0,,7,14.29,7,0.0,0,,7,0.0,8,0.0,0,,7,0.0,7,0.0,8,0.0
,6007605102,121,4.96,Tier 2,10,0.0,0,,0,,10,0.0,9,0.0,10,0.0,11,45.45,10,0.0,10,0.0,0,,10,0.0,11,0.0,0,,10,0.0,9,0.0,11,9.09
Percy Creek,17002115702,81,4.94,Tier 2,7,0.0,1,0.0,1,0.0,7,0.0,6,16.67,7,0.0,0,,7,0.0,7,0.0,0,,7,0.0,8,12.5,1,0.0,7,0.0,7,14.29,8,12.5
Wilton Creek,17003700302,81,4.94,Tier 2,7,28.57,0,,0,,7,14.29,7,0.0,7,0.0,0,,7,14.29,7,0.0,0,,7,0.0,9,0.0,0,,7,0.0,7,0.0,9,0.0
Salt Creek,17002107102,82,4.88,Tier 2,7,28.57,1,0.0,1,0.0,7,0.0,7,0.0,7,0.0,0,,7,0.0,7,0.0,0,,7,0.0,8,25.0,1,0.0,7,0.0,7,0.0,8,0.0
,3007704002,82,4.88,Tier 2,7,0.0,1,0.0,1,0.0,7,0.0,7,0.0,7,0.0,0,,7,0.0,7,0.0,0,,7,0.0,8,37.5,1,0.0,7,0.0,7,0.0,8,12.5
,3007704102,82,4.88,Tier 2,7,28.57,1,0.0,1,0.0,7,0.0,7,0.0,7,0.0,0,,7,0.0,7,0.0,0,,7,0.0,8,25.0,1,0.0,7,0.0,7,0.0,8,0.0
Rideau River,18003302602,22,4.55,Tier 2,0,,0,,0,,0,,0,,0,,0,,0,,0,,0,,0,,11,9.09,0,,0,,0,,11,0.0
,8005600102,68,4.41,Tier 2,6,0.0,0,,0,,6,16.67,6,0.0,6,33.33,0,,6,0.0,6,0.0,0,,6,0.0,7,0.0,0,,6,0.0,6,0.0,7,0.0
,8007600102,68,4.41,Tier 2,6,33.33,0,,0,,6,16.67,6,0.0,6,0.0,0,,6,0.0,6,0.0,0,,6,0.0,7,0.0,0,,6,0.0,6,0.0,7,0.0
,8007600202,24,4.17,Tier 2,0,,0,,0,,0,,0,,0,,0,,0,,0,,0,,0,,12,8.33,0,,0,,0,,12,0.0
Black River,17002602502,99,4.04,Tier 2,7,0.0,9,0.0,1,0.0,7,0.0,7,0.0,7,0.0,0,,7,57.14,7,0.0,8,0.0,7,0.0,8,0.0,2,0.0,7,0.0,7,0.0,8,0.0
Rideau River,18003303502,75,4.0,Tier 2,6,0.0,0,,0,,6,0.0,6,0.0,6,0.0,0,,6,0.0,6,16.67,0,,6,0.0,11,0.0,0,,5,0.0,6,33.33,11,0.0
Garry River,12008600402,78,3.85,Tier 2,7,0.0,0,,0,,7,42.86,7,0.0,7,0.0,0,,7,0.0,7,0.0,0,,7,0.0,8,0.0,0,,6,0.0,7,0.0,8,0.0
,3005702802,79,3.8,Tier 2,7,14.29,0,,0,,7,0.0,7,14.29,7,0.0,0,,7,0.0,7,0.0,0,,7,0.0,8,12.5,0,,7,0.0,7,0.0,8,0.0
,3001600302,79,3.8,Tier 2,7,14.29,0,,0,,7,0.0,7,0.0,7,0.0,0,,7,0.0,7,0.0,0,,7,0.0,8,25.0,0,,7,0.0,7,0.0,8,0.0
,6018000302,81,3.7,Tier 2,7,0.0,0,,0,,7,14.29,7,0.0,7,0.0,0,,7,0.0,7,0.0,0,,7,0.0,9,0.0,0,,7,0.0,7,0.0,9,22.22
North River,17002109202,82,3.66,Tier 2,7,0.0,1,0.0,1,0.0,7,0.0,7,14.29,7,0.0,0,,7,28.57,7,0.0,0,,7,0.0,8,0.0,1,0.0,7,0.0,7,0.0,8,0.0
Anstruther Lake Outlet,17002113902,55,3.64,Tier 2,5,20.0,0,,0,,5,0.0,5,0.0,5,0.0,0,,5,20.0,5,0.0,0,,5,0.0,5,0.0,0,,5,0.0,5,0.0,5,0.0
Mattagami River,19006400102,83,3.61,Tier 2,7,28.57,2,0.0,2,0.0,7,0.0,7,0.0,7,0.0,0,,7,14.29,7,0.0,0,,7,0.0,7,0.0,2,0.0,7,0.0,7,0.0,7,0.0
Scugog River,17002113002,85,3.53,Tier 2,7,0.0,0,,0,,7,42.86,7,0.0,7,0.0,0,,7,0.0,7,0.0,0,,7,0.0,11,0.0,0,,7,0.0,7,0.0,11,0.0
Burnt River,17002107502,85,3.53,Tier 2,7,0.0,0,,0,,7,0.0,7,0.0,7,0.0,0,,7,42.86,7,0.0,0,,7,0.0,11,0.0,0,,7,0.0,7,0.0,11,0.0
,1010400202,93,3.23,Tier 2,8,0.0,1,0.0,1,0.0,8,0.0,8,0.0,8,0.0,0,,8,37.5,8,0.0,0,,8,0.0,9,0.0,1,0.0,8,0.0,8,0.0,9,0.0
Moira River,17002600602,98,3.06,Tier 2,7,0.0,9,11.11,1,0.0,7,0.0,7,0.0,7,0.0,0,,7,14.29,7,0.0,8,0.0,7,0.0,8,0.0,1,0.0,7,0.0,7,14.29,8,0.0
,3007600602,79,2.53,Tier 2,7,0.0,0,,0,,7,0.0,7,14.29,7,0.0,0,,7,0.0,7,0.0,0,,7,0.0,8,12.5,0,,7,0.0,7,0.0,8,0.0
Kaibuskong River,18607006002,79,2.53,Tier 2,7,28.57,0,,0,,7,0.0,7,0.0,7,0.0,0,,7,0.0,7,0.0,0,,7,0.0,8,0.0,0,,7,0.0,7,0.0,8,0.0
Vermilion River,14002809002,79,2.53,Tier 2,7,28.57,0,,0,,7,0.0,7,0.0,7,0.0,0,,7,0.0,7,0.0,0,,7,0.0,8,0.0,0,,7,0.0,7,0.0,8,0.0
,6018000202,80,2.5,Tier 2,7,0.0,0,,0,,7,14.29,7,0.0,6,0.0,0,,7,0.0,7,0.0,0,,7,0.0,9,0.0,0,,7,0.0,7,0.0,9,11.11
,6007601502,121,2.48,Tier 2,10,0.0,0,,0,,10,0.0,9,0.0,10,0.0,11,18.18,10,0.0,10,0.0,0,,10,0.0,11,0.0,0,,10,0.0,9,0.0,11,9.09
Cataraqui River,12000400202,81,2.47,Tier 2,7,0.0,0,,0,,7,14.29,7,0.0,7,0.0,0,,7,0.0,7,0.0,0,,7,0.0,9,11.11,0,,7,0.0,7,0.0,9,0.0
,3006600102,83,2.41,Tier 2,7,14.29,0,,0,,7,0.0,7,14.29,7,0.0,0,,7,0.0,7,0.0,0,,7,0.0,10,0.0,0,,7,0.0,7,0.0,10,0.0
,3007500202,83,2.41,Tier 2,7,0.0,0,,0,,7,14.29,7,0.0,7,0.0,0,,7,0.0,7,0.0,0,,7,0.0,10,10.0,0,,7,0.0,7,0.0,10,0.0
,3007600302,83,2.41,Tier 2,7,14.29,0,,0,,7,0.0,7,14.29,7,0.0,0,,7,0.0,7,0.0,0,,7,0.0,10,0.0,0,,7,0.0,7,0.0,10,0.0
Scugog River,17002104102,85,2.35,Tier 2,7,0.0,0,,0,,7,14.29,7,0.0,7,0.0,0,,7,0.0,7,0.0,0,,7,0.0,11,9.09,0,,7,0.0,7,0.0,11,0.0
Moira River,17002601902,98,2.04,Tier 2,7,0.0,9,0.0,1,0.0,7,0.0,7,0.0,7,0.0,0,,7,28.57,7,0.0,8,0.0,7,0.0,8,0.0,1,0.0,7,0.0,7,0.0,8,0.0
Tay River,18003300802,67,1.49,Tier 2,6,0.0,0,,0,,6,0.0,6,16.67,6,0.0,0,,6,0.0,6,0.0,0,,6,0.0,7,0.0,0,,5,0.0,6,0.0,7,0.0
Cavan Creek,17002114002,79,1.27,Tier 2,7,0.0,0,,0,,7,14.29,7,0.0,7,0.0,0,,7,0.0,7,0.0,0,,7,0.0,8,0.0,0,,7,0.0,7,0.0,8,0.0
Trent River,17002106702,79,1.27,Tier 2,7,0.0,0,,0,,7,0.0,7,0.0,7,0.0,0,,7,0.0,7,0.0,0,,7,0.0,8,0.0,0,,7,0.0,7,0.0,8,12.5
Baxter Creek,17002107702,79,1.27,Tier 2,7,0.0,0,,0,,7,14.29,7,0.0,7,0.0,0,,7,0.0,7,0.0,0,,7,0.0,8,0.0,0,,7,0.0,7,0.0,8,0.0
Otonabee River,17002100802,79,1.27,Tier 2,7,0.0,0,,0,,7,14.29,7,0.0,7,0.0,0,,7,0.0,7,0.0,0,,7,0.0,8,0.0,0,,7,0.0,7,0.0,8,0.0
Otonabee River,17002106502,79,1.27,Tier 2,7,0.0,0,,0,,7,0.0,7,0.0,7,0.0,0,,7,0.0,7,0.0,0,,7,0.0,8,12.5,0,,7,0.0,7,0.0,8,0.0
,3003600902,79,1.27,Tier 2,7,0.0,0,,0,,7,0.0,7,0.0,7,0.0,0,,7,0.0,7,0.0,0,,7,0.0,8,0.0,0,,7,0.0,7,0.0,8,12.5
,8012305302,79,1.27,Tier 2,7,0.0,0,,0,,7,0.0,7,0.0,7,0.0,0,,7,0.0,7,0.0,0,,7,0.0,8,0.0,0,,7,0.0,7,0.0,8,12.5
,3003601002,79,1.27,Tier 2,7,14.29,0,,0,,7,0.0,7,0.0,7,0.0,0,,7,0.0,7,0.0,0,,7,0.0,8,0.0,0,,7,0.0,7,0.0,8,0.0
,3003600502,79,1.27,Tier 2,7,0.0,0,,0,,7,0.0,7,0.0,7,0.0,0,,7,0.0,7,0.0,0,,7,0.0,8,0.0,0,,7,0.0,7,0.0,8,12.5
Trent River,17002111802,80,1.25,Tier 2,7,0.0,1,0.0,1,0.0,7,0.0,6,0.0,7,0.0,0,,7,0.0,7,0.0,0,,7,0.0,7,0.0,1,0.0,7,0.0,7,14.29,8,0.0
,3007703602,81,1.23,Tier 2,7,0.0,1,0.0,1,0.0,7,0.0,7,0.0,7,0.0,0,,7,0.0,7,0.0,0,,7,0.0,7,0.0,1,0.0,7,0.0,7,0.0,8,12.5
Crowe River,17002100302,82,1.22,Tier 2,7,14.29,1,0.0,1,0.0,7,0.0,7,0.0,7,0.0,0,,7,0.0,7,0.0,0,,7,0.0,8,0.0,1,0.0,7,0.0,7,0.0,8,0.0
Balsam Lake Outlet,17002105402,85,1.18,Tier 2,7,0.0,0,,0,,7,0.0,7,0.0,7,0.0,0,,7,0.0,7,0.0,0,,7,0.0,11,9.09,0,,7,0.0,7,0.0,11,0.0
Pigeon River,17002107402,85,1.18,Tier 2,7,14.29,0,,0,,7,0.0,7,0.0,7,0.0,0,,7,0.0,7,0.0,0,,7,0.0,11,0.0,0,,7,0.0,7,0.0,11,0.0
Napanee River,17003500202,88,1.14,Tier 2,8,0.0,1,0.0,1,0.0,7,0.0,8,12.5,7,0.0,0,,8,0.0,7,0.0,0,,8,0.0,8,0.0,1,0.0,8,0.0,8,0.0,8,0.0
Fall River,18343061002,94,1.06,Tier 2,8,0.0,2,0.0,2,0.0,8,0.0,8,0.0,8,0.0,0,,8,0.0,8,0.0,0,,8,0.0,8,12.5,2,0.0,8,0.0,8,0.0,8,0.0
Buckshot Creek,18343000102,94,1.06,Tier 2,8,0.0,2,0.0,2,0.0,8,0.0,8,0.0,8,0.0,0,,8,12.5,8,0.0,0,,8,0.0,8,0.0,2,0.0,8,0.0,8,0.0,8,0.0
Moira River,17002600102,98,1.02,Tier 2,7,0.0,9,0.0,1,0.0,7,0.0,7,0.0,7,0.0,0,,7,0.0,7,0.0,8,0.0,7,0.0,8,12.5,1,0.0,7,0.0,7,0.0,8,0.0
Moira River,17002600202,98,1.02,Tier 2,7,0.0,9,0.0,1,0.0,7,0.0,7,0.0,7,0.0,0,,7,0.0,7,0.0,8,0.0,7,0.0,8,12.5,1,0.0,7,0.0,7,0.0,8,0.0
Moira River,17002600302,98,1.02,Tier 2,7,0.0,9,11.11,1,0.0,7,0.0,7,0.0,7,0.0,0,,7,0.0,7,0.0,8,0.0,7,0.0,8,0.0,1,0.0,7,0.0,7,0.0,8,0.0
Moira River,17002600402,98,1.02,Tier 2,7,0.0,9,11.11,1,0.0,7,0.0,7,0.0,7,0.0,0,,7,0.0,7,0.0,8,0.0,7,0.0,8,0.0,1,0.0,7,0.0,7,0.0,8,0.0
Clare River,17002600702,98,0.0,Tier 1,7,0.0,9,0.0,1,0.0,7,0.0,7,0.0,7,0.0,0,,7,0.0,7,0.0,8,0.0,7,0.0,8,0.0,1,0.0,7,0.0,7,0.0,8,0.0
Madawaska River,18349002002,94,0.0,Tier 1,8,0.0,2,0.0,2,0.0,8,0.0,8,0.0,8,0.0,0,,8,0.0,8,0.0,0,,8,0.0,8,0.0,2,0.0,8,0.0,8,0.0,8,0.0
Clyde River,18343052002,94,0.0,Tier 1,8,0.0,2,0.0,2,0.0,8,0.0,8,0.0,8,0.0,0,,8,0.0,8,0.0,0,,8,0.0,8,0.0,2,0.0,8,0.0,8,0.0,8,0.0
Mississippi River,18343023002,94,0.0,Tier 1,8,0.0,2,0.0,2,0.0,8,0.0,8,0.0,8,0.0,0,,8,0.0,8,0.0,0,,8,0.0,8,0.0,2,0.0,8,0.0,8,0.0,8,0.0
Napanee River,17003500402,88,0.0,Tier 1,8,0.0,1,0.0,1,0.0,7,0.0,8,0.0,7,0.0,0,,8,0.0,7,0.0,0,,8,0.0,8,0.0,1,0.0,8,0.0,8,0.0,8,0.0
Salmon River,17003100102,88,0.0,Tier 1,8,0.0,1,0.0,1,0.0,7,0.0,8,0.0,7,0.0,0,,8,0.0,7,0.0,0,,8,0.0,8,0.0,1,0.0,8,0.0,8,0.0,8,0.0
Sturgeon Lake Outlet,17002102102,87,0.0,Tier 1,7,0.0,0,,0,,7,0.0,7,0.0,7,0.0,0,,7,0.0,7,0.0,0,,7,0.0,12,0.0,0,,7,0.0,7,0.0,12,0.0
Gull River,17002102502,85,0.0,Tier 1,7,0.0,0,,0,,7,0.0,7,0.0,7,0.0,0,,7,0.0,7,0.0,0,,7,0.0,11,0.0,0,,7,0.0,7,0.0,11,0.0
Cameron Lake Outlet,17002102302,85,0.0,Tier 1,7,0.0,0,,0,,7,0.0,7,0.0,7,0.0,0,,7,0.0,7,0.0,0,,7,0.0,11,0.0,0,,7,0.0,7,0.0,11,0.0
,3007701302,83,0.0,Tier 1,7,0.0,0,,0,,7,0.0,7,0.0,7,0.0,0,,7,0.0,7,0.0,0,,7,0.0,10,0.0,0,,7,0.0,7,0.0,10,0.0
Beaver Creek,17002109502,82,0.0,Tier 1,7,0.0,1,0.0,1,0.0,7,0.0,7,0.0,7,0.0,0,,7,0.0,7,0.0,0,,7,0.0,8,0.0,1,0.0,7,0.0,7,0.0,8,0.0
Mayhew Creek,17002112802,81,0.0,Tier 1,7,0.0,1,0.0,1,0.0,7,0.0,6,0.0,7,0.0,0,,7,0.0,7,0.0,0,,7,0.0,8,0.0,1,0.0,7,0.0,7,0.0,8,0.0
Trent River,17002153802,81,0.0,Tier 1,7,0.0,1,0.0,1,0.0,7,0.0,6,0.0,7,0.0,0,,7,0.0,7,0.0,0,,7,0.0,8,0.0,1,0.0,7,0.0,7,0.0,8,0.0
Trent River,17002105702,81,0.0,Tier 1,7,0.0,1,0.0,1,0.0,7,0.0,6,0.0,7,0.0,0,,7,0.0,7,0.0,0,,7,0.0,8,0.0,1,0.0,7,0.0,7,0.0,8,0.0
,3007600402,81,0.0,Tier 1,7,0.0,0,,0,,7,0.0,7,0.0,7,0.0,0,,7,0.0,7,0.0,0,,7,0.0,9,0.0,0,,7,0.0,7,0.0,9,0.0
Mississauga River,17002105202,79,0.0,Tier 1,7,0.0,0,,0,,7,0.0,7,0.0,7,0.0,0,,7,0.0,7,0.0,0,,7,0.0,8,0.0,0,,7,0.0,7,0.0,8,0.0
Ouse River,17002100702,79,0.0,Tier 1,7,0.0,0,,0,,7,0.0,7,0.0,7,0.0,0,,7,0.0,7,0.0,0,,7,0.0,8,0.0,0,,7,0.0,7,0.0,8,0.0
Indian River,17002114102,79,0.0,Tier 1,7,0.0,0,,0,,7,0.0,7,0.0,7,0.0,0,,7,0.0,7,0.0,0,,7,0.0,8,0.0,0,,7,0.0,7,0.0,8,0.0
,8013500602,79,0.0,Tier 1,7,0.0,0,,0,,7,0.0,7,0.0,7,0.0,0,,7,0.0,7,0.0,0,,7,0.0,8,0.0,0,,7,0.0,7,0.0,8,0.0
Attawapiskat River,19004300102,24,0.0,Tier 1,2,0.0,0,,0,,2,0.0,2,0.0,2,0.0,0,,2,0.0,2,0.0,2,0.0,2,0.0,2,0.0,0,,2,0.0,2,0.0,2,0.0
Cataraqui River,12000400802,18,0.0,Tier 1,0,,0,,0,,0,,0,,0,,0,,0,,0,,0,,0,,9,0.0,0,,0,,0,,9,0.0
,8012304802,16,0.0,Tier 1,0,,0,,0,,0,,0,,0,,0,,0,,0,,0,,0,,8,0.0,0,,0,,0,,8,0.0
,8012305702,16,0.0,Tier 1,0,,0,,0,,0,,0,,0,,0,,0,,0,,0,,0,,8,0.0,0,,0,,0,,8,0.0
,8012305202,16,0.0,Tier 1,0,,0,,0,,0,,0,,0,,0,,0,,0,,0,,0,,8,0.0,0,,0,,0,,8,0.0
,8012300202,16,0.0,Tier 1,0,,0,,0,,0,,0,,0,,0,,0,,0,,0,,0,,8,0.0,0,,0,,0,,8,0.0
Trout Creek,16012401402,16,0.0,Tier 1,0,,0,,0,,0,,0,,0,,0,,0,,0,,0,,0,,8,0.0,0,,0,,0,,8,0.0
,8012305802,16,0.0,Tier 1,0,,0,,0,,0,,0,,0,,0,,0,,0,,0,,0,,8,0.0,0,,0,,0,,8,0.0
Clear Lake Outlet,17002101602,16,0.0,Tier 1,0,,0,,0,,0,,0,,0,,0,,0,,0,,0,,0,,8,0.0,0,,0,,0,,8,0.0
Otonabee River,17002107002,16,0.0,Tier 1,0,,0,,0,,0,,0,,0,,0,,0,,0,,0,,0,,8,0.0,0,,0,,0,,8,0.0
Otonabee River,17002114402,16,0.0,Tier 1,0,,0,,0,,0,,0,,0,,0,,0,,0,,0,,0,,8,0.0,0,,0,,0,,8,0.0
Buckhorn Lake Outlet,17002101802,16,0.0,Tier 1,0,,0,,0,,0,,0,,0,,0,,0,,0,,0,,0,,8,0.0,0,,0,,0,,8,0.0
Lovesick Lake Outlet,17002101702,16,0.0,Tier 1,0,,0,,0,,0,,0,,0,,0,,0,,0,,0,,0,,8,0.0,0,,0,,0,,8,0.0
Ouse River West,17002114202,16,0.0,Tier 1,0,,0,,0,,0,,0,,0,,0,,0,,0,,0,,0,,8,0.0,0,,0,,0,,8,0.0
Tay River,18003302302,16,0.0,Tier 1,0,,0,,0,,0,,0,,0,,0,,0,,0,,0,,0,,8,0.0,0,,0,,0,,8,0.0
Fall River,18343000302,16,0.0,Tier 1,0,,0,,0,,0,,0,,0,,0,,0,,0,,0,,0,,8,0.0,0,,0,,0,,8,0.0
Mississippi River,18343017502,16,0.0,Tier 1,0,,0,,0,,0,,0,,0,,0,,0,,0,,0,,0,,8,0.0,0,,0,,0,,8,0.0
Mississippi River,18343006102,16,0.0,Tier 1,0,,0,,0,,0,,0,,0,,0,,0,,0,,0,,0,,8,0.0,0,,0,,0,,8,0.0
,6015700102,16,0.0,Tier 1,0,,0,,0,,0,,0,,0,,0,,0,,0,,0,,0,,8,0.0,0,,0,,0,,8,0.0
,3004900102,15,0.0,Tier 1,0,,0,,0,,0,,0,,0,,0,,0,,0,,0,,0,,7,0.0,0,,0,,0,,8,0.0
,8005603702,14,0.0,Tier 1,0,,0,,0,,0,,0,,0,,0,,0,,0,,0,,0,,7,0.0,0,,0,,0,,7,0.0
,8005603802,14,0.0,Tier 1,0,,0,,0,,0,,0,,0,,0,,0,,0,,0,,0,,7,0.0,0,,0,,0,,7,0.0
Attawapiskat River,19004300402,12,0.0,Tier 1,1,0.0,0,,0,,1,0.0,1,0.0,1,0.0,0,,1,0.0,1,0.0,1,0.0,1,0.0,1,0.0,0,,1,0.0,1,0.0,1,0.0
Rideau River,18003302902,12,0.0,Tier 1,0,,0,,0,,0,,0,,0,,0,,0,,0,,0,,0,,5,0.0,0,,0,,0,,7,0.0
Eramosa River,16018410202,11,0.0,Tier 1,0,,0,,0,,0,,0,,0,,0,,0,,0,,0,,0,,8,0.0,0,,0,,0,,3,0.0
Speed River,16018412602,11,0.0,Tier 1,0,,0,,0,,0,,0,,0,,0,,0,,0,,0,,0,,8,0.0,0,,0,,0,,3,0.0
Irvine Creek,16018415602,3,0.0,Tier 1,0,,0,,0,,0,,0,,0,,0,,0,,0,,0,,0,,3,0.0,0,,0,,0,,0,
Blanche River,18771001302,1,0.0,Tier 1,0,,0,,0,,0,,0,,0,,0,,0,,0,,0,,0,,0,,0,,0,,0,,1,0.0
