Date [YYYY-MM-DD],Digester 1 alkalinity [mg/L as CaCO3],Digester 2 alkalinity [mg/L as CaCO3]
2022-01-01,,
2022-01-02,,
2022-01-03,,
2022-01-04,5095.0,4879.0
2022-01-05,4929.0,4769.0
2022-01-06,4937.0,4792.0
2022-01-07,5310.0,5092.0
2022-01-08,5292.0,5232.0
2022-01-09,5540.0,5252.0
2022-01-10,5502.0,5467.0
2022-01-11,5445.0,5285.0
2022-01-12,5467.0,5580.0
2022-01-13,5598.0,5442.0
2022-01-14,5422.0,5482.0
2022-01-15,5817.73125,5740.1615
2022-01-16,5987.88425,6077.96525
2022-01-17,6228.10025,6205.58
2022-01-18,6178.05525,6230.6025
2022-01-19,6256.0,6131.0
2022-01-20,5688.0,5765.0
2022-01-21,6196.0,5745.0
2022-01-22,6408.0,5835.0
2022-01-23,6426.0,5868.0
2022-01-24,6633.0,5835.0
2022-01-25,6318.0,5775.0
2022-01-26,6491.0,5718.0
2022-01-27,6203.0,6110.0
2022-01-28,6458.0,5985.0
2022-01-29,6221.0,6128.0
2022-01-30,6151.0,6168.0
2022-01-31,6196.0,6451.0
2022-02-01,6456.0,6068.0
2022-02-02,6568.0,6138.0
2022-02-03,6321.0,6148.0
2022-02-04,6416.0,5880.0
2022-02-05,6231.0,6095.0
2022-02-06,6433.0,5840.0
2022-02-07,6268.0,6108.0
2022-02-08,6328.0,5775.0
2022-02-09,5925.0,6005.0
2022-02-10,5768.0,5372.0
2022-02-11,5185.0,5107.0
2022-02-12,5117.0,4854.0
2022-02-13,5307.0,5120.0
2022-02-14,5663.0,5035.0
2022-02-15,5210.0,5305.0
2022-02-16,,
2022-02-17,,
2022-02-18,,
2022-02-19,,
2022-02-20,,
2022-02-21,5540.0,5222.0
2022-02-22,5593.0,5085.0
2022-02-23,5462.0,5145.0
2022-02-24,5260.0,4832.0
2022-02-25,4804.0,5017.0
2022-02-26,5575.0,5087.0
2022-02-27,5205.0,5397.0
2022-02-28,5605.0,5180.0
2022-03-01,5350.0,5205.0
2022-03-02,5160.0,4832.0
2022-03-03,5280.0,4527.0
2022-03-04,4994.0,4331.0
2022-03-05,4999.0,4732.0
2022-03-06,4894.0,4592.0
2022-03-07,4692.0,4887.0
2022-03-08,4457.0,4569.0
2022-03-09,4126.0,4404.0
2022-03-10,4051.0,4204.0
2022-03-11,3733.0,4069.0
2022-03-12,3906.0,4079.0
2022-03-13,3826.0,4224.0
2022-03-14,3984.0,4344.0
2022-03-15,3836.0,4542.0
2022-03-16,3883.0,4366.0
2022-03-17,3823.0,4574.0
2022-03-18,3523.0,4384.0
2022-03-19,3706.0,4647.0
2022-03-20,3698.0,4674.0
2022-03-21,3691.0,4812.0
2022-03-22,3566.0,4517.0
2022-03-23,3416.0,4484.0
2022-03-24,3396.0,4216.0
2022-03-25,3228.0,4314.0
2022-03-26,3436.0,4434.0
2022-03-27,3518.0,4216.0
2022-03-28,3606.0,4024.0
2022-03-29,3498.0,4009.0
2022-03-30,3551.0,3924.0
2022-03-31,3421.0,4056.0
2022-04-01,3433.0,4016.0
2022-04-02,,
2022-04-03,,
2022-04-04,3668.0,4587.0
2022-04-05,3783.0,4639.0
2022-04-06,,
2022-04-07,,
2022-04-08,3968.0,4899.0
2022-04-09,,
2022-04-10,4272.0,5120.0
2022-04-11,4224.0,3980.0
2022-04-12,,
2022-04-13,,
2022-04-14,,
2022-04-15,4189.0,4191.0
2022-04-16,3957.0,4236.0
2022-04-17,4001.0,4009.0
2022-04-18,4093.0,3923.0
2022-04-19,3838.0,3870.0
2022-04-20,3832.0,3821.0
2022-04-21,3528.0,3948.0
2022-04-22,3995.0,4174.0
2022-04-23,3882.0,4261.0
2022-04-24,4297.0,4200.0
2022-04-25,4092.0,4293.0
2022-04-26,4304.0,4169.0
2022-04-27,4273.0,4244.0
2022-04-28,4303.0,3829.0
2022-04-29,,
2022-04-30,,
2022-05-01,,
2022-05-02,,
2022-05-03,,
2022-05-04,,
2022-05-05,,
2022-05-06,,
2022-05-07,,
2022-05-08,,
2022-05-09,6060.0,4836.0
2022-05-10,6006.0,4671.0
2022-05-11,6177.0,4699.0
2022-05-12,,
2022-05-13,6031.0,4795.0
2022-05-14,6129.0,4896.0
2022-05-15,,
2022-05-16,5935.0,5207.0
2022-05-17,5796.0,4606.0
2022-05-18,5865.0,4495.0
2022-05-19,6086.0,4266.0
2022-05-20,6379.0,4948.0
2022-05-21,6459.0,4866.0
2022-05-22,6389.0,5161.0
2022-05-23,6369.0,4945.0
2022-05-24,6160.0,5038.0
2022-05-25,2935.0,2222.0
2022-05-26,3167.0,2597.0
2022-05-27,3014.0,2276.0
2022-05-28,6561.0,5650.0
2022-05-29,6994.0,5331.0
2022-05-30,6842.0,5544.0
2022-05-31,6659.0,5334.0
2022-06-01,5573.0,4561.0
2022-06-02,6573.0,5347.0
2022-06-03,6643.0,5254.0
2022-06-04,6089.0,5015.0
2022-06-05,6216.0,5161.0
2022-06-06,7478.0,5589.0
2022-06-07,6858.0,5106.0
2022-06-08,5938.0,4798.0
2022-06-09,6857.0,5724.0
2022-06-10,,
2022-06-11,6971.0,5639.0
2022-06-12,6702.0,5831.0
2022-06-13,6883.0,5565.0
2022-06-14,6721.0,5744.0
2022-06-15,6732.0,5761.0
2022-06-16,6405.0,5679.0
2022-06-17,5925.0,5388.0
2022-06-18,6377.0,6003.0
2022-06-19,6748.0,5910.0
2022-06-20,6571.0,5932.0
2022-06-21,5516.0,5236.0
2022-06-22,5421.0,4941.0
2022-06-23,5782.0,5309.0
2022-06-24,5522.0,5313.0
2022-06-25,6116.0,5373.0
2022-06-26,6316.0,5665.0
2022-06-27,6243.0,6184.0
2022-06-28,6593.0,5754.0
2022-06-29,6664.0,5917.0
2022-06-30,6589.0,5821.0
2022-07-01,6382.0,5918.0
2022-07-02,6316.0,5760.0
2022-07-03,6355.0,5897.0
2022-07-04,6782.0,5713.0
2022-07-05,6076.0,5595.0
2022-07-06,5845.0,5199.0
2022-07-07,5577.0,5007.0
2022-07-08,4849.0,5397.0
2022-07-09,5296.0,5581.0
2022-07-10,5532.0,5699.0
2022-07-11,5387.0,5646.0
2022-07-12,5160.0,5567.0
2022-07-13,5134.0,5624.0
2022-07-14,5102.0,5531.0
2022-07-15,4537.0,5528.0
2022-07-16,4882.0,5551.0
2022-07-17,4903.0,5520.0
2022-07-18,4721.0,5471.0
2022-07-19,4713.0,5482.0
2022-07-20,4413.0,5357.0
2022-07-21,4167.0,5294.0
2022-07-22,4486.0,5330.0
2022-07-23,4600.0,5354.0
2022-07-24,4194.0,4768.0
2022-07-25,4086.0,4781.0
2022-07-26,3879.0,4732.0
2022-07-27,4049.0,4734.0
2022-07-28,4459.0,5144.0
2022-07-29,4074.0,5013.0
2022-07-30,4131.0,4922.0
2022-07-31,4522.0,4996.0
2022-08-01,4560.0,4985.0
2022-08-02,4555.0,4996.0
2022-08-03,4823.0,4617.0
2022-08-04,,4064.0
2022-08-05,,4697.0
2022-08-06,4440.0,4405.0
2022-08-07,4102.0,4453.0
2022-08-08,4252.0,4541.0
2022-08-09,4260.0,5123.0
2022-08-10,4801.0,5160.0
2022-08-11,4810.0,
2022-08-12,4869.0,5357.0
2022-08-13,5115.0,5390.0
2022-08-14,5072.0,5411.0
2022-08-15,4837.0,5530.0
2022-08-16,4754.0,5367.0
2022-08-17,4567.0,5469.0
2022-08-18,4663.0,5440.0
2022-08-19,4178.0,4819.0
2022-08-20,4677.0,4915.0
2022-08-21,5089.0,
2022-08-22,,
2022-08-23,5492.0,6166.0
2022-08-24,5028.0,6299.0
2022-08-25,4502.0,6124.0
2022-08-26,3985.0,5515.0
2022-08-27,4550.0,5529.0
2022-08-28,4922.0,5331.0
2022-08-29,5278.0,6002.0
2022-08-30,5503.0,
2022-08-31,,5640.0
2022-09-01,5075.0,5714.0
2022-09-02,4124.0,5061.0
2022-09-03,4393.0,5150.0
2022-09-04,4650.0,5085.0
2022-09-05,4539.0,5071.0
2022-09-06,5097.0,5743.0
2022-09-07,4525.0,5306.0
2022-09-08,4511.0,5635.0
2022-09-09,4174.0,4932.0
2022-09-10,4292.0,4876.0
2022-09-11,4671.0,5417.0
2022-09-12,4508.0,5407.0
2022-09-13,4394.0,5284.0
2022-09-14,4405.0,5161.0
2022-09-15,4141.0,4594.0
2022-09-16,4534.0,4750.0
2022-09-17,3991.0,4720.0
2022-09-18,5122.0,5322.0
2022-09-19,5500.0,5494.0
2022-09-20,5237.0,5415.0
2022-09-21,4270.0,5628.0
2022-09-22,4163.0,5699.0
2022-09-23,3447.0,5200.0
2022-09-24,2889.0,5154.0
2022-09-25,3797.0,5259.0
2022-09-26,3909.0,5055.0
2022-09-27,3870.0,5560.0
2022-09-28,3321.0,5024.0
2022-09-29,2956.0,5567.0
2022-09-30,2555.0,5399.0
2022-10-01,3579.0,5067.0
2022-10-02,3570.0,4935.0
2022-10-03,3648.0,5069.0
2022-10-04,4062.0,5217.0
2022-10-05,3837.0,5129.0
2022-10-06,3748.0,5487.0
2022-10-07,3357.0,4083.0
2022-10-08,3639.0,5256.0
2022-10-09,3777.0,5890.0
2022-10-10,3868.0,5870.0
2022-10-11,3380.0,4731.0
2022-10-12,3277.0,5288.0
2022-10-13,2078.0,4650.0
2022-10-14,2488.0,4323.0
2022-10-15,2832.0,3950.0
2022-10-16,3277.0,4029.0
2022-10-17,3418.0,3991.0
2022-10-18,3375.0,3294.0
2022-10-19,2363.0,3519.0
2022-10-20,1965.0,3542.0
2022-10-21,2756.0,3542.0
2022-10-22,3294.0,3568.0
2022-10-23,3890.0,4212.0
2022-10-24,3990.0,4205.0
2022-10-25,4018.0,4309.0
2022-10-26,3760.0,3843.0
2022-10-27,3566.0,3859.0
2022-10-28,3570.0,3495.0
2022-10-29,3617.0,3710.0
2022-10-30,3641.0,3766.0
2022-10-31,3613.0,3689.0
2022-11-01,3639.0,3683.0
2022-11-02,4213.0,4315.0
2022-11-03,3920.0,3855.0
2022-11-04,4312.0,4434.0
2022-11-05,4411.0,4439.0
2022-11-06,3960.0,3905.0
2022-11-07,4111.0,3855.0
2022-11-08,3845.0,3640.0
2022-11-09,4162.0,3981.0
2022-11-10,3763.0,3871.0
2022-11-11,3524.0,3430.0
2022-11-12,4248.0,4136.0
2022-11-13,3585.0,3678.0
2022-11-14,3602.0,3472.0
2022-11-15,4285.0,4259.0
2022-11-16,3664.0,3700.0
2022-11-17,3542.0,3624.0
2022-11-18,3736.0,3623.0
2022-11-19,4108.0,3901.0
2022-11-20,3669.0,3583.0
2022-11-21,3736.0,3685.0
2022-11-22,3678.0,3586.0
2022-11-23,4229.0,4115.0
2022-11-24,3769.0,3487.0
2022-11-25,3640.0,3341.0
2022-11-26,3956.0,3678.0
2022-11-27,3770.0,3341.0
2022-11-28,3856.0,3364.0
2022-11-29,3689.0,3085.0
2022-11-30,4254.0,3646.0
2022-12-01,3634.0,3026.0
2022-12-02,3653.0,3049.0
2022-12-03,3548.0,2919.0
2022-12-04,3569.0,2966.0
2022-12-05,3337.0,2842.0
2022-12-06,3460.0,2868.0
2022-12-07,3353.0,2899.0
2022-12-08,3208.0,2587.0
2022-12-09,3114.0,2798.0
2022-12-10,3094.0,2649.0
2022-12-11,3176.0,2734.0
2022-12-12,3268.0,3006.0
2022-12-13,3266.0,2850.0
2022-12-14,3118.0,2783.0
2022-12-15,3057.0,2817.0
2022-12-16,3097.0,2786.0
2022-12-17,3183.0,3153.0
2022-12-18,3205.0,3056.0
2022-12-19,3282.0,3014.0
2022-12-20,3215.0,3161.0
2022-12-21,3192.0,3285.0
2022-12-22,3210.0,2862.0
2022-12-23,3160.0,2911.0
2022-12-24,3240.0,2974.0
2022-12-25,3281.0,3233.0
2022-12-26,3656.0,3336.0
2022-12-27,3547.0,3361.0
2022-12-28,3306.0,3207.0
2022-12-29,3170.0,3144.0
2022-12-30,3228.0,3161.0
2022-12-31,3429.0,3233.0
