Date [YYYY-MM-DD],Digester 1 pH [s.u.],Digester 2 pH [s.u.]
2022-01-01,7.34,7.22
2022-01-02,7.29,7.21
2022-01-03,7.34,7.29
2022-01-04,7.39,7.24
2022-01-05,7.3,7.17
2022-01-06,7.34,7.23
2022-01-07,7.28,7.27
2022-01-08,7.4,7.33
2022-01-09,7.42,7.33
2022-01-10,7.3,7.26
2022-01-11,7.21,7.2
2022-01-12,7.21,7.22
2022-01-13,7.34,7.28
2022-01-14,7.23,7.3
2022-01-15,7.35,7.27
2022-01-16,7.38,7.33
2022-01-17,7.41,7.36
2022-01-18,7.4,7.33
2022-01-19,7.42,7.35
2022-01-20,7.35,7.33
2022-01-21,7.48,7.37
2022-01-22,7.44,7.34
2022-01-23,7.43,7.32
2022-01-24,7.54,7.38
2022-01-25,7.41,7.38
2022-01-26,7.54,7.35
2022-01-27,7.52,7.34
2022-01-28,7.62,7.45
2022-01-29,7.46,7.39
2022-01-30,7.47,7.38
2022-01-31,7.47,7.41
2022-02-01,7.41,7.35
2022-02-02,7.43,7.38
2022-02-03,7.33,7.34
2022-02-04,7.41,7.25
2022-02-05,7.3,7.23
2022-02-06,7.45,7.22
2022-02-07,7.36,7.41
2022-02-08,7.44,7.34
2022-02-09,7.49,7.42
2022-02-10,7.44,7.34
2022-02-11,7.28,7.31
2022-02-12,7.35,7.31
2022-02-13,7.47,7.39
2022-02-14,7.44,7.35
2022-02-15,7.23,7.36
2022-02-16,7.4,7.29
2022-02-17,7.44,7.33
2022-02-18,7.4,7.26
2022-02-19,7.24,7.2
2022-02-20,7.29,7.2
2022-02-21,7.36,7.33
2022-02-22,7.47,7.38
2022-02-23,7.44,7.35
2022-02-24,7.42,7.25
2022-02-25,7.42,7.36
2022-02-26,7.39,7.29
2022-02-27,7.39,7.41
2022-02-28,7.42,7.35
2022-03-01,7.32,7.33
2022-03-02,7.25,7.21
2022-03-03,7.31,7.17
2022-03-04,7.28,7.18
2022-03-05,7.25,7.22
2022-03-06,7.4,7.38
2022-03-07,7.32,7.33
2022-03-08,7.2,7.18
2022-03-09,7.13,7.17
2022-03-10,7.21,7.12
2022-03-11,7.13,7.13
2022-03-12,7.1,7.09
2022-03-13,7.11,7.17
2022-03-14,7.23,7.26
2022-03-15,7.28,7.33
2022-03-16,7.12,7.19
2022-03-17,7.17,7.22
2022-03-18,7.13,7.2
2022-03-19,7.18,7.24
2022-03-20,7.34,7.34
2022-03-21,7.22,7.26
2022-03-22,7.2,7.3
2022-03-23,7.14,7.22
2022-03-24,7.07,7.16
2022-03-25,7.04,7.14
2022-03-26,7.15,7.19
2022-03-27,7.15,7.19
2022-03-28,7.25,7.21
2022-03-29,7.08,7.05
2022-03-30,7.11,7.12
2022-03-31,7.06,7.17
2022-04-01,7.14,7.16
2022-04-02,7.06,7.1
2022-04-03,6.96,7.06
2022-04-04,7.23,7.2
2022-04-05,7.1,7.07
2022-04-06,7.33,7.32
2022-04-07,7.17,7.1
2022-04-08,7.17,7.14
2022-04-09,7.19,7.15
2022-04-10,7.19,7.1
2022-04-11,7.11,7.07
2022-04-12,7.0,6.96
2022-04-13,7.0,6.94
2022-04-14,6.98,7.03
2022-04-15,7.14,7.02
2022-04-16,7.16,7.11
2022-04-17,7.13,7.08
2022-04-18,7.1,7.02
2022-04-19,7.06,6.97
2022-04-20,7.14,6.97
2022-04-21,7.02,7.12
2022-04-22,7.02,7.05
2022-04-23,7.09,7.08
2022-04-24,7.02,7.06
2022-04-25,7.06,7.12
2022-04-26,7.1,7.07
2022-04-27,7.09,7.01
2022-04-28,7.1,7.0
2022-04-29,7.15,7.11
2022-04-30,7.1,7.05
2022-05-01,7.12,7.04
2022-05-02,7.23,7.09
2022-05-03,7.25,7.12
2022-05-04,6.99,6.74
2022-05-05,7.24,7.14
2022-05-06,7.34,7.2
2022-05-07,7.26,7.18
2022-05-08,7.33,7.24
2022-05-09,7.84,7.24
2022-05-10,7.29,7.13
2022-05-11,7.34,7.19
2022-05-12,7.23,7.06
2022-05-13,7.3,7.13
2022-05-14,7.35,7.23
2022-05-15,7.34,7.21
2022-05-16,7.31,7.21
2022-05-17,7.26,7.08
2022-05-18,7.33,7.03
2022-05-19,7.19,7.03
2022-05-20,7.28,7.12
2022-05-21,7.28,7.06
2022-05-22,7.26,7.08
2022-05-23,7.36,7.37
2022-05-24,7.4,7.21
2022-05-25,7.44,7.27
2022-05-26,7.43,7.24
2022-05-27,7.35,7.17
2022-05-28,7.39,7.24
2022-05-29,7.43,7.26
2022-05-30,7.33,7.19
2022-05-31,7.29,7.16
2022-06-01,7.35,7.2
2022-06-02,7.41,7.17
2022-06-03,7.29,7.11
2022-06-04,7.33,7.2
2022-06-05,7.35,7.22
2022-06-06,7.33,7.17
2022-06-07,7.35,7.25
2022-06-08,7.53,7.35
2022-06-09,7.39,7.26
2022-06-10,7.42,7.31
2022-06-11,7.28,7.18
2022-06-12,7.25,7.17
2022-06-13,7.43,7.28
2022-06-14,7.39,7.28
2022-06-15,7.37,7.28
2022-06-16,7.39,7.33
2022-06-17,7.31,7.22
2022-06-18,7.32,7.24
2022-06-19,7.38,7.25
2022-06-20,7.26,7.26
2022-06-21,7.29,7.21
2022-06-22,7.17,7.19
2022-06-23,7.28,7.14
2022-06-24,7.21,7.21
2022-06-25,7.25,7.12
2022-06-26,7.26,7.13
2022-06-27,7.35,7.28
2022-06-28,7.25,7.24
2022-06-29,7.26,7.21
2022-06-30,7.31,7.27
2022-07-01,7.94,7.28
2022-07-02,7.21,7.12
2022-07-03,7.21,7.1
2022-07-04,7.3,7.21
2022-07-05,7.21,7.11
2022-07-06,7.26,7.15
2022-07-07,7.27,7.15
2022-07-08,7.15,7.34
2022-07-09,7.23,7.26
2022-07-10,7.22,7.22
2022-07-11,7.24,7.26
2022-07-12,7.22,7.25
2022-07-13,7.15,7.22
2022-07-14,7.17,7.2
2022-07-15,7.09,7.22
2022-07-16,7.29,7.31
2022-07-17,7.25,7.32
2022-07-18,7.16,7.25
2022-07-19,7.14,7.27
2022-07-20,7.03,7.27
2022-07-21,7.07,7.31
2022-07-22,7.11,7.3
2022-07-23,7.19,7.21
2022-07-24,7.1,7.23
2022-07-25,7.14,7.2
2022-07-26,7.0,7.19
2022-07-27,7.07,7.17
2022-07-28,7.13,7.18
2022-07-29,6.95,7.2
2022-07-30,7.08,7.21
2022-07-31,7.2,7.24
2022-08-01,7.09,7.19
2022-08-02,7.1,7.22
2022-08-03,7.25,7.08
2022-08-04,,6.99
2022-08-05,,7.25
2022-08-06,7.13,7.34
2022-08-07,7.2,7.32
2022-08-08,7.18,7.3
2022-08-09,7.12,7.27
2022-08-10,7.17,7.29
2022-08-11,7.13,
2022-08-12,7.18,7.3
2022-08-13,7.08,7.2
2022-08-14,7.14,7.26
2022-08-15,7.22,7.28
2022-08-16,7.11,7.3
2022-08-17,7.14,7.29
2022-08-18,7.1,7.31
2022-08-19,7.11,7.37
2022-08-20,7.1,7.23
2022-08-21,7.22,7.23
2022-08-22,7.23,7.29
2022-08-23,7.13,7.32
2022-08-24,7.02,7.36
2022-08-25,6.95,7.38
2022-08-26,7.06,7.42
2022-08-27,7.17,7.48
2022-08-28,7.21,7.36
2022-08-29,7.29,7.41
2022-08-30,7.25,
2022-08-31,,7.29
2022-09-01,7.18,7.14
2022-09-02,7.16,7.3
2022-09-03,6.67,6.82
2022-09-04,7.27,7.32
2022-09-05,7.23,7.29
2022-09-06,7.2,7.26
2022-09-07,7.72,7.11
2022-09-08,7.68,7.17
2022-09-09,7.15,7.27
2022-09-10,7.0,7.14
2022-09-11,6.92,7.07
2022-09-12,7.08,7.23
2022-09-13,7.08,7.24
2022-09-14,7.05,7.26
2022-09-15,7.13,7.26
2022-09-16,7.13,7.22
2022-09-17,7.27,7.28
2022-09-18,7.06,7.25
2022-09-19,7.44,7.32
2022-09-20,7.28,7.39
2022-09-21,7.04,7.36
2022-09-22,7.0,7.38
2022-09-23,6.9,7.46
2022-09-24,6.67,7.3
2022-09-25,7.04,7.29
2022-09-26,7.09,7.33
2022-09-27,6.87,7.28
2022-09-28,6.79,7.28
2022-09-29,6.66,7.3
2022-09-30,6.5,7.33
2022-10-01,7.07,7.18
2022-10-02,7.27,7.36
2022-10-03,7.11,7.27
2022-10-04,7.26,7.15
2022-10-05,7.18,7.18
2022-10-06,7.01,7.17
2022-10-07,7.09,6.89
2022-10-08,6.82,7.02
2022-10-09,6.65,6.84
2022-10-10,7.0,7.18
2022-10-11,7.02,7.18
2022-10-12,6.8,7.27
2022-10-13,6.5,6.49
2022-10-14,6.8,7.06
2022-10-15,6.88,6.98
2022-10-16,7.04,6.98
2022-10-17,6.99,7.12
2022-10-18,6.95,6.91
2022-10-19,6.6,7.16
2022-10-20,6.43,7.07
2022-10-21,6.83,6.97
2022-10-22,7.09,7.13
2022-10-23,7.1,7.15
2022-10-24,6.96,7.03
2022-10-25,7.03,7.06
2022-10-26,7.09,7.13
2022-10-27,7.05,7.05
2022-10-28,7.01,7.01
2022-10-29,7.0,6.99
2022-10-30,6.92,7.0
2022-10-31,7.06,7.06
2022-11-01,7.08,7.1
2022-11-02,7.02,7.1
2022-11-03,7.11,7.08
2022-11-04,7.11,7.1
2022-11-05,7.12,7.14
2022-11-06,7.12,7.11
2022-11-07,7.19,7.12
2022-11-08,7.02,7.01
2022-11-09,7.11,7.09
2022-11-10,7.05,7.01
2022-11-11,7.19,7.1
2022-11-12,7.17,7.07
2022-11-13,7.1,7.07
2022-11-14,7.0,7.04
2022-11-15,7.07,7.07
2022-11-16,7.5,7.04
2022-11-17,6.97,7.02
2022-11-18,7.55,7.07
2022-11-19,6.97,6.9
2022-11-20,6.93,6.84
2022-11-21,7.06,6.98
2022-11-22,7.03,6.99
2022-11-23,7.04,7.0
2022-11-24,6.9,6.87
2022-11-25,6.89,6.79
2022-11-26,7.11,7.09
2022-11-27,7.07,7.05
2022-11-28,7.08,7.03
2022-11-29,7.03,6.97
2022-11-30,7.04,6.96
2022-12-01,7.03,6.92
2022-12-02,7.02,6.69
2022-12-03,7.07,6.94
2022-12-04,7.09,6.97
2022-12-05,7.1,6.98
2022-12-06,7.07,6.97
2022-12-07,7.01,6.9
2022-12-08,7.02,6.84
2022-12-09,7.01,6.88
2022-12-10,6.81,6.72
2022-12-11,7.04,7.01
2022-12-12,6.99,6.89
2022-12-13,6.97,6.88
2022-12-14,6.94,6.77
2022-12-15,6.91,6.85
2022-12-16,7.0,6.91
2022-12-17,7.09,6.97
2022-12-18,7.02,6.99
2022-12-19,7.04,6.93
2022-12-20,6.97,7.02
2022-12-21,7.01,6.91
2022-12-22,7.02,6.98
2022-12-23,7.06,6.96
2022-12-24,6.97,6.9
2022-12-25,6.99,6.94
2022-12-26,7.06,6.98
2022-12-27,7.05,6.96
2022-12-28,7.03,6.94
2022-12-29,7.02,6.93
2022-12-30,7.06,7.04
2022-12-31,7.18,7.1
