recorddate,Ammonia_mg.L-1,BOD_mg.L-1,COD_mg.L-1,NitrateplusNitrite_mg.L-1,Nitrogentotal_mg.L-1,ObjectId
7/31/2014 9:00:00 PM,29,,746,,,1
1/1/2014 8:00:00 PM,27,,730,,,2
3/12/2014 8:00:00 PM,44,,930,,,3
1/8/2015 8:00:00 PM,37,,885,,,4
5/22/2014 9:00:00 PM,33,,816,,,5
8/3/2014 9:00:00 PM,35,,558,,,6
8/4/2014 9:00:00 PM,36,,738,,,7
8/5/2014 9:00:00 PM,37,340,706,0.01,57,8
8/6/2014 9:00:00 PM,39,,689,,,9
8/7/2014 9:00:00 PM,34,,705,,,10
8/8/2014 9:00:00 PM,33,,737,,,11
8/10/2014 9:00:00 PM,37,,673,,,12
8/11/2014 9:00:00 PM,30,310,631,,,13
8/12/2014 9:00:00 PM,27,,780,,,14
8/13/2014 9:00:00 PM,25,,618,,,15
8/14/2014 9:00:00 PM,25,,622,,,16
8/17/2014 9:00:00 PM,32,240,734,0.01,55,17
8/18/2014 9:00:00 PM,36,,848,,,18
8/19/2014 9:00:00 PM,24,,710,,,19
8/20/2014 9:00:00 PM,25,,957,,,20
8/21/2014 9:00:00 PM,22,,770,,,21
8/24/2014 9:00:00 PM,30,,640,,,22
8/25/2014 9:00:00 PM,25,280,661,,,23
8/26/2014 9:00:00 PM,35,,685,,,24
8/27/2014 9:00:00 PM,31,,1019,,,25
8/28/2014 9:00:00 PM,38,,800,,,26
8/31/2014 9:00:00 PM,33,,670,,,27
9/1/2014 9:00:00 PM,22,,775,,,28
9/2/2014 9:00:00 PM,42,400,680,0.01,56,29
9/3/2014 9:00:00 PM,36,,687,,,30
9/4/2014 9:00:00 PM,36,,825,,,31
9/7/2014 9:00:00 PM,35,,690,,,32
9/8/2014 9:00:00 PM,42,,905,,,33
9/9/2014 9:00:00 PM,35,,1250,,,34
9/10/2014 9:00:00 PM,32,380,955,,,35
9/11/2014 9:00:00 PM,37,,950,,,36
9/14/2014 9:00:00 PM,27,,660,,,37
9/15/2014 9:00:00 PM,34,,850,,,38
9/16/2014 9:00:00 PM,30,,820,,,39
10/6/2014 8:00:00 PM,37,360,940,,,40
10/7/2014 8:00:00 PM,33,,765,,,41
10/8/2014 8:00:00 PM,38,,773,,,42
10/9/2014 8:00:00 PM,31,,775,,,43
10/12/2014 8:00:00 PM,39,370,681,0.01,61,44
10/13/2014 8:00:00 PM,39,,750,,,45
10/14/2014 8:00:00 PM,34,,650,,,46
10/15/2014 8:00:00 PM,25,,700,,,47
10/16/2014 8:00:00 PM,25,,697,,,48
10/19/2014 8:00:00 PM,42,,710,,,49
10/20/2014 8:00:00 PM,41,280,995,,,50
10/21/2014 8:00:00 PM,51,,829,,,51
10/22/2014 8:00:00 PM,52,,845,,,52
10/23/2014 8:00:00 PM,48,,740,,,53
10/26/2014 8:00:00 PM,29,,815,,,54
5/25/2014 9:00:00 PM,42,,710,,,55
5/26/2014 9:00:00 PM,30,,800,,,56
5/27/2014 9:00:00 PM,26,,840,,,57
5/28/2014 9:00:00 PM,37,,785,,,58
5/29/2014 9:00:00 PM,38,430,815,0.01,61,59
6/1/2014 9:00:00 PM,31,,710,,,60
6/2/2014 9:00:00 PM,36,,785,,,61
6/3/2014 9:00:00 PM,31,,775,,,62
6/4/2014 9:00:00 PM,38,370,667,,,63
6/5/2014 9:00:00 PM,49,,766,,,64
6/6/2014 9:00:00 PM,41,,740,,,65
6/9/2014 9:00:00 PM,34,,700,,,66
6/10/2014 9:00:00 PM,42,540,785,0.01,60,67
6/11/2014 9:00:00 PM,43,,900,,,68
6/12/2014 9:00:00 PM,39,,870,,,69
6/15/2014 9:00:00 PM,35,,660,,,70
6/16/2014 9:00:00 PM,42,250,711,,,71
6/17/2014 9:00:00 PM,34,,764,,,72
6/18/2014 9:00:00 PM,33,,693,,,73
6/19/2014 9:00:00 PM,35,,737,,,74
6/22/2014 9:00:00 PM,38,330,750,0.01,58,75
6/23/2014 9:00:00 PM,32,,620,,,76
6/24/2014 9:00:00 PM,24,,616,,,77
6/25/2014 9:00:00 PM,42,,1137,,,78
6/26/2014 9:00:00 PM,43,,720,,,79
6/29/2014 9:00:00 PM,39,,735,,,80
6/30/2014 9:00:00 PM,33,360,774,,,81
7/1/2014 9:00:00 PM,44,,695,,,82
7/2/2014 9:00:00 PM,40,,735,,,83
7/3/2014 9:00:00 PM,39,,761,,,84
7/6/2014 9:00:00 PM,35,,580,,,85
7/7/2014 9:00:00 PM,36,,734,,,86
7/8/2014 9:00:00 PM,33,410,737,0.01,50,87
7/9/2014 9:00:00 PM,37,,510,,,88
7/10/2014 9:00:00 PM,49,,500,,,89
7/13/2014 9:00:00 PM,39,,554,,,90
7/14/2014 9:00:00 PM,40,,615,,,91
7/15/2014 9:00:00 PM,39,,600,,,92
7/16/2014 9:00:00 PM,31,250,586,,,93
7/17/2014 9:00:00 PM,38,,675,,,94
7/20/2014 9:00:00 PM,37,,745,,,95
7/21/2014 9:00:00 PM,31,,765,,,96
7/22/2014 9:00:00 PM,40,,740,,,97
7/23/2014 9:00:00 PM,40,,840,,,98
7/24/2014 9:00:00 PM,39,430,920,0.01,46,99
7/27/2014 9:00:00 PM,35,,613,,,100
7/28/2014 9:00:00 PM,33,,650,,,101
7/29/2014 9:00:00 PM,31,,683,,,102
7/30/2014 9:00:00 PM,36,350,779,,,103
3/13/2014 8:00:00 PM,41,,810,,,104
3/16/2014 8:00:00 PM,42,,710,,,105
3/17/2014 8:00:00 PM,36,,750,,,106
3/18/2014 8:00:00 PM,31,,850,,,107
3/19/2014 8:00:00 PM,35,530,930,0.03,65,108
3/20/2014 8:00:00 PM,35,,915,,,109
3/23/2014 8:00:00 PM,40,,970,,,110
3/24/2014 8:00:00 PM,32,,845,,,111
3/25/2014 8:00:00 PM,30,,925,,,112
3/26/2014 8:00:00 PM,46,,845,,,113
3/27/2014 8:00:00 PM,34,450,855,,,114
3/30/2014 8:00:00 PM,41,,830,,,115
3/31/2014 8:00:00 PM,35,,840,,,116
4/1/2014 8:00:00 PM,41,,945,,,117
4/2/2014 8:00:00 PM,37,380,920,0.01,64,118
4/3/2014 8:00:00 PM,37,,915,,,119
4/6/2014 9:00:00 PM,40,,810,,,120
4/7/2014 9:00:00 PM,36,,780,,,121
1/11/2015 8:00:00 PM,32,,750,,,122
3/17/2015 8:00:00 PM,44,,1282,,,123
10/27/2014 8:00:00 PM,24,,620,,,124
1/12/2015 8:00:00 PM,36,,850,,,125
5/27/2015 9:00:00 PM,28,,700,,,126
4/8/2014 9:00:00 PM,37,220,835,,,127
1/2/2014 8:00:00 PM,25,,740,,,128
3/18/2015 8:00:00 PM,44,360,860,0.1,62,129
1/13/2015 8:00:00 PM,40,350,865,,,130
5/28/2015 9:00:00 PM,31,,736,,,131
10/28/2014 8:00:00 PM,34,360,735,0.01,64,132
4/9/2014 9:00:00 PM,32,,730,,,133
1/5/2014 8:00:00 PM,42,,836,,,134
1/14/2015 8:00:00 PM,32,,710,,,135
5/31/2015 9:00:00 PM,40,460,710,,,136
3/19/2015 8:00:00 PM,42,,830,,,137
10/29/2014 8:00:00 PM,40,,842,,,138
4/10/2014 9:00:00 PM,24,,646,,,139
6/1/2015 9:00:00 PM,34,,640,,,140
1/15/2015 8:00:00 PM,39,,811,,,141
1/6/2014 8:00:00 PM,36,430,850,0.01,63,142
10/30/2014 8:00:00 PM,41,,825,,,143
1/18/2015 8:00:00 PM,50,,810,,,144
1/19/2015 8:00:00 PM,40,,790,,,145
1/20/2015 8:00:00 PM,44,,844,,,146
1/21/2015 8:00:00 PM,50,320,945,0.05,68,147
1/22/2015 8:00:00 PM,53,,851,,,148
1/24/2015 8:00:00 PM,49,,900,,,149
1/26/2015 8:00:00 PM,38,,680,,,150
1/27/2015 8:00:00 PM,39,,720,,,151
1/28/2015 8:00:00 PM,38,,810,,,152
1/29/2015 8:00:00 PM,43,290,875,,,153
1/31/2015 8:00:00 PM,49,,580,,,154
2/1/2015 8:00:00 PM,40,,693,,,155
2/2/2015 8:00:00 PM,32,,760,,,156
2/3/2015 8:00:00 PM,31,,795,,,157
2/4/2015 8:00:00 PM,43,350,865,0.01,73,158
2/5/2015 8:00:00 PM,42,,905,,,159
2/8/2015 8:00:00 PM,38,,840,,,160
2/9/2015 8:00:00 PM,35,,767,,,161
2/10/2015 8:00:00 PM,36,370,840,,,162
2/11/2015 8:00:00 PM,36,,850,,,163
2/12/2015 8:00:00 PM,37,,740,,,164
2/14/2015 8:00:00 PM,38,,815,,,165
2/15/2015 8:00:00 PM,30,,680,,,166
2/16/2015 8:00:00 PM,38,350,890,0.01,74,167
2/17/2015 8:00:00 PM,39,,870,,,168
2/18/2015 8:00:00 PM,42,,910,,,169
2/19/2015 8:00:00 PM,36,,750,,,170
2/22/2015 8:00:00 PM,39,350,610,,,171
2/23/2015 8:00:00 PM,36,,667,,,172
2/24/2015 8:00:00 PM,33,,790,,,173
2/25/2015 8:00:00 PM,33,,780,,,174
2/26/2015 8:00:00 PM,50,,1100,,,175
3/1/2015 8:00:00 PM,36,,670,,,176
3/2/2015 8:00:00 PM,37,360,610,0.01,56,177
3/3/2015 8:00:00 PM,40,,790,,,178
3/4/2015 8:00:00 PM,46,,700,,,179
3/5/2015 8:00:00 PM,41,,830,,,180
3/6/2015 8:00:00 PM,43,,930,,,181
3/9/2015 8:00:00 PM,39,,660,,,182
3/10/2015 8:00:00 PM,36,540,1260,,,183
3/11/2015 8:00:00 PM,35,,750,,,184
3/12/2015 8:00:00 PM,39,,730,,,185
3/15/2015 8:00:00 PM,39,,580,,,186
3/16/2015 8:00:00 PM,36,,720,,,187
3/22/2015 8:00:00 PM,43,,760,,,188
4/13/2014 9:00:00 PM,34,,670,,,189
4/14/2014 9:00:00 PM,44,340,744,0.01,56,190
4/15/2014 9:00:00 PM,42,,715,,,191
4/16/2014 9:00:00 PM,28,,690,,,192
4/18/2014 9:00:00 PM,34,,742,,,193
4/21/2014 9:00:00 PM,33,310,740,,,194
4/22/2014 9:00:00 PM,31,,680,,,195
4/23/2014 9:00:00 PM,35,,730,,,196
4/25/2014 9:00:00 PM,38,,740,,,197
4/27/2014 9:00:00 PM,42,340,690,0.19,60,198
4/28/2014 9:00:00 PM,36,,830,,,199
4/29/2014 9:00:00 PM,42,,814,,,200
4/30/2014 9:00:00 PM,27,,605,,,201
5/1/2014 9:00:00 PM,29,,800,,,202
5/4/2014 9:00:00 PM,32,,714,,,203
5/5/2014 9:00:00 PM,43,260,720,,,204
5/6/2014 9:00:00 PM,37,,760,,,205
1/7/2014 8:00:00 PM,46,,1016,,,206
5/7/2014 9:00:00 PM,41,,770,,,207
11/2/2014 8:00:00 PM,38,,655,,,208
6/2/2015 9:00:00 PM,37,,810,,,209
3/23/2015 8:00:00 PM,44,,880,,,210
1/8/2014 8:00:00 PM,40,,820,,,211
5/8/2014 9:00:00 PM,46,,740,,,212
11/4/2014 8:00:00 PM,26,,610,,,213
6/3/2015 9:00:00 PM,38,,730,,,214
3/24/2015 8:00:00 PM,36,,1700,,,215
1/9/2014 8:00:00 PM,51,,1110,,,216
5/11/2014 9:00:00 PM,43,,760,,,217
11/5/2014 8:00:00 PM,32,260,655,,,218
6/4/2015 9:00:00 PM,37,,815,,,219
3/25/2015 8:00:00 PM,48,,940,,,220
1/12/2014 8:00:00 PM,41,,730,,,221
5/12/2014 9:00:00 PM,32,,870,,,222
11/6/2014 8:00:00 PM,48,,740,,,223
6/5/2015 9:00:00 PM,31,,790,,,224
3/26/2015 8:00:00 PM,37,540,1027,,,225
1/13/2014 8:00:00 PM,26,,710,,,226
5/13/2014 9:00:00 PM,36,210,760,0.01,57,227
11/9/2014 8:00:00 PM,39,,740,,,228
6/8/2015 9:00:00 PM,35,320,890,0.01,62,229
3/29/2015 8:00:00 PM,43,,760,,,230
1/14/2014 8:00:00 PM,42,530,830,,,231
5/14/2014 9:00:00 PM,40,,785,,,232
11/10/2014 8:00:00 PM,28,,700,,,233
6/9/2015 9:00:00 PM,32,,690,,,234
3/30/2015 8:00:00 PM,35,350,855,0.01,58,235
1/15/2014 8:00:00 PM,47,,870,,,236
5/15/2014 9:00:00 PM,34,,900,,,237
11/11/2014 8:00:00 PM,28,,730,,,238
6/10/2015 9:00:00 PM,32,,840,,,239
3/31/2015 8:00:00 PM,34,420,970,,,240
1/16/2014 8:00:00 PM,43,,590,,,241
5/18/2014 9:00:00 PM,31,,735,,,242
11/12/2014 8:00:00 PM,26,,910,,,243
6/11/2015 9:00:00 PM,37,,961,,,244
4/1/2015 8:00:00 PM,49,,1140,,,245
1/19/2014 8:00:00 PM,38,,1200,,,246
5/19/2014 9:00:00 PM,34,,790,,,247
11/13/2014 8:00:00 PM,40,350,715,0.01,54,248
6/14/2015 9:00:00 PM,38,,767,,,249
4/3/2015 8:00:00 PM,42,,740,,,250
1/20/2014 8:00:00 PM,38,,930,,,251
5/20/2014 9:00:00 PM,35,,880,,,252
11/16/2014 8:00:00 PM,21,,432,,,253
6/15/2015 9:00:00 PM,42,,1500,,,254
4/6/2015 9:00:00 PM,38,,820,,,255
1/21/2014 8:00:00 PM,38,,1011,,,256
5/21/2014 9:00:00 PM,30,390,816,,,257
11/17/2014 8:00:00 PM,37,,670,,,258
6/16/2015 9:00:00 PM,40,440,920,,,259
4/7/2015 9:00:00 PM,35,480,885,,,260
1/22/2014 8:00:00 PM,47,470,980,0.01,76,261
11/18/2014 8:00:00 PM,41,,825,,,262
6/17/2015 9:00:00 PM,40,,900,,,263
4/8/2015 9:00:00 PM,26,,865,,,264
1/23/2014 8:00:00 PM,39,,862,,,265
11/19/2014 8:00:00 PM,48,430,840,,,266
6/18/2015 9:00:00 PM,34,,912,,,267
4/9/2015 9:00:00 PM,36,,990,,,268
1/24/2014 8:00:00 PM,45,,760,,,269
11/20/2014 8:00:00 PM,44,,700,,,270
6/21/2015 9:00:00 PM,38,,1125,,,271
4/12/2015 9:00:00 PM,38,,620,,,272
1/27/2014 8:00:00 PM,36,,690,,,273
11/23/2014 8:00:00 PM,34,,535,,,274
6/22/2015 9:00:00 PM,39,370,800,,,275
4/13/2015 9:00:00 PM,30,,950,,,276
1/28/2014 8:00:00 PM,29,,573,,,277
11/24/2014 8:00:00 PM,33,,720,,,278
6/23/2015 9:00:00 PM,49,370,840,,,279
4/14/2015 9:00:00 PM,37,,885,,,280
1/29/2014 8:00:00 PM,31,,720,,,281
11/25/2014 8:00:00 PM,35,360,600,0.01,54,282
11/26/2014 8:00:00 PM,37,,760,,,283
11/27/2014 8:00:00 PM,25,,830,,,284
11/30/2014 8:00:00 PM,41,,694,,,285
12/1/2014 8:00:00 PM,34,,640,,,286
12/2/2014 8:00:00 PM,40,,1510,,,287
12/3/2014 8:00:00 PM,50,,945,,,288
12/4/2014 8:00:00 PM,42,290,775,,,289
12/7/2014 8:00:00 PM,22,,761,,,290
12/8/2014 8:00:00 PM,28,,680,,,291
12/9/2014 8:00:00 PM,30,,840,,,292
12/10/2014 8:00:00 PM,30,290,760,0.01,69,293
12/11/2014 8:00:00 PM,36,,885,,,294
12/14/2014 8:00:00 PM,35,,770,,,295
12/15/2014 8:00:00 PM,34,,760,,,296
12/16/2014 8:00:00 PM,34,420,1130,,,297
12/17/2014 8:00:00 PM,34,,1067,,,298
12/18/2014 8:00:00 PM,30,,920,,,299
12/21/2014 8:00:00 PM,34,290,755,0.01,60,300
12/22/2014 8:00:00 PM,34,,810,,,301
12/23/2014 8:00:00 PM,25,,830,,,302
12/26/2014 8:00:00 PM,30,,690,,,303
12/28/2014 8:00:00 PM,34,370,680,,,304
12/29/2014 8:00:00 PM,34,,830,,,305
12/30/2014 8:00:00 PM,41,,810,,,306
1/1/2015 8:00:00 PM,42,,940,,,307
1/4/2015 8:00:00 PM,40,,730,,,308
1/5/2015 8:00:00 PM,39,360,900,0.1,70,309
1/6/2015 8:00:00 PM,29,,930,,,310
1/7/2015 8:00:00 PM,38,,965,,,311
6/24/2015 9:00:00 PM,42,760,875,0.01,60,312
6/25/2015 9:00:00 PM,45,,900,,,313
6/28/2015 9:00:00 PM,46,,742,,,314
6/29/2015 9:00:00 PM,41,,970,,,315
6/30/2015 9:00:00 PM,36,,1042,,,316
7/1/2015 9:00:00 PM,35,,875,,,317
7/2/2015 9:00:00 PM,33,360,730,,,318
7/5/2015 9:00:00 PM,44,,1030,,,319
7/6/2015 9:00:00 PM,34,,988,,,320
7/7/2015 9:00:00 PM,42,,1053,,,321
7/8/2015 9:00:00 PM,42,370,884,0.01,66,322
7/9/2015 9:00:00 PM,37,,980,,,323
7/12/2015 9:00:00 PM,25,,680,,,324
7/13/2015 9:00:00 PM,20,,500,,,325
7/14/2015 9:00:00 PM,31,200,593,,,326
7/15/2015 9:00:00 PM,37,,654,,,327
7/16/2015 9:00:00 PM,38,,790,,,328
7/19/2015 9:00:00 PM,30,,880,,,329
7/20/2015 9:00:00 PM,36,450,960,0.01,58,330
7/21/2015 9:00:00 PM,41,,995,,,331
7/22/2015 9:00:00 PM,48,,960,,,332
7/23/2015 9:00:00 PM,37,,978,,,333
7/26/2015 9:00:00 PM,30,300,760,,,334
7/27/2015 9:00:00 PM,36,,830,,,335
7/28/2015 9:00:00 PM,26,,1180,,,336
7/29/2015 9:00:00 PM,26,,977,,,337
7/30/2015 9:00:00 PM,40,,990,,,338
8/2/2015 9:00:00 PM,41,,850,,,339
8/3/2015 9:00:00 PM,32,340,1050,0.01,51,340
8/4/2015 9:00:00 PM,36,,900,,,341
4/15/2015 9:00:00 PM,30,590,900,0.01,66,342
4/16/2015 9:00:00 PM,37,,960,,,343
4/19/2015 9:00:00 PM,29,,640,,,344
4/20/2015 9:00:00 PM,43,,960,,,345
4/21/2015 9:00:00 PM,34,,790,,,346
4/22/2015 9:00:00 PM,29,,685,,,347
4/23/2015 9:00:00 PM,29,510,970,,,348
4/26/2015 9:00:00 PM,26,,775,,,349
4/27/2015 9:00:00 PM,34,,970,,,350
4/28/2015 9:00:00 PM,35,,735,,,351
4/29/2015 9:00:00 PM,42,520,945,0.01,62,352
4/30/2015 9:00:00 PM,42,,920,,,353
5/3/2015 9:00:00 PM,35,,735,,,354
5/4/2015 9:00:00 PM,33,,740,,,355
5/5/2015 9:00:00 PM,34,,860,,,356
5/6/2015 9:00:00 PM,49,,920,,,357
5/7/2015 9:00:00 PM,34,530,940,,,358
5/10/2015 9:00:00 PM,35,,610,,,359
5/11/2015 9:00:00 PM,35,,745,,,360
5/12/2015 9:00:00 PM,33,,760,,,361
5/13/2015 9:00:00 PM,25,290,570,0.31,40,362
5/14/2015 9:00:00 PM,30,,650,,,363
5/17/2015 9:00:00 PM,26,,590,,,364
5/18/2015 9:00:00 PM,33,,675,,,365
5/19/2015 9:00:00 PM,36,370,750,,,366
5/20/2015 9:00:00 PM,34,,760,,,367
5/21/2015 9:00:00 PM,27,,595,,,368
5/24/2015 9:00:00 PM,33,,765,,,369
5/25/2015 9:00:00 PM,36,440,975,0.01,68,370
5/26/2015 9:00:00 PM,31,,820,,,371
1/30/2014 8:00:00 PM,38,380,840,,,372
2/2/2014 8:00:00 PM,43,,688,,,373
2/3/2014 8:00:00 PM,44,,781,,,374
2/4/2014 8:00:00 PM,35,,783,,,375
2/5/2014 8:00:00 PM,48,270,740,0.01,55,376
2/6/2014 8:00:00 PM,46,,770,,,377
2/9/2014 8:00:00 PM,41,,755,,,378
2/10/2014 8:00:00 PM,34,,871,,,379
2/11/2014 8:00:00 PM,36,320,871,,,380
2/12/2014 8:00:00 PM,35,,841,,,381
2/13/2014 8:00:00 PM,37,,833,,,382
2/16/2014 8:00:00 PM,37,,715,,,383
2/17/2014 8:00:00 PM,33,330,828,0.01,58,384
2/18/2014 8:00:00 PM,37,,907,,,385
2/19/2014 8:00:00 PM,37,,811,,,386
2/20/2014 8:00:00 PM,30,,809,,,387
2/23/2014 8:00:00 PM,30,280,949,,,388
2/24/2014 8:00:00 PM,37,,843,,,389
2/25/2014 8:00:00 PM,37,,944,,,390
2/26/2014 8:00:00 PM,44,,979,,,391
2/27/2014 8:00:00 PM,41,,869,,,392
3/2/2014 8:00:00 PM,42,,702,,,393
3/3/2014 8:00:00 PM,37,320,870,0.01,66,394
3/4/2014 8:00:00 PM,34,,874,,,395
3/5/2014 8:00:00 PM,33,,801,,,396
3/6/2014 8:00:00 PM,39,,955,,,397
3/7/2014 8:00:00 PM,39,,868,,,398
3/10/2014 8:00:00 PM,39,,820,,,399
3/11/2014 8:00:00 PM,48,360,840,,,400
12/28/2015 8:00:00 PM,44,280,660,,,401
12/29/2015 8:00:00 PM,37,320,690,,,402
12/30/2015 8:00:00 PM,35,360,860,,,403
1/1/2016 8:00:00 PM,50,,,,,404
1/3/2016 8:00:00 PM,54,280,730,,,405
1/4/2016 8:00:00 PM,51,320,800,,,406
1/5/2016 8:00:00 PM,49,340,840,0.01,57,407
1/6/2016 8:00:00 PM,43,630,970,,,408
1/7/2016 8:00:00 PM,50,570,910,,,409
1/10/2016 8:00:00 PM,44,280,700,,,410
1/11/2016 8:00:00 PM,49,320,970,,,411
1/12/2016 8:00:00 PM,46,360,880,,,412
1/13/2016 8:00:00 PM,43,360,870,,,413
1/14/2016 8:00:00 PM,43,550,1000,,,414
1/17/2016 8:00:00 PM,46,320,760,,,415
10/14/2015 8:00:00 PM,44,430,582,0.01,68,416
1/18/2016 8:00:00 PM,36,370,900,,,417
1/19/2016 8:00:00 PM,38,410,1000,,,418
1/20/2016 8:00:00 PM,36,380,750,,,419
1/21/2016 8:00:00 PM,36,420,1000,0.01,70,420
1/24/2016 8:00:00 PM,52,510,830,,,421
1/26/2016 8:00:00 PM,49,310,850,,,422
1/27/2016 8:00:00 PM,45,650,950,,,423
1/28/2016 8:00:00 PM,51,460,780,,,424
1/31/2016 8:00:00 PM,49,320,590,,,425
2/1/2016 8:00:00 PM,50,320,680,,,426
2/2/2016 8:00:00 PM,50,350,930,0.01,66,427
2/3/2016 8:00:00 PM,40,300,740,,,428
2/4/2016 8:00:00 PM,41,370,760,,,429
2/7/2016 8:00:00 PM,36,300,680,,,430
2/8/2016 8:00:00 PM,45,430,840,,,431
2/9/2016 8:00:00 PM,46,450,810,,,432
2/10/2016 8:00:00 PM,36,560,820,,,433
2/11/2016 8:00:00 PM,50,540,1100,,,434
2/14/2016 8:00:00 PM,38,360,770,0.02,67,435
2/15/2016 8:00:00 PM,33,340,660,,,436
2/16/2016 8:00:00 PM,30,370,700,,,437
2/17/2016 8:00:00 PM,20,400,730,,,438
2/18/2016 8:00:00 PM,32,350,810,,,439
2/21/2016 8:00:00 PM,21,300,660,,,440
2/22/2016 8:00:00 PM,50,230,730,,,441
2/23/2016 8:00:00 PM,46,360,840,,,442
2/24/2016 8:00:00 PM,32,580,750,,,443
2/25/2016 8:00:00 PM,42,560,840,,,444
2/28/2016 8:00:00 PM,50,330,1000,,,445
2/29/2016 8:00:00 PM,50,360,710,,,446
3/1/2016 8:00:00 PM,49,490,890,,,447
3/2/2016 8:00:00 PM,49,480,920,0.01,74,448
3/3/2016 8:00:00 PM,44,410,520,,,449
3/6/2016 8:00:00 PM,55,340,360,,,450
3/7/2016 8:00:00 PM,49,490,780,,,451
10/5/2016 8:00:00 PM,30,360,650,,,452
5/18/2016 9:00:00 PM,53,720,1100,,,453
7/27/2016 9:00:00 PM,41,350,660,,,454
8/5/2015 9:00:00 PM,29,,1108,,,455
3/8/2016 8:00:00 PM,51,480,710,,,456
12/14/2016 8:00:00 PM,39,310,940,,,457
12/15/2016 8:00:00 PM,40,340,940,,,458
8/6/2015 9:00:00 PM,28,,800,,,459
7/28/2016 9:00:00 PM,34,560,970,,,460
5/19/2016 9:00:00 PM,50,600,1000,,,461
12/18/2016 8:00:00 PM,42,340,760,,,462
10/6/2016 8:00:00 PM,27,460,730,,,463
10/15/2015 8:00:00 PM,42,,508,,,464
8/9/2015 9:00:00 PM,42,,880,,,465
7/31/2016 9:00:00 PM,38,330,660,,,466
5/22/2016 9:00:00 PM,52,530,910,,,467
12/19/2016 8:00:00 PM,40,370,840,,,468
10/9/2016 8:00:00 PM,34,340,590,,,469
10/18/2015 8:00:00 PM,37,,830,,,470
8/10/2015 9:00:00 PM,45,,920,,,471
8/1/2016 9:00:00 PM,20,350,660,,,472
5/23/2016 9:00:00 PM,50,520,970,0.02,73,473
12/20/2016 8:00:00 PM,40,420,840,,,474
10/10/2016 8:00:00 PM,26,310,660,,,475
10/19/2015 8:00:00 PM,35,,855,,,476
8/11/2015 9:00:00 PM,27,360,952,,,477
8/2/2016 9:00:00 PM,29,260,470,,,478
5/24/2016 9:00:00 PM,50,610,970,,,479
3/9/2016 8:00:00 PM,50,450,830,,,480
12/21/2016 8:00:00 PM,42,550,900,,,481
10/11/2016 8:00:00 PM,18,320,560,,,482
10/20/2015 8:00:00 PM,48,420,865,,,483
8/12/2015 9:00:00 PM,23,,1000,,,484
8/3/2016 9:00:00 PM,36,290,620,,,485
5/25/2016 9:00:00 PM,44,380,880,,,486
3/10/2016 8:00:00 PM,51,510,840,,,487
12/22/2016 8:00:00 PM,41,320,950,,,488
10/12/2016 8:00:00 PM,34,410,750,,,489
10/21/2015 8:00:00 PM,34,,940,,,490
8/13/2015 9:00:00 PM,34,,920,,,491
8/4/2016 9:00:00 PM,26,320,650,,,492
5/26/2016 9:00:00 PM,32,340,690,,,493
3/11/2016 8:00:00 PM,52,,,,,494
12/23/2016 8:00:00 PM,42,,,,,495
10/13/2016 8:00:00 PM,34,340,760,,,496
10/22/2015 8:00:00 PM,40,,900,,,497
8/16/2015 9:00:00 PM,47,,830,,,498
8/7/2016 9:00:00 PM,31,330,770,,,499
5/29/2016 9:00:00 PM,48,250,660,,,500
3/14/2016 8:00:00 PM,45,420,780,,,501
12/26/2016 8:00:00 PM,58,,,,,502
10/16/2016 8:00:00 PM,29,290,620,0.01,48,503
10/25/2015 8:00:00 PM,36,,800,,,504
8/17/2015 9:00:00 PM,45,,900,,,505
8/8/2016 9:00:00 PM,36,330,740,,,506
5/30/2016 9:00:00 PM,41,340,800,,,507
3/15/2016 8:00:00 PM,39,460,810,,,508
12/27/2016 8:00:00 PM,50,310,820,,,509
10/17/2016 8:00:00 PM,24,320,590,,,510
10/26/2015 8:00:00 PM,48,380,1115,0.01,70,511
8/18/2015 9:00:00 PM,43,,825,,,512
8/9/2016 9:00:00 PM,49,370,870,,,513
5/31/2016 9:00:00 PM,45,480,960,,,514
3/16/2016 8:00:00 PM,47,620,960,0.01,71,515
12/28/2016 8:00:00 PM,41,540,910,0.01,62,516
10/18/2016 8:00:00 PM,30,360,690,,,517
10/27/2015 8:00:00 PM,48,,940,,,518
8/19/2015 9:00:00 PM,42,470,840,0.02,61,519
8/10/2016 9:00:00 PM,32,390,950,,,520
6/1/2016 9:00:00 PM,49,430,790,,,521
3/17/2016 8:00:00 PM,40,360,870,,,522
12/29/2016 8:00:00 PM,26,320,740,,,523
10/19/2016 8:00:00 PM,29,360,730,,,524
10/28/2015 8:00:00 PM,48,,1290,,,525
8/20/2015 9:00:00 PM,44,,940,,,526
8/11/2016 9:00:00 PM,46,260,650,0.01,57,527
6/2/2016 9:00:00 PM,44,420,840,,,528
3/20/2016 8:00:00 PM,39,340,730,,,529
12/30/2016 8:00:00 PM,30,,,,,530
10/20/2016 8:00:00 PM,30,370,770,,,531
10/29/2015 8:00:00 PM,48,,970,,,532
8/23/2015 9:00:00 PM,45,,820,,,533
8/14/2016 9:00:00 PM,43,410,800,,,534
6/5/2016 9:00:00 PM,29,330,700,,,535
3/21/2016 8:00:00 PM,45,410,700,,,536
1/2/2017 8:00:00 PM,49,260,640,,,537
10/23/2016 8:00:00 PM,20,240,660,,,538
11/1/2015 8:00:00 PM,50,,760,,,539
8/24/2015 9:00:00 PM,44,,830,,,540
8/15/2016 9:00:00 PM,38,320,760,,,541
6/6/2016 9:00:00 PM,50,360,850,,,542
3/22/2016 8:00:00 PM,43,320,720,,,543
1/3/2017 8:00:00 PM,50,320,790,,,544
10/24/2016 8:00:00 PM,29,350,670,,,545
11/3/2015 8:00:00 PM,50,380,845,,,546
8/25/2015 9:00:00 PM,47,,876,,,547
8/16/2016 9:00:00 PM,38,480,760,,,548
6/7/2016 9:00:00 PM,51,480,820,,,549
3/23/2016 8:00:00 PM,51,440,850,,,550
1/4/2017 8:00:00 PM,38,340,700,,,551
10/25/2016 8:00:00 PM,26,340,780,,,552
11/4/2015 8:00:00 PM,53,,990,,,553
8/26/2015 9:00:00 PM,46,,1007,,,554
8/17/2016 9:00:00 PM,49,400,890,,,555
6/8/2016 9:00:00 PM,41,370,740,0.01,62,556
3/25/2016 8:00:00 PM,40,,,,,557
1/5/2017 8:00:00 PM,42,330,820,,,558
10/26/2016 8:00:00 PM,37,360,1100,,,559
10/27/2016 8:00:00 PM,41,380,660,,,560
10/30/2016 8:00:00 PM,44,370,670,,,561
11/1/2016 8:00:00 PM,33,340,720,,,562
11/2/2016 8:00:00 PM,34,400,700,0.01,51,563
11/3/2016 8:00:00 PM,34,530,690,,,564
11/6/2016 8:00:00 PM,42,350,780,,,565
11/7/2016 8:00:00 PM,26,300,630,,,566
11/8/2016 8:00:00 PM,26,350,720,,,567
11/9/2016 8:00:00 PM,30,340,770,,,568
11/10/2016 8:00:00 PM,40,350,840,,,569
11/12/2016 8:00:00 PM,34,,,,,570
11/13/2016 8:00:00 PM,37,320,720,,,571
11/14/2016 8:00:00 PM,27,260,530,,,572
11/15/2016 8:00:00 PM,30,340,720,,,573
11/16/2016 8:00:00 PM,33,340,660,0.01,52,574
11/17/2016 8:00:00 PM,37,370,770,,,575
11/20/2016 8:00:00 PM,31,300,460,,,576
11/21/2016 8:00:00 PM,37,360,880,,,577
11/22/2016 8:00:00 PM,40,330,910,,,578
11/23/2016 8:00:00 PM,36,410,820,,,579
11/24/2016 8:00:00 PM,40,470,1100,,,580
11/27/2016 8:00:00 PM,44,330,730,,,581
11/28/2016 8:00:00 PM,43,440,850,0.01,67,582
11/29/2016 8:00:00 PM,39,330,860,,,583
11/30/2016 8:00:00 PM,40,320,870,,,584
12/1/2016 8:00:00 PM,39,340,930,,,585
12/4/2016 8:00:00 PM,43,310,750,,,586
12/5/2016 8:00:00 PM,40,540,1300,,,587
12/6/2016 8:00:00 PM,39,490,1200,,,588
12/7/2016 8:00:00 PM,44,520,1000,,,589
12/8/2016 8:00:00 PM,35,320,680,,,590
12/11/2016 8:00:00 PM,46,640,1300,,,591
12/12/2016 8:00:00 PM,36,340,950,0.01,70,592
12/13/2016 8:00:00 PM,38,360,900,,,593
6/9/2016 9:00:00 PM,45,520,840,,,594
3/28/2016 8:00:00 PM,41,350,680,,,595
6/10/2016 9:00:00 PM,49,,,,,596
8/18/2016 9:00:00 PM,54,440,880,,,597
8/27/2015 9:00:00 PM,42,310,735,,,598
3/29/2016 8:00:00 PM,46,520,770,0.01,65,599
6/13/2016 9:00:00 PM,45,350,740,,,600
8/21/2016 9:00:00 PM,34,380,660,,,601
8/30/2015 9:00:00 PM,41,,760,,,602
11/5/2015 8:00:00 PM,33,,720,,,603
1/8/2017 8:00:00 PM,42,320,740,,,604
3/30/2016 8:00:00 PM,43,370,790,,,605
6/14/2016 9:00:00 PM,39,390,740,,,606
8/22/2016 9:00:00 PM,28,340,600,,,607
8/31/2015 9:00:00 PM,36,,850,,,608
11/8/2015 8:00:00 PM,37,,650,,,609
1/9/2017 8:00:00 PM,39,330,770,,,610
3/31/2016 8:00:00 PM,42,360,880,,,611
6/15/2016 9:00:00 PM,50,590,800,,,612
8/23/2016 9:00:00 PM,27,350,870,0.02,54,613
9/1/2015 9:00:00 PM,40,,985,,,614
11/9/2015 8:00:00 PM,49,,861,,,615
1/10/2017 8:00:00 PM,41,380,960,,,616
4/3/2016 9:00:00 PM,40,300,680,,,617
6/16/2016 9:00:00 PM,53,520,910,,,618
8/24/2016 9:00:00 PM,32,330,690,,,619
9/2/2015 9:00:00 PM,37,330,880,0.01,60,620
11/10/2015 8:00:00 PM,50,,1105,,,621
1/11/2017 8:00:00 PM,39,340,830,0.02,54,622
4/4/2016 9:00:00 PM,42,530,760,,,623
6/19/2016 9:00:00 PM,45,660,750,,,624
8/25/2016 9:00:00 PM,34,440,770,,,625
9/3/2015 9:00:00 PM,51,,1000,,,626
11/11/2015 8:00:00 PM,50,580,1110,0.01,92,627
1/12/2017 8:00:00 PM,39,380,920,,,628
4/5/2016 9:00:00 PM,35,540,880,,,629
6/20/2016 9:00:00 PM,39,320,1000,,,630
8/28/2016 9:00:00 PM,35,440,760,,,631
9/6/2015 9:00:00 PM,50,,834,,,632
11/12/2015 8:00:00 PM,50,,1060,,,633
1/15/2017 8:00:00 PM,49,400,780,,,634
4/6/2016 9:00:00 PM,27,340,690,,,635
6/21/2016 9:00:00 PM,31,280,710,,,636
8/29/2016 9:00:00 PM,33,320,800,,,637
9/7/2015 9:00:00 PM,43,,870,,,638
11/15/2015 8:00:00 PM,43,,875,,,639
1/16/2017 8:00:00 PM,37,360,1000,,,640
4/7/2016 9:00:00 PM,37,370,730,,,641
6/22/2016 9:00:00 PM,40,330,740,0.01,55,642
8/30/2016 9:00:00 PM,34,450,860,,,643
9/8/2015 9:00:00 PM,48,340,780,,,644
11/16/2015 8:00:00 PM,42,,810,,,645
1/17/2017 8:00:00 PM,46,360,910,,,646
4/10/2016 9:00:00 PM,41,380,750,,,647
6/23/2016 9:00:00 PM,17,270,600,,,648
8/31/2016 9:00:00 PM,34,400,860,,,649
9/9/2015 9:00:00 PM,48,,910,,,650
11/17/2015 8:00:00 PM,47,,975,,,651
1/18/2017 8:00:00 PM,50,420,1200,,,652
4/11/2016 9:00:00 PM,52,440,910,0.02,74,653
6/26/2016 9:00:00 PM,41,310,680,,,654
9/1/2016 9:00:00 PM,40,510,800,,,655
9/10/2015 9:00:00 PM,45,,940,,,656
11/18/2015 8:00:00 PM,47,,1060,,,657
1/19/2017 8:00:00 PM,37,520,1300,,,658
4/12/2016 9:00:00 PM,43,550,940,,,659
6/27/2016 9:00:00 PM,40,300,820,,,660
9/4/2016 9:00:00 PM,40,450,770,,,661
9/13/2015 9:00:00 PM,36,,826,,,662
11/19/2015 8:00:00 PM,50,380,945,,,663
1/22/2017 8:00:00 PM,51,270,720,,,664
4/13/2016 9:00:00 PM,39,440,840,,,665
6/28/2016 9:00:00 PM,39,350,780,,,666
9/5/2016 9:00:00 PM,47,350,780,,,667
9/14/2015 9:00:00 PM,30,380,769,0.01,52,668
11/22/2015 8:00:00 PM,50,,840,,,669
1/23/2017 8:00:00 PM,46,350,1000,0.01,62,670
4/14/2016 9:00:00 PM,38,450,750,,,671
6/29/2016 9:00:00 PM,28,360,920,,,672
9/6/2016 9:00:00 PM,43,350,800,0.02,56,673
9/15/2015 9:00:00 PM,29,,627,,,674
11/23/2015 8:00:00 PM,50,,900,,,675
1/24/2017 8:00:00 PM,36,370,1100,,,676
4/17/2016 9:00:00 PM,40,330,700,,,677
6/30/2016 9:00:00 PM,34,370,880,,,678
9/7/2016 9:00:00 PM,26,330,840,,,679
9/16/2015 9:00:00 PM,33,,760,,,680
11/24/2015 8:00:00 PM,41,,1170,,,681
1/26/2017 8:00:00 PM,55,350,790,,,682
4/18/2016 9:00:00 PM,35,330,690,,,683
7/3/2016 9:00:00 PM,38,300,690,,,684
9/8/2016 9:00:00 PM,30,490,820,,,685
9/17/2015 9:00:00 PM,26,,627,,,686
11/25/2015 8:00:00 PM,42,450,1030,0.01,72,687
1/29/2017 8:00:00 PM,55,480,1300,,,688
4/19/2016 9:00:00 PM,44,530,1000,,,689
7/4/2016 9:00:00 PM,46,370,,,,690
9/11/2016 9:00:00 PM,23,360,650,,,691
9/20/2015 9:00:00 PM,36,350,747,,,692
11/26/2015 8:00:00 PM,46,,1090,,,693
1/30/2017 8:00:00 PM,47,350,820,,,694
4/20/2016 9:00:00 PM,47,720,930,,,695
4/21/2016 9:00:00 PM,41,580,850,,,696
4/22/2016 9:00:00 PM,33,,,,,697
4/25/2016 9:00:00 PM,39,400,630,,,698
4/26/2016 9:00:00 PM,30,380,780,,,699
4/27/2016 9:00:00 PM,45,810,900,0.01,70,700
4/28/2016 9:00:00 PM,46,620,650,,,701
5/1/2016 9:00:00 PM,36,500,850,,,702
5/2/2016 9:00:00 PM,37,350,960,,,703
5/3/2016 9:00:00 PM,40,370,1300,,,704
5/4/2016 9:00:00 PM,34,590,900,,,705
5/5/2016 9:00:00 PM,37,780,1000,,,706
5/8/2016 9:00:00 PM,50,470,790,,,707
5/9/2016 9:00:00 PM,40,570,820,,,708
5/10/2016 9:00:00 PM,35,360,930,,,709
5/11/2016 9:00:00 PM,38,360,710,0.06,63,710
5/12/2016 9:00:00 PM,39,360,890,,,711
5/15/2016 9:00:00 PM,50,310,660,,,712
5/16/2016 9:00:00 PM,49,670,900,,,713
5/17/2016 9:00:00 PM,40,620,900,,,714
9/21/2015 9:00:00 PM,37,,988,,,715
9/22/2015 9:00:00 PM,49,,852,,,716
9/23/2015 9:00:00 PM,54,,1322,,,717
9/24/2015 9:00:00 PM,51,,898,,,718
9/27/2015 9:00:00 PM,38,,885,,,719
9/28/2015 9:00:00 PM,45,,1028,,,720
9/29/2015 9:00:00 PM,48,,917,,,721
9/30/2015 9:00:00 PM,54,570,1193,0.01,86,722
10/2/2015 9:00:00 PM,41,,899,,,723
10/4/2015 8:00:00 PM,39,,958,,,724
10/5/2015 8:00:00 PM,40,,868,,,725
10/6/2015 8:00:00 PM,43,,884,,,726
10/7/2015 8:00:00 PM,45,,908,,,727
10/8/2015 8:00:00 PM,46,560,996,,,728
10/11/2015 8:00:00 PM,39,,879,,,729
10/12/2015 8:00:00 PM,39,,836,,,730
10/13/2015 8:00:00 PM,35,,684,,,731
9/12/2016 9:00:00 PM,40,350,690,,,732
9/13/2016 9:00:00 PM,23,300,650,,,733
9/14/2016 9:00:00 PM,18,270,550,,,734
9/15/2016 9:00:00 PM,18,270,450,,,735
9/18/2016 9:00:00 PM,43,330,650,,,736
9/19/2016 9:00:00 PM,33,450,1000,,,737
9/20/2016 9:00:00 PM,29,370,760,,,738
9/21/2016 9:00:00 PM,38,360,720,,,739
9/22/2016 9:00:00 PM,32,380,740,0.01,55,740
9/25/2016 9:00:00 PM,29,370,670,,,741
9/26/2016 9:00:00 PM,28,350,720,,,742
9/27/2016 9:00:00 PM,23,300,590,,,743
9/28/2016 9:00:00 PM,27,360,740,,,744
9/30/2016 9:00:00 PM,31,,,,,745
10/2/2016 8:00:00 PM,30,300,610,,,746
10/3/2016 8:00:00 PM,20,260,490,,,747
10/4/2016 8:00:00 PM,25,340,570,0.01,41,748
1/31/2017 8:00:00 PM,29,460,1000,,,749
2/1/2017 8:00:00 PM,45,510,920,,,750
7/5/2016 9:00:00 PM,22,370,810,,,751
2/2/2017 8:00:00 PM,47,510,910,,,752
11/29/2015 8:00:00 PM,44,,835,,,753
7/6/2016 9:00:00 PM,20,310,570,,,754
2/5/2017 8:00:00 PM,27,770,1300,,,755
11/30/2015 8:00:00 PM,50,370,1100,,,756
7/7/2016 9:00:00 PM,39,410,670,,,757
2/6/2017 8:00:00 PM,27,310,610,0.01,46,758
12/1/2015 8:00:00 PM,50,370,920,,,759
7/10/2016 9:00:00 PM,40,340,750,0.01,60,760
2/7/2017 8:00:00 PM,38,360,930,,,761
12/2/2015 8:00:00 PM,50,370,870,,,762
7/11/2016 9:00:00 PM,32,330,790,,,763
2/8/2017 8:00:00 PM,40,360,810,,,764
12/3/2015 8:00:00 PM,50,490,840,,,765
7/12/2016 9:00:00 PM,49,330,710,,,766
2/9/2017 8:00:00 PM,39,350,670,,,767
12/6/2015 8:00:00 PM,40,360,760,,,768
7/13/2016 9:00:00 PM,45,400,790,,,769
2/12/2017 8:00:00 PM,49,350,810,,,770
12/7/2015 8:00:00 PM,50,340,920,0.01,78,771
7/14/2016 9:00:00 PM,40,480,760,,,772
2/13/2017 8:00:00 PM,45,370,800,,,773
12/8/2015 8:00:00 PM,50,380,900,,,774
7/17/2016 9:00:00 PM,43,360,770,,,775
2/14/2017 8:00:00 PM,40,490,880,,,776
12/9/2015 8:00:00 PM,48,570,940,,,777
7/18/2016 9:00:00 PM,44,320,740,,,778
2/15/2017 8:00:00 PM,36,360,920,,,779
12/10/2015 8:00:00 PM,44,520,860,,,780
7/19/2016 9:00:00 PM,33,640,820,,,781
2/16/2017 8:00:00 PM,38,420,990,,,782
12/13/2015 8:00:00 PM,47,280,760,,,783
7/20/2016 9:00:00 PM,34,420,800,,,784
2/19/2017 8:00:00 PM,42,460,1000,,,785
12/15/2015 8:00:00 PM,46,420,990,,,786
7/21/2016 9:00:00 PM,32,480,840,,,787
2/20/2017 8:00:00 PM,35,330,750,,,788
12/16/2015 8:00:00 PM,45,660,900,,,789
7/24/2016 9:00:00 PM,38,320,600,,,790
2/21/2017 8:00:00 PM,40,390,930,,,791
12/17/2015 8:00:00 PM,44,320,940,,,792
7/25/2016 9:00:00 PM,23,500,680,,,793
2/22/2017 8:00:00 PM,41,370,840,0.01,66,794
12/20/2015 8:00:00 PM,50,360,790,,,795
7/26/2016 9:00:00 PM,38,310,690,0.02,49,796
12/21/2015 8:00:00 PM,35,,760,0.01,66,797
12/22/2015 8:00:00 PM,49,340,900,,,798
12/23/2015 8:00:00 PM,48,450,1000,,,799
12/25/2015 8:00:00 PM,48,,,,,800
2/23/2017 8:00:00 PM,42,440,950,,,801
2/26/2017 8:00:00 PM,46,300,760,,,802
2/28/2017 8:00:00 PM,40,410,840,,,803
3/1/2017 8:00:00 PM,39,390,1100,,,804
3/2/2017 8:00:00 PM,36,520,940,,,805
3/5/2017 8:00:00 PM,40,320,790,,,806
3/6/2017 8:00:00 PM,38,440,910,,,807
3/7/2017 8:00:00 PM,32,460,1100,,,808
3/8/2017 8:00:00 PM,35,430,960,,,809
3/9/2017 8:00:00 PM,38,160,1000,0.01,68,810
3/10/2017 8:00:00 PM,29,,,,,811
7/10/2018 9:00:00 PM,54,270,920,,,812
3/13/2017 8:00:00 PM,43,310,720,,,813
3/14/2017 8:00:00 PM,40,550,960,,,814
3/15/2017 8:00:00 PM,42,520,870,,,815
3/16/2017 8:00:00 PM,50,600,910,,,816
7/11/2018 9:00:00 PM,52,350,960,,,817
3/19/2017 8:00:00 PM,46,360,820,,,818
7/12/2018 9:00:00 PM,52,330,930,,,819
3/20/2017 8:00:00 PM,42,330,850,0.01,69,820
5/1/2018 9:00:00 PM,40,310,850,0.01,54,821
7/15/2018 9:00:00 PM,53,320,850,,,822
3/21/2017 8:00:00 PM,43,350,860,,,823
5/2/2018 9:00:00 PM,40,350,670,,,824
7/16/2018 9:00:00 PM,46,330,830,,,825
3/22/2017 8:00:00 PM,44,440,960,,,826
5/3/2018 9:00:00 PM,45,490,880,,,827
7/17/2018 9:00:00 PM,49,330,850,,,828
3/23/2017 8:00:00 PM,58,530,910,,,829
3/26/2017 8:00:00 PM,50,520,1100,,,830
3/27/2017 8:00:00 PM,41,370,780,,,831
3/28/2017 8:00:00 PM,46,520,1100,,,832
3/29/2017 8:00:00 PM,42,200,880,,,833
3/30/2017 8:00:00 PM,41,420,830,,,834
4/2/2017 9:00:00 PM,47,340,1100,0.01,71,835
4/3/2017 9:00:00 PM,43,520,920,,,836
4/4/2017 9:00:00 PM,48,530,880,,,837
4/5/2017 9:00:00 PM,43,440,920,,,838
4/6/2017 9:00:00 PM,48,370,980,,,839
4/9/2017 9:00:00 PM,42,270,760,,,840
4/10/2017 9:00:00 PM,39,230,680,,,841
4/11/2017 9:00:00 PM,40,350,890,,,842
4/12/2017 9:00:00 PM,39,360,920,,,843
4/17/2017 9:00:00 PM,44,340,840,,,844
4/18/2017 9:00:00 PM,44,430,810,0.01,74,845
4/19/2017 9:00:00 PM,45,370,810,,,846
4/20/2017 9:00:00 PM,41,390,810,,,847
4/23/2017 9:00:00 PM,47,340,720,,,848
4/25/2017 9:00:00 PM,29,200,490,,,849
4/26/2017 9:00:00 PM,27,170,,,,850
4/27/2017 9:00:00 PM,35,300,540,,,851
4/30/2017 9:00:00 PM,44,350,620,,,852
5/1/2017 9:00:00 PM,58,320,870,,,853
5/2/2017 9:00:00 PM,58,340,1000,0.01,67,854
5/3/2017 9:00:00 PM,58,360,780,,,855
5/4/2017 9:00:00 PM,58,450,960,,,856
5/7/2017 9:00:00 PM,81,310,760,,,857
5/8/2017 9:00:00 PM,47,320,740,,,858
5/9/2017 9:00:00 PM,46,270,990,,,859
12/7/2017 8:00:00 PM,30,290,650,,,860
9/27/2017 9:00:00 PM,38,520,860,,,861
7/19/2017 9:00:00 PM,44,340,880,,,862
5/10/2017 9:00:00 PM,44,320,,,,863
2/18/2018 8:00:00 PM,48,340,910,,,864
2/19/2018 8:00:00 PM,50,640,1200,,,865
2/20/2018 8:00:00 PM,43,490,920,,,866
7/18/2018 9:00:00 PM,49,310,1000,,,867
2/21/2018 8:00:00 PM,39,350,1100,0.01,65,868
5/6/2018 9:00:00 PM,50,350,1100,,,869
5/11/2017 9:00:00 PM,45,360,890,,,870
12/10/2017 8:00:00 PM,38,360,770,,,871
7/19/2018 9:00:00 PM,44,350,1100,,,872
2/22/2018 8:00:00 PM,41,330,1100,,,873
5/7/2018 9:00:00 PM,46,350,1000,,,874
7/20/2017 9:00:00 PM,44,260,840,,,875
5/14/2017 9:00:00 PM,50,370,830,,,876
9/29/2017 9:00:00 PM,46,,,,,877
12/11/2017 8:00:00 PM,33,270,710,0.01,54,878
7/22/2018 9:00:00 PM,49,280,850,,,879
2/25/2018 8:00:00 PM,50,350,910,,,880
5/8/2018 9:00:00 PM,50,490,1200,,,881
7/23/2017 9:00:00 PM,46,270,790,,,882
5/15/2017 9:00:00 PM,47,340,860,,,883
10/1/2017 8:00:00 PM,50,400,970,,,884
12/12/2017 8:00:00 PM,35,610,900,,,885
7/23/2018 9:00:00 PM,47,320,940,,,886
2/26/2018 8:00:00 PM,43,310,950,,,887
5/9/2018 9:00:00 PM,39,500,1300,,,888
7/24/2017 9:00:00 PM,38,300,890,,,889
5/16/2017 9:00:00 PM,49,350,960,0.08,70,890
10/2/2017 8:00:00 PM,45,450,1000,,,891
12/13/2017 8:00:00 PM,46,350,820,,,892
7/24/2018 9:00:00 PM,26,320,1000,0.01,63,893
2/27/2018 8:00:00 PM,38,340,780,,,894
5/10/2018 9:00:00 PM,43,340,950,,,895
7/25/2017 9:00:00 PM,43,350,1000,0.01,56,896
5/17/2017 9:00:00 PM,50,370,850,,,897
10/3/2017 8:00:00 PM,44,330,900,0.01,66,898
12/14/2017 8:00:00 PM,36,300,780,,,899
7/26/2018 9:00:00 PM,40,330,820,,,900
2/28/2018 8:00:00 PM,38,340,900,,,901
5/13/2018 9:00:00 PM,50,300,790,,,902
7/26/2017 9:00:00 PM,36,290,920,,,903
5/18/2017 9:00:00 PM,44,370,970,,,904
10/4/2017 8:00:00 PM,41,380,1000,,,905
12/17/2017 8:00:00 PM,36,340,820,,,906
7/29/2018 9:00:00 PM,35,290,770,,,907
3/1/2018 8:00:00 PM,38,340,800,,,908
5/14/2018 9:00:00 PM,18,350,850,,,909
7/27/2017 9:00:00 PM,37,370,920,,,910
5/21/2017 9:00:00 PM,46,330,910,,,911
10/5/2017 8:00:00 PM,44,420,900,,,912
12/18/2017 8:00:00 PM,32,420,890,,,913
7/30/2018 9:00:00 PM,35,320,820,,,914
3/4/2018 8:00:00 PM,46,360,1000,,,915
5/15/2018 9:00:00 PM,29,340,920,0.01,68,916
7/30/2017 9:00:00 PM,40,220,830,,,917
5/22/2017 9:00:00 PM,48,340,830,,,918
10/8/2017 8:00:00 PM,44,320,840,,,919
12/19/2017 8:00:00 PM,27,360,860,,,920
7/31/2018 9:00:00 PM,35,330,1000,,,921
3/5/2018 8:00:00 PM,38,260,740,0.01,60,922
5/16/2018 9:00:00 PM,41,360,900,,,923
7/31/2017 9:00:00 PM,37,300,800,,,924
5/23/2017 9:00:00 PM,48,370,930,,,925
10/9/2017 8:00:00 PM,44,480,,,,926
12/20/2017 8:00:00 PM,27,330,800,,,927
8/1/2018 9:00:00 PM,36,340,890,,,928
3/6/2018 8:00:00 PM,45,370,980,,,929
5/17/2018 9:00:00 PM,50,360,960,,,930
8/1/2017 9:00:00 PM,37,270,870,,,931
5/24/2017 9:00:00 PM,50,470,990,,,932
10/10/2017 8:00:00 PM,41,480,920,,,933
12/21/2017 8:00:00 PM,36,300,860,,,934
8/2/2018 9:00:00 PM,40,360,930,,,935
3/7/2018 8:00:00 PM,40,360,860,,,936
5/20/2018 9:00:00 PM,40,340,770,,,937
8/2/2017 9:00:00 PM,38,340,1000,,,938
5/25/2017 9:00:00 PM,54,410,910,,,939
10/11/2017 8:00:00 PM,41,410,880,,,940
12/23/2017 8:00:00 PM,37,,,,,941
8/5/2018 9:00:00 PM,42,330,820,,,942
3/8/2018 8:00:00 PM,38,380,940,,,943
5/21/2018 9:00:00 PM,42,380,790,,,944
8/3/2017 9:00:00 PM,43,320,900,,,945
5/28/2017 9:00:00 PM,53,310,720,0.01,57,946
10/12/2017 8:00:00 PM,38,320,790,,,947
12/26/2017 8:00:00 PM,46,490,810,,,948
8/6/2018 9:00:00 PM,50,360,1100,,,949
3/9/2018 8:00:00 PM,48,,,,,950
5/22/2018 9:00:00 PM,36,350,1000,,,951
8/6/2017 9:00:00 PM,40,330,920,,,952
5/29/2017 9:00:00 PM,54,260,760,,,953
10/15/2017 8:00:00 PM,44,320,690,0.01,55,954
12/27/2017 8:00:00 PM,27,290,570,0.01,47,955
8/7/2018 9:00:00 PM,44,360,900,,,956
3/12/2018 8:00:00 PM,43,340,860,,,957
5/23/2018 9:00:00 PM,35,340,930,,,958
8/7/2017 9:00:00 PM,37,320,820,,,959
5/30/2017 9:00:00 PM,52,320,810,,,960
10/16/2017 8:00:00 PM,41,330,900,,,961
12/28/2017 8:00:00 PM,28,290,680,,,962
8/8/2018 9:00:00 PM,40,,,,,963
3/13/2018 8:00:00 PM,38,330,810,,,964
5/24/2018 9:00:00 PM,41,350,1100,,,965
8/8/2017 9:00:00 PM,36,330,820,,,966
5/31/2017 9:00:00 PM,,330,770,,,967
10/17/2017 8:00:00 PM,41,370,1000,,,968
12/29/2017 8:00:00 PM,29,,,,,969
8/9/2018 9:00:00 PM,47,340,890,0.01,61,970
8/12/2018 9:00:00 PM,37,310,790,,,971
8/13/2018 9:00:00 PM,37,300,1000,,,972
8/14/2018 9:00:00 PM,45,330,950,,,973
8/15/2018 9:00:00 PM,40,360,1100,,,974
8/16/2018 9:00:00 PM,37,430,990,,,975
8/19/2018 9:00:00 PM,29,290,670,,,976
8/20/2018 9:00:00 PM,29,280,760,,,977
8/21/2018 9:00:00 PM,41,350,810,0.01,55,978
8/22/2018 9:00:00 PM,41,380,970,,,979
8/23/2018 9:00:00 PM,36,390,1100,,,980
8/26/2018 9:00:00 PM,47,290,850,,,981
8/27/2018 9:00:00 PM,41,340,940,,,982
8/28/2018 9:00:00 PM,50,410,1100,,,983
8/29/2018 9:00:00 PM,48,350,1000,,,984
8/30/2018 9:00:00 PM,38,330,990,,,985
9/2/2018 9:00:00 PM,42,360,950,,,986
9/3/2018 9:00:00 PM,43,360,1200,,,987
9/4/2018 9:00:00 PM,40,370,1100,0.01,68,988
9/5/2018 9:00:00 PM,39,350,990,,,989
9/6/2018 9:00:00 PM,36,390,980,,,990
9/9/2018 9:00:00 PM,45,370,860,,,991
9/10/2018 9:00:00 PM,37,320,1100,,,992
9/11/2018 9:00:00 PM,39,350,990,,,993
9/12/2018 9:00:00 PM,36,300,890,,,994
9/13/2018 9:00:00 PM,28,320,880,,,995
9/16/2018 9:00:00 PM,36,360,740,,,996
9/17/2018 9:00:00 PM,32,340,970,,,997
9/18/2018 9:00:00 PM,37,380,1100,,,998
1/1/2018 8:00:00 PM,33,280,770,,,999
1/2/2018 8:00:00 PM,35,320,750,,,1000
1/3/2018 8:00:00 PM,45,500,880,,,1001
1/4/2018 8:00:00 PM,46,670,940,,,1002
1/7/2018 8:00:00 PM,39,410,1100,,,1003
1/8/2018 8:00:00 PM,47,340,900,,,1004
1/9/2018 8:00:00 PM,44,540,970,,,1005
1/10/2018 8:00:00 PM,29,530,890,0.01,56,1006
10/18/2017 8:00:00 PM,40,440,900,,,1007
10/19/2017 8:00:00 PM,48,350,930,,,1008
10/22/2017 8:00:00 PM,39,400,850,,,1009
10/23/2017 8:00:00 PM,34,420,850,,,1010
1/11/2018 8:00:00 PM,37,360,920,,,1011
10/24/2017 8:00:00 PM,37,350,880,,,1012
8/9/2017 9:00:00 PM,38,360,800,,,1013
1/14/2018 8:00:00 PM,32,270,650,,,1014
6/1/2017 9:00:00 PM,49,380,950,,,1015
3/14/2018 8:00:00 PM,39,360,800,,,1016
5/27/2018 9:00:00 PM,50,260,720,0.02,49,1017
10/25/2017 8:00:00 PM,35,360,770,,,1018
8/10/2017 9:00:00 PM,40,330,830,0.01,68,1019
1/15/2018 8:00:00 PM,40,330,1100,,,1020
6/4/2017 9:00:00 PM,42,330,820,,,1021
3/15/2018 8:00:00 PM,68,350,840,,,1022
5/28/2018 9:00:00 PM,48,310,810,,,1023
10/26/2017 8:00:00 PM,45,410,830,,,1024
8/13/2017 9:00:00 PM,34,300,750,,,1025
1/16/2018 8:00:00 PM,47,340,950,,,1026
6/5/2017 9:00:00 PM,45,320,840,,,1027
3/18/2018 8:00:00 PM,49,360,890,,,1028
5/29/2018 9:00:00 PM,45,320,920,,,1029
10/29/2017 8:00:00 PM,47,340,860,,,1030
8/14/2017 9:00:00 PM,41,320,850,,,1031
1/17/2018 8:00:00 PM,38,580,930,,,1032
6/6/2017 9:00:00 PM,44,310,780,,,1033
3/19/2018 8:00:00 PM,43,310,760,,,1034
5/30/2018 9:00:00 PM,40,370,970,,,1035
10/30/2017 8:00:00 PM,33,340,910,,,1036
8/15/2017 9:00:00 PM,41,350,900,,,1037
1/18/2018 8:00:00 PM,50,490,990,,,1038
6/7/2017 9:00:00 PM,50,330,920,,,1039
3/20/2018 8:00:00 PM,52,540,1500,,,1040
5/31/2018 9:00:00 PM,27,340,900,,,1041
10/31/2017 8:00:00 PM,50,320,780,,,1042
8/16/2017 9:00:00 PM,41,360,900,,,1043
1/21/2018 8:00:00 PM,56,300,780,,,1044
6/8/2017 9:00:00 PM,48,360,930,,,1045
3/21/2018 8:00:00 PM,45,400,1200,0.01,78,1046
6/3/2018 9:00:00 PM,38,320,400,,,1047
11/1/2017 8:00:00 PM,50,380,790,0.01,58,1048
8/17/2017 9:00:00 PM,31,340,870,,,1049
1/22/2018 8:00:00 PM,36,300,790,0.01,56,1050
6/9/2017 9:00:00 PM,40,,,,,1051
3/22/2018 8:00:00 PM,47,510,1300,,,1052
6/4/2018 9:00:00 PM,31,430,1100,,,1053
11/2/2017 8:00:00 PM,50,470,1000,,,1054
8/20/2017 9:00:00 PM,30,260,740,,,1055
1/23/2018 8:00:00 PM,37,370,910,,,1056
6/12/2017 9:00:00 PM,50,320,760,,,1057
3/25/2018 8:00:00 PM,38,600,960,,,1058
6/5/2018 9:00:00 PM,27,430,980,,,1059
11/5/2017 8:00:00 PM,52,330,850,,,1060
8/21/2017 9:00:00 PM,93,320,800,,,1061
1/24/2018 8:00:00 PM,45,420,920,,,1062
6/13/2017 9:00:00 PM,50,320,860,,,1063
3/26/2018 8:00:00 PM,43,350,940,,,1064
6/6/2018 9:00:00 PM,34,390,1000,,,1065
11/7/2017 8:00:00 PM,78,330,810,,,1066
8/22/2017 9:00:00 PM,40,340,850,0.01,60,1067
1/26/2018 8:00:00 PM,30,,,,,1068
6/14/2017 9:00:00 PM,45,370,930,,,1069
3/27/2018 8:00:00 PM,40,340,960,,,1070
6/7/2018 9:00:00 PM,35,430,1200,,,1071
11/8/2017 8:00:00 PM,53,460,960,,,1072
8/23/2017 9:00:00 PM,32,350,880,,,1073
1/28/2018 8:00:00 PM,35,350,750,,,1074
6/15/2017 9:00:00 PM,40,370,920,0.01,63,1075
3/28/2018 8:00:00 PM,46,340,920,,,1076
6/8/2018 9:00:00 PM,38,,,,,1077
11/9/2017 8:00:00 PM,52,400,940,,,1078
8/24/2017 9:00:00 PM,32,300,780,,,1079
1/29/2018 8:00:00 PM,33,290,810,,,1080
6/18/2017 9:00:00 PM,57,320,760,,,1081
3/30/2018 8:00:00 PM,41,,,,,1082
6/11/2018 9:00:00 PM,41,330,910,,,1083
11/12/2017 8:00:00 PM,36,330,950,,,1084
8/27/2017 9:00:00 PM,27,250,660,,,1085
1/30/2018 8:00:00 PM,20,230,550,,,1086
6/19/2017 9:00:00 PM,50,260,820,,,1087
4/2/2018 9:00:00 PM,49,340,890,0.03,63,1088
6/12/2018 9:00:00 PM,34,330,930,,,1089
11/13/2017 8:00:00 PM,46,550,1100,,,1090
8/28/2017 9:00:00 PM,42,310,740,,,1091
1/31/2018 8:00:00 PM,30,330,810,,,1092
6/20/2017 9:00:00 PM,47,370,930,,,1093
4/3/2018 9:00:00 PM,51,330,930,,,1094
6/13/2018 9:00:00 PM,31,300,1100,,,1095
11/14/2017 8:00:00 PM,41,480,1000,,,1096
8/29/2017 9:00:00 PM,42,330,820,,,1097
2/1/2018 8:00:00 PM,49,370,820,,,1098
6/21/2017 9:00:00 PM,50,280,840,,,1099
4/4/2018 9:00:00 PM,43,360,1100,,,1100
6/14/2018 9:00:00 PM,29,410,800,0.01,52,1101
11/15/2017 8:00:00 PM,42,440,890,0.01,58,1102
8/30/2017 9:00:00 PM,45,370,970,,,1103
2/4/2018 8:00:00 PM,44,360,820,,,1104
6/22/2017 9:00:00 PM,45,400,890,,,1105
4/5/2018 9:00:00 PM,46,360,1000,,,1106
4/8/2018 9:00:00 PM,50,330,880,,,1107
4/9/2018 9:00:00 PM,38,370,1100,,,1108
4/10/2018 9:00:00 PM,39,,,,,1109
4/11/2018 9:00:00 PM,49,370,920,,,1110
4/12/2018 9:00:00 PM,35,460,1100,,,1111
4/15/2018 9:00:00 PM,39,310,840,,,1112
4/16/2018 9:00:00 PM,41,300,980,,,1113
4/17/2018 9:00:00 PM,50,350,940,,,1114
4/18/2018 9:00:00 PM,34,710,1500,0.02,77,1115
4/19/2018 9:00:00 PM,43,410,990,,,1116
4/22/2018 9:00:00 PM,46,320,810,,,1117
4/23/2018 9:00:00 PM,43,360,880,,,1118
4/25/2018 9:00:00 PM,52,370,870,,,1119
4/26/2018 9:00:00 PM,39,460,940,,,1120
4/29/2018 9:00:00 PM,44,340,710,,,1121
4/30/2018 9:00:00 PM,40,340,820,,,1122
8/31/2017 9:00:00 PM,30,360,950,,,1123
9/3/2017 9:00:00 PM,36,360,980,,,1124
9/4/2017 9:00:00 PM,40,460,1000,,,1125
9/5/2017 9:00:00 PM,36,380,930,0.01,70,1126
9/6/2017 9:00:00 PM,30,370,920,,,1127
9/7/2017 9:00:00 PM,42,420,1000,,,1128
9/10/2017 9:00:00 PM,38,330,830,,,1129
9/11/2017 9:00:00 PM,43,340,880,,,1130
9/12/2017 9:00:00 PM,48,340,940,,,1131
9/13/2017 9:00:00 PM,27,350,890,,,1132
9/14/2017 9:00:00 PM,31,480,910,,,1133
9/17/2017 9:00:00 PM,24,320,730,,,1134
9/18/2017 9:00:00 PM,32,360,920,,,1135
9/19/2017 9:00:00 PM,29,380,1300,,,1136
9/20/2017 9:00:00 PM,31,480,1100,,,1137
9/21/2017 9:00:00 PM,35,,,,,1138
9/24/2017 9:00:00 PM,41,380,860,,,1139
9/25/2017 9:00:00 PM,38,,,,,1140
9/26/2017 9:00:00 PM,40,,,,,1141
2/5/2018 8:00:00 PM,37,400,800,0.01,65,1142
2/6/2018 8:00:00 PM,34,490,920,,,1143
2/7/2018 8:00:00 PM,31,360,850,,,1144
2/8/2018 8:00:00 PM,51,340,890,,,1145
2/11/2018 8:00:00 PM,45,610,880,,,1146
2/12/2018 8:00:00 PM,47,640,1700,,,1147
2/13/2018 8:00:00 PM,40,400,1000,,,1148
2/14/2018 8:00:00 PM,41,550,1000,,,1149
2/15/2018 8:00:00 PM,39,600,990,,,1150
11/16/2017 8:00:00 PM,38,350,860,,,1151
11/19/2017 8:00:00 PM,41,340,900,,,1152
11/20/2017 8:00:00 PM,40,290,900,,,1153
11/21/2017 8:00:00 PM,45,360,1100,,,1154
11/22/2017 8:00:00 PM,38,430,940,,,1155
11/23/2017 8:00:00 PM,43,380,890,,,1156
11/26/2017 8:00:00 PM,49,300,870,,,1157
11/27/2017 8:00:00 PM,50,430,840,0.01,53,1158
11/28/2017 8:00:00 PM,42,350,890,,,1159
11/29/2017 8:00:00 PM,42,360,950,,,1160
11/30/2017 8:00:00 PM,45,470,1100,,,1161
12/3/2017 8:00:00 PM,13,140,360,,,1162
12/4/2017 8:00:00 PM,29,280,590,,,1163
12/5/2017 8:00:00 PM,29,340,840,,,1164
12/6/2017 8:00:00 PM,39,350,740,,,1165
6/25/2017 9:00:00 PM,50,320,850,,,1166
6/26/2017 9:00:00 PM,45,330,960,,,1167
6/27/2017 9:00:00 PM,48,370,960,0.01,58,1168
6/28/2017 9:00:00 PM,47,300,920,,,1169
6/29/2017 9:00:00 PM,52,310,890,,,1170
7/2/2017 9:00:00 PM,44,350,820,,,1171
7/3/2017 9:00:00 PM,49,300,830,,,1172
7/4/2017 9:00:00 PM,37,240,860,,,1173
7/5/2017 9:00:00 PM,30,320,910,,,1174
7/6/2017 9:00:00 PM,48,320,920,,,1175
7/9/2017 9:00:00 PM,36,300,820,0.01,66,1176
7/10/2017 9:00:00 PM,45,310,860,,,1177
7/11/2017 9:00:00 PM,40,320,880,,,1178
7/12/2017 9:00:00 PM,51,340,970,,,1179
7/13/2017 9:00:00 PM,40,320,980,,,1180
7/16/2017 9:00:00 PM,42,340,780,,,1181
7/17/2017 9:00:00 PM,50,340,920,,,1182
7/18/2017 9:00:00 PM,50,340,1100,,,1183
6/17/2018 9:00:00 PM,23,240,560,,,1184
6/18/2018 9:00:00 PM,29,300,720,,,1185
6/19/2018 9:00:00 PM,42,340,790,,,1186
6/20/2018 9:00:00 PM,38,320,780,,,1187
6/21/2018 9:00:00 PM,33,320,970,,,1188
6/24/2018 9:00:00 PM,35,320,790,,,1189
6/25/2018 9:00:00 PM,30,340,1000,,,1190
6/26/2018 9:00:00 PM,45,450,790,0.01,56,1191
6/27/2018 9:00:00 PM,46,560,1000,,,1192
6/28/2018 9:00:00 PM,38,550,890,,,1193
7/1/2018 9:00:00 PM,36,340,870,,,1194
7/2/2018 9:00:00 PM,41,360,1100,,,1195
7/3/2018 9:00:00 PM,38,420,1000,,,1196
7/4/2018 9:00:00 PM,32,500,1100,,,1197
7/5/2018 9:00:00 PM,47,590,1200,,,1198
7/8/2018 9:00:00 PM,53,320,820,0.01,65,1199
7/9/2018 9:00:00 PM,54,290,930,,,1200
12/20/2018 8:00:00 PM,32,360,850,,,1201
1/6/2019 8:00:00 PM,68,330,930,,,1202
1/7/2019 8:00:00 PM,34,320,970,,,1203
1/8/2019 8:00:00 PM,32,310,810,,,1204
1/9/2019 8:00:00 PM,33,340,810,0.01,60,1205
1/10/2019 8:00:00 PM,35,350,850,,,1206
1/13/2019 8:00:00 PM,39,280,720,,,1207
1/14/2019 8:00:00 PM,35,300,810,,,1208
1/15/2019 8:00:00 PM,29,330,860,,,1209
1/16/2019 8:00:00 PM,34,360,880,,,1210
1/17/2019 8:00:00 PM,36,350,880,,,1211
1/20/2019 8:00:00 PM,34,300,710,,,1212
1/21/2019 8:00:00 PM,35,320,760,0.01,58,1213
1/22/2019 8:00:00 PM,39,370,1000,,,1214
1/23/2019 8:00:00 PM,37,370,870,,,1215
1/25/2019 8:00:00 PM,41,,,,,1216
1/28/2019 8:00:00 PM,49,260,680,,,1217
1/29/2019 8:00:00 PM,45,310,870,,,1218
1/30/2019 8:00:00 PM,36,320,880,,,1219
1/31/2019 8:00:00 PM,41,320,870,,,1220
2/3/2019 8:00:00 PM,44,330,800,,,1221
2/4/2019 8:00:00 PM,39,280,800,0.01,65,1222
2/5/2019 8:00:00 PM,36,360,940,,,1223
2/6/2019 8:00:00 PM,31,360,920,,,1224
4/1/2019 8:00:00 PM,35,350,770,0.01,58,1225
2/7/2019 8:00:00 PM,36,350,840,,,1226
2/10/2019 8:00:00 PM,44,300,780,,,1227
2/11/2019 8:00:00 PM,41,350,930,,,1228
4/2/2019 8:00:00 PM,50,400,940,,,1229
9/19/2018 9:00:00 PM,35,,,,,1230
2/12/2019 8:00:00 PM,32,370,880,,,1231
4/3/2019 8:00:00 PM,27,360,1000,,,1232
9/20/2018 9:00:00 PM,36,350,990,0.01,62,1233
2/13/2019 8:00:00 PM,36,310,1300,,,1234
4/4/2019 8:00:00 PM,37,350,770,,,1235
9/23/2018 9:00:00 PM,39,380,980,,,1236
2/14/2019 8:00:00 PM,32,360,900,,,1237
4/7/2019 9:00:00 PM,45,260,680,,,1238
9/24/2018 9:00:00 PM,48,340,920,,,1239
2/17/2019 8:00:00 PM,37,350,980,,,1240
2/18/2019 8:00:00 PM,40,360,940,,,1241
2/19/2019 8:00:00 PM,37,370,930,,,1242
2/20/2019 8:00:00 PM,38,380,940,0.01,70,1243
2/21/2019 8:00:00 PM,42,530,1100,,,1244
2/24/2019 8:00:00 PM,41,370,830,,,1245
2/25/2019 8:00:00 PM,34,330,970,,,1246
2/26/2019 8:00:00 PM,37,290,900,,,1247
2/27/2019 8:00:00 PM,35,520,1100,,,1248
2/28/2019 8:00:00 PM,49,440,930,,,1249
3/3/2019 8:00:00 PM,46,350,870,,,1250
3/4/2019 8:00:00 PM,50,360,840,0.03,70,1251
3/5/2019 8:00:00 PM,38,330,820,,,1252
3/6/2019 8:00:00 PM,22,370,790,,,1253
3/7/2019 8:00:00 PM,31,390,920,,,1254
3/8/2019 8:00:00 PM,35,,,,,1255
3/11/2019 8:00:00 PM,49,350,1000,,,1256
3/12/2019 8:00:00 PM,25,390,980,,,1257
3/13/2019 8:00:00 PM,27,350,850,,,1258
3/14/2019 8:00:00 PM,31,290,780,,,1259
3/17/2019 8:00:00 PM,32,280,640,,,1260
3/18/2019 8:00:00 PM,45,330,830,,,1261
3/19/2019 8:00:00 PM,38,340,960,,,1262
3/20/2019 8:00:00 PM,37,450,1100,0.01,72,1263
3/21/2019 8:00:00 PM,40,440,1100,,,1264
3/24/2019 8:00:00 PM,38,300,820,,,1265
3/25/2019 8:00:00 PM,37,310,950,,,1266
3/26/2019 8:00:00 PM,37,420,890,,,1267
3/27/2019 8:00:00 PM,35,420,910,,,1268
3/28/2019 8:00:00 PM,35,410,1000,,,1269
3/31/2019 8:00:00 PM,35,280,720,,,1270
4/8/2019 9:00:00 PM,37,350,1000,,,1271
9/25/2018 9:00:00 PM,35,360,980,,,1272
4/9/2019 9:00:00 PM,48,340,,,,1273
9/26/2018 9:00:00 PM,41,360,910,,,1274
4/10/2019 9:00:00 PM,42,380,840,,,1275
9/28/2018 9:00:00 PM,39,,,,,1276
4/11/2019 9:00:00 PM,38,320,650,,,1277
9/30/2018 9:00:00 PM,44,300,790,,,1278
4/14/2019 9:00:00 PM,45,260,660,0.05,60,1279
10/1/2018 9:00:00 PM,35,300,830,,,1280
4/15/2019 9:00:00 PM,40,300,670,,,1281
10/2/2018 9:00:00 PM,44,410,1000,0.01,63,1282
4/16/2019 9:00:00 PM,36,340,680,,,1283
10/3/2018 9:00:00 PM,41,310,1100,,,1284
4/17/2019 9:00:00 PM,38,300,930,,,1285
10/4/2018 9:00:00 PM,40,260,900,,,1286
4/19/2019 9:00:00 PM,33,,,,,1287
10/7/2018 8:00:00 PM,36,360,900,,,1288
4/22/2019 9:00:00 PM,42,270,780,,,1289
10/8/2018 8:00:00 PM,35,340,,,,1290
4/25/2019 9:00:00 PM,46,300,890,,,1291
10/9/2018 8:00:00 PM,44,370,960,,,1292
4/28/2019 9:00:00 PM,50,260,730,,,1293
10/10/2018 8:00:00 PM,46,340,920,,,1294
4/29/2019 9:00:00 PM,40,250,770,,,1295
4/30/2019 9:00:00 PM,41,270,750,,,1296
10/11/2018 8:00:00 PM,38,330,870,,,1297
5/1/2019 9:00:00 PM,43,320,880,0.04,61,1298
10/14/2018 8:00:00 PM,43,320,780,0.05,70,1299
5/2/2019 9:00:00 PM,49,330,780,,,1300
10/15/2018 8:00:00 PM,49,340,1200,,,1301
5/5/2019 9:00:00 PM,48,220,780,,,1302
10/16/2018 8:00:00 PM,47,350,960,,,1303
5/6/2019 9:00:00 PM,48,280,840,,,1304
10/17/2018 8:00:00 PM,45,340,850,,,1305
5/7/2019 9:00:00 PM,34,310,950,,,1306
10/18/2018 8:00:00 PM,41,340,880,,,1307
5/8/2019 9:00:00 PM,46,360,920,,,1308
10/21/2018 8:00:00 PM,45,340,820,,,1309
5/9/2019 9:00:00 PM,40,290,990,,,1310
10/22/2018 8:00:00 PM,31,370,940,,,1311
5/12/2019 9:00:00 PM,43,330,830,,,1312
10/23/2018 8:00:00 PM,43,350,1100,,,1313
5/13/2019 9:00:00 PM,39,250,750,,,1314
10/24/2018 8:00:00 PM,42,310,1200,,,1315
5/14/2019 9:00:00 PM,44,340,930,0.01,66,1316
10/25/2018 8:00:00 PM,42,350,1000,,,1317
5/15/2019 9:00:00 PM,50,310,880,,,1318
10/28/2018 8:00:00 PM,50,330,810,,,1319
5/16/2019 9:00:00 PM,38,330,910,,,1320
10/29/2018 8:00:00 PM,37,330,930,,,1321
5/19/2019 9:00:00 PM,40,270,700,,,1322
10/30/2018 8:00:00 PM,40,350,1100,0.1,66,1323
5/20/2019 9:00:00 PM,41,330,800,,,1324
10/31/2018 8:00:00 PM,25,,,,,1325
5/21/2019 9:00:00 PM,34,280,880,,,1326
11/1/2018 8:00:00 PM,27,,,,,1327
5/22/2019 9:00:00 PM,35,300,720,,,1328
11/4/2018 8:00:00 PM,39,,,,,1329
5/23/2019 9:00:00 PM,32,310,740,,,1330
11/6/2018 8:00:00 PM,21,,,,,1331
5/26/2019 9:00:00 PM,26,190,610,0.01,48,1332
11/7/2018 8:00:00 PM,35,,,,,1333
5/27/2019 9:00:00 PM,24,200,560,,,1334
11/8/2018 8:00:00 PM,33,320,760,,,1335
5/28/2019 9:00:00 PM,24,260,620,,,1336
11/12/2018 8:00:00 PM,35,340,830,,,1337
5/29/2019 9:00:00 PM,28,280,680,,,1338
11/15/2018 8:00:00 PM,41,310,920,,,1339
5/30/2019 9:00:00 PM,19,170,640,,,1340
11/18/2018 8:00:00 PM,39,350,910,,,1341
6/2/2019 9:00:00 PM,29,230,800,,,1342
11/19/2018 8:00:00 PM,31,320,1100,,,1343
6/3/2019 9:00:00 PM,33,180,720,,,1344
11/20/2018 8:00:00 PM,34,310,1000,,,1345
6/4/2019 9:00:00 PM,38,260,750,,,1346
11/22/2018 8:00:00 PM,28,280,680,,,1347
6/5/2019 9:00:00 PM,35,300,980,,,1348
11/25/2018 8:00:00 PM,30,330,720,,,1349
6/6/2019 9:00:00 PM,39,320,920,,,1350
11/26/2018 8:00:00 PM,35,340,930,0.01,63,1351
6/7/2019 9:00:00 PM,39,,,,,1352
11/27/2018 8:00:00 PM,31,300,900,,,1353
6/10/2019 9:00:00 PM,39,320,790,,,1354
11/28/2018 8:00:00 PM,43,340,960,,,1355
6/11/2019 9:00:00 PM,44,260,870,,,1356
11/29/2018 8:00:00 PM,44,340,940,,,1357
6/12/2019 9:00:00 PM,43,230,780,,,1358
12/2/2018 8:00:00 PM,25,290,1200,,,1359
6/13/2019 9:00:00 PM,43,300,810,0.01,65,1360
12/3/2018 8:00:00 PM,46,320,820,,,1361
6/16/2019 9:00:00 PM,45,330,770,,,1362
12/4/2018 8:00:00 PM,45,330,920,,,1363
6/17/2019 9:00:00 PM,47,270,760,,,1364
12/5/2018 8:00:00 PM,38,330,870,,,1365
6/18/2019 9:00:00 PM,44,270,870,,,1366
12/6/2018 8:00:00 PM,27,360,870,,,1367
6/19/2019 9:00:00 PM,46,360,1000,,,1368
12/9/2018 8:00:00 PM,56,330,920,,,1369
6/20/2019 9:00:00 PM,28,310,660,,,1370
12/10/2018 8:00:00 PM,47,390,930,0.01,69,1371
6/24/2019 9:00:00 PM,40,250,700,,,1372
12/11/2018 8:00:00 PM,40,350,1100,,,1373
6/25/2019 9:00:00 PM,47,260,860,0.01,64,1374
12/12/2018 8:00:00 PM,34,320,990,,,1375
6/26/2019 9:00:00 PM,46,300,900,,,1376
6/27/2019 9:00:00 PM,31,270,910,,,1377
12/13/2018 8:00:00 PM,23,300,740,,,1378
12/16/2018 8:00:00 PM,32,230,640,,,1379
12/17/2018 8:00:00 PM,30,290,750,,,1380
12/18/2018 8:00:00 PM,35,330,970,,,1381
12/19/2018 8:00:00 PM,32,330,890,,,1382
